-- phpMyAdmin SQL Dump
-- version 4.0.10.15
-- http://www.phpmyadmin.net
--
-- Servidor: localhost
-- Tiempo de generación: 13-07-2016 a las 19:39:30
-- Versión del servidor: 5.6.26-log
-- Versión de PHP: 5.6.10

SET SQL_MODE = "NO_AUTO_VALUE_ON_ZERO";
SET time_zone = "+00:00";


/*!40101 SET @OLD_CHARACTER_SET_CLIENT=@@CHARACTER_SET_CLIENT */;
/*!40101 SET @OLD_CHARACTER_SET_RESULTS=@@CHARACTER_SET_RESULTS */;
/*!40101 SET @OLD_COLLATION_CONNECTION=@@COLLATION_CONNECTION */;
/*!40101 SET NAMES utf8 */;

--
-- Base de datos: `c2000031_vianda_`
--

-- --------------------------------------------------------

--
-- Estructura de tabla para la tabla `alimento`
--

CREATE TABLE IF NOT EXISTS `alimento` (
  `id` int(11) NOT NULL AUTO_INCREMENT,
  `nombre` varchar(45) DEFAULT NULL,
  `descripcion` varchar(45) DEFAULT NULL,
  `tipo_alimento_id` int(11) NOT NULL,
  `created_at` timestamp NULL DEFAULT NULL,
  `updated_at` timestamp NULL DEFAULT NULL,
  `deleted_at` timestamp NULL DEFAULT NULL,
  PRIMARY KEY (`id`),
  KEY `fk_alimento_tipo_alimento1_idx` (`tipo_alimento_id`)
) ENGINE=InnoDB  DEFAULT CHARSET=latin1 AUTO_INCREMENT=57 ;

--
-- Volcado de datos para la tabla `alimento`
--

INSERT INTO `alimento` (`id`, `nombre`, `descripcion`, `tipo_alimento_id`, `created_at`, `updated_at`, `deleted_at`) VALUES
(1, 'Lechuga', 'Verduras', 7, NULL, '2016-02-13 00:26:05', NULL),
(2, 'Berenjena', 'Verduras', 7, '2015-10-15 08:13:55', '2016-02-13 00:26:34', NULL),
(3, 'Zanahoria', 'Verduras', 7, '2015-10-20 15:56:18', '2016-02-13 00:27:00', NULL),
(4, 'Esparragos', 'Verduras', 7, '2016-02-10 06:11:04', '2016-02-13 00:27:18', NULL),
(5, 'Tomate', 'Verduras', 7, '2016-02-13 00:27:38', '2016-02-13 00:27:38', NULL),
(6, 'Cebolla', 'Verduras', 7, '2016-02-13 00:27:53', '2016-02-13 00:27:53', NULL),
(7, 'Pepino', 'Verduras', 7, '2016-02-13 00:28:10', '2016-02-13 00:28:10', NULL),
(9, 'Pimiento', 'Verduras', 7, '2016-02-13 00:28:34', '2016-02-13 00:37:52', NULL),
(10, 'Achicoria', 'Verduras', 7, '2016-02-13 00:29:57', '2016-02-13 00:29:57', NULL),
(11, 'Coliflor', 'Verduras', 7, '2016-02-13 00:30:47', '2016-02-13 00:30:47', NULL),
(12, 'Ajo', 'Verduras', 7, '2016-02-13 00:31:07', '2016-02-13 00:31:07', NULL),
(13, 'Berro', 'Verduras', 7, '2016-02-13 00:31:28', '2016-02-13 00:31:28', NULL),
(14, 'Acelga', 'Verduras', 7, '2016-02-13 00:31:59', '2016-02-13 00:31:59', NULL),
(15, 'Champignon', 'Verduras', 7, '2016-02-13 00:32:25', '2016-02-13 00:32:25', NULL),
(16, 'Calabaza', 'Verduras', 7, '2016-02-13 00:32:45', '2016-02-13 00:32:45', NULL),
(17, 'Remolacha', 'Verduras', 7, '2016-02-13 00:33:01', '2016-02-13 00:33:01', NULL),
(18, 'Apio', 'Verduras', 7, '2016-02-13 00:33:16', '2016-02-13 00:33:16', NULL),
(19, 'Espinaca', 'Verduras', 7, '2016-02-13 00:33:43', '2016-02-13 00:33:43', NULL),
(20, 'Zapallo', 'Verduras', 7, '2016-02-13 00:34:04', '2016-02-13 00:34:04', NULL),
(21, 'Huevo', 'Verduras', 7, '2016-02-13 00:34:24', '2016-02-13 00:34:24', NULL),
(22, 'Choclo', 'Verduras', 7, '2016-02-13 00:34:45', '2016-02-13 00:34:45', NULL),
(23, 'Batata', 'Verduras', 7, '2016-02-13 00:34:59', '2016-02-13 00:34:59', NULL),
(24, 'Papa', 'Verduras', 7, '2016-02-13 00:35:12', '2016-02-13 00:35:12', NULL),
(25, 'Brotes de soja', 'Verduras', 7, '2016-02-13 00:35:30', '2016-02-13 00:35:30', NULL),
(26, 'Brocoli', 'Verduras', 7, '2016-02-13 00:35:49', '2016-02-13 00:35:49', NULL),
(27, 'Morron', 'Verduras', 7, '2016-02-13 00:36:00', '2016-02-13 00:36:00', NULL),
(28, 'Rucula', 'Verduras', 7, '2016-02-13 00:36:17', '2016-02-13 00:36:17', NULL),
(29, 'Chaucha', 'Verduras', 7, '2016-02-13 00:36:32', '2016-02-13 00:36:32', NULL),
(30, 'Repollo', 'Verduras', 7, '2016-02-13 00:36:47', '2016-02-13 00:36:47', NULL),
(31, 'Garbanzo', '', 6, '2016-02-13 00:37:06', '2016-02-13 00:37:06', NULL),
(32, 'Lenteja', '', 6, '2016-02-13 00:37:27', '2016-02-13 00:37:27', NULL),
(33, 'Soja', '', 6, '2016-02-13 00:38:06', '2016-02-13 00:38:06', NULL),
(34, 'Arveja', '', 6, '2016-02-13 00:38:25', '2016-02-13 00:38:25', NULL),
(36, 'Poroto', '', 6, '2016-02-13 00:38:40', '2016-02-13 00:38:40', NULL),
(37, 'Carnes rojas', '', 3, '2016-02-13 00:39:01', '2016-02-13 00:39:19', NULL),
(38, 'Pollo', '', 3, '2016-02-13 00:40:06', '2016-02-13 00:40:06', NULL),
(39, 'Pescado de Mar', '', 4, '2016-02-13 00:40:54', '2016-02-13 20:54:47', NULL),
(40, 'Pescado de Rio', '', 4, '2016-02-13 00:41:15', '2016-02-13 20:55:34', NULL),
(41, 'Cerdo', '', 3, '2016-02-13 00:41:45', '2016-02-13 00:41:45', NULL),
(42, 'Tallarines', '', 5, '2016-02-13 00:42:01', '2016-02-13 00:42:01', NULL),
(43, 'Ravioles', '', 5, '2016-02-13 00:42:14', '2016-02-13 00:42:14', NULL),
(44, 'Ñoquis', '', 5, '2016-02-13 00:42:30', '2016-02-13 00:42:30', NULL),
(45, 'Sorrentinos', '', 5, '2016-02-13 00:42:42', '2016-02-13 00:42:42', NULL),
(46, 'Capeletinis', '', 5, '2016-02-13 00:42:58', '2016-02-13 00:42:58', NULL),
(47, 'Agnolotis', '', 5, '2016-02-13 00:43:12', '2016-02-13 00:43:12', NULL),
(48, 'Canelones de Verdura', '', 5, '2016-02-13 00:43:44', '2016-02-13 21:17:58', NULL),
(49, 'Canelones de Pescado', '', 5, '2016-02-13 00:43:46', '2016-02-13 21:18:23', NULL),
(50, 'Canelones de Ricota', '', 5, '2016-02-13 00:44:02', '2016-02-13 21:18:46', NULL),
(51, 'Lasgna', '', 5, '2016-02-13 00:44:19', '2016-02-13 00:44:19', NULL),
(52, 'Aceituna', '', 6, '2016-02-17 15:24:16', '2016-02-17 15:24:16', NULL),
(53, 'Queso Cremoso', '', 12, '2016-02-17 16:53:15', '2016-02-17 16:53:15', NULL),
(54, 'Queso tybo', '', 12, '2016-02-17 16:53:27', '2016-02-17 16:53:27', NULL),
(55, 'Ricotta', '', 12, '2016-02-17 16:53:38', '2016-02-17 16:53:38', NULL),
(56, 'Jamon', '', 12, '2016-02-17 16:53:47', '2016-02-17 16:53:47', NULL);

-- --------------------------------------------------------

--
-- Estructura de tabla para la tabla `cadete`
--

CREATE TABLE IF NOT EXISTS `cadete` (
  `id` int(11) NOT NULL AUTO_INCREMENT,
  `nombre` varchar(255) NOT NULL,
  `apellido` varchar(255) NOT NULL,
  `telefono` varchar(11) NOT NULL,
  `email` varchar(11) NOT NULL,
  `created_at` datetime NOT NULL,
  `updated_at` datetime NOT NULL,
  PRIMARY KEY (`id`)
) ENGINE=InnoDB  DEFAULT CHARSET=latin1 AUTO_INCREMENT=9 ;

--
-- Volcado de datos para la tabla `cadete`
--

INSERT INTO `cadete` (`id`, `nombre`, `apellido`, `telefono`, `email`, `created_at`, `updated_at`) VALUES
(6, 'Martin', 'Cadete', '15589919', '', '2016-03-04 20:14:00', '2016-03-04 20:14:00'),
(7, 'Alexis', 'Cadete', '15523892', '', '2016-03-04 20:14:50', '2016-03-04 20:14:50'),
(8, 'Yanina', 'Cadete', '', '', '2016-03-04 20:17:53', '2016-05-31 21:00:06');

-- --------------------------------------------------------

--
-- Estructura de tabla para la tabla `cliente`
--

CREATE TABLE IF NOT EXISTS `cliente` (
  `id` int(11) NOT NULL AUTO_INCREMENT,
  `nombre` varchar(45) DEFAULT NULL,
  `apellido` varchar(45) DEFAULT NULL,
  `dni` int(11) DEFAULT NULL,
  `domicilio` varchar(45) DEFAULT NULL,
  `telefono` varchar(255) NOT NULL,
  `email` varchar(45) DEFAULT NULL,
  `estado_deuda` varchar(45) DEFAULT NULL,
  `valor_deuda` varchar(45) DEFAULT NULL,
  `estado` varchar(45) DEFAULT NULL,
  `deleted_at` timestamp NULL DEFAULT NULL,
  `updated_at` timestamp NULL DEFAULT NULL,
  `created_at` timestamp NOT NULL DEFAULT '0000-00-00 00:00:00',
  `idlocalidad` int(11) NOT NULL,
  `idempresa` int(11) DEFAULT NULL,
  `envio` int(11) NOT NULL DEFAULT '0',
  PRIMARY KEY (`id`),
  KEY `fk_emp_idx` (`idempresa`),
  KEY `fk_loca_idx` (`idlocalidad`)
) ENGINE=InnoDB  DEFAULT CHARSET=latin1 AUTO_INCREMENT=360 ;

--
-- Volcado de datos para la tabla `cliente`
--

INSERT INTO `cliente` (`id`, `nombre`, `apellido`, `dni`, `domicilio`, `telefono`, `email`, `estado_deuda`, `valor_deuda`, `estado`, `deleted_at`, `updated_at`, `created_at`, `idlocalidad`, `idempresa`, `envio`) VALUES
(18, 'Valentina', 'Monzon', 0, 'Rivadavia n° 333', '15627444', 'valentinamonzon66@gmail.com', NULL, NULL, NULL, NULL, '2016-02-13 20:46:24', '2016-02-13 20:46:24', 3, NULL, 0),
(19, 'Leonor', 'Degusti', 0, 'Rivadavia n° 1554', '428743', '', NULL, NULL, NULL, NULL, '2016-04-24 22:17:05', '2016-02-13 20:50:22', 3, NULL, 1),
(20, 'Juan Manuel', 'Bocco', 0, 'Iriondo n° 949', '0342-155366786', 'jmbocconicuesa@gmail.com', NULL, NULL, NULL, NULL, '2016-02-13 21:02:03', '2016-02-13 21:02:03', 3, NULL, 0),
(21, 'Hilda', 'Buyatti', 0, 'Freyre n° 457', '15417212', '', NULL, NULL, NULL, NULL, '2016-02-13 21:03:19', '2016-02-13 21:03:19', 3, NULL, 0),
(22, 'Micaela', 'Berzero', 0, 'Club de campo "LA RURAL"', '15542229', 'micaelaberzero@hotmail.com', NULL, NULL, NULL, NULL, '2016-02-27 01:03:30', '2016-02-13 21:03:49', 3, NULL, 0),
(24, 'Amelia y Abel', 'Cian', 0, 'Rivadavia n° 955', '0342-154352658', '', NULL, NULL, NULL, NULL, '2016-05-26 02:36:10', '2016-02-13 21:11:59', 3, NULL, 0),
(25, 'Natalia', 'Villalba', 0, 'Lucas Funes n° 759 (depto 3)', '15419557', 'natlalo@hotmail.com', NULL, NULL, NULL, NULL, '2016-02-13 21:21:54', '2016-02-13 21:21:54', 3, NULL, 1),
(26, 'Juan Carlos', 'Casanova', 0, 'Pueyrredon n° 1010 (puerta blanca)', '15449100 - 15569031', '', NULL, NULL, NULL, NULL, '2016-03-04 01:14:25', '2016-02-13 21:25:28', 3, NULL, 0),
(27, 'Yamila', 'Marega', 0, 'Freyre n° 1286', '15652480', 'yami_m007@hotmail.com', NULL, NULL, NULL, NULL, '2016-02-13 21:26:45', '2016-02-13 21:26:45', 3, NULL, 0),
(28, 'Claudia', 'Buyatti', 0, 'Obligado n° 1072', '15406158', '', NULL, NULL, NULL, NULL, '2016-02-13 21:30:13', '2016-02-13 21:30:13', 3, NULL, 0),
(29, 'Marilin', 'Velazquez', 0, 'Brown n° 1643', '15311237', 'marilinluz2009@hotmail.com', NULL, NULL, NULL, NULL, '2016-02-13 21:34:03', '2016-02-13 21:34:03', 3, NULL, 0),
(30, 'Analia', 'Muchut', 0, 'Calle 13 n° 984', '15303288', 'manalia@trcnet.com.ar', NULL, NULL, NULL, NULL, '2016-02-17 15:32:58', '2016-02-13 21:35:18', 1, NULL, 1),
(31, 'Mercedes', 'Domingorena', 0, 'Iriondo n° 141', '426691 - 15440396', 'mdomingorena@hotmail.com', NULL, NULL, NULL, '2016-05-14 23:29:34', '2016-05-14 23:29:34', '2016-02-13 21:36:33', 3, NULL, 0),
(32, 'Maria Claudia', 'Nallip', 0, 'Obligado n° 1437 o Escuela Comercio', '421203 - 15633071', 'mcnallip@trcnet.com.ar', NULL, NULL, NULL, NULL, '2016-04-23 02:31:57', '2016-02-13 21:38:06', 3, NULL, 1),
(33, 'Marta', 'Obregon', 0, '25 de mayo n°  (clinica del ojo)', '15415110', 'marta_colombo@hotmail.com', NULL, NULL, NULL, '2016-04-22 15:57:37', '2016-04-22 15:57:37', '2016-02-13 21:39:58', 3, NULL, 1),
(34, 'Silvana', 'Lucci', 0, 'Lucas Funes n° 963', '421981 - 15441887', 'sileliza2007@hotmail.com', NULL, NULL, NULL, NULL, '2016-03-04 15:44:21', '2016-02-13 21:41:20', 3, NULL, 0),
(37, 'Hermelinda', 'Aguilar', 0, 'Pasaje 23-25 n° 2046 (b° parque)', '426580 - 15635472', '', NULL, NULL, NULL, NULL, '2016-02-27 17:07:30', '2016-02-13 21:46:39', 3, NULL, 1),
(38, 'Yina', 'Yapurt', 0, 'Bolivar n° 569', '429183', '', NULL, NULL, NULL, '2016-04-22 15:58:59', '2016-04-22 15:58:59', '2016-02-17 14:16:46', 3, NULL, 1),
(39, 'Norberto Luis', 'Diaz', 0, 'Mitre 1366', '421478 - 15620803', 'beto.diaz@vicentin.com.ar', NULL, NULL, NULL, '2016-05-26 02:41:46', '2016-05-26 02:41:46', '2016-02-17 14:22:11', 3, NULL, 0),
(40, 'Beatriz Susana', 'Cabas', 0, 'mi', '421478 - 15405085', '', NULL, NULL, NULL, '2016-04-21 23:52:34', '2016-04-21 23:52:34', '2016-02-17 15:07:11', 3, NULL, 0),
(41, 'Juliana', 'Venica', 0, '', '15538080', 'julivenica@hotmail.como', NULL, NULL, NULL, '2016-04-22 15:57:18', '2016-04-22 15:57:18', '2016-02-17 15:09:58', 3, NULL, 0),
(42, 'Nicolas', 'Venica', 0, 'Amenabar nº 380', '15429659', 'nicolasmvenica@hotmail.com', NULL, NULL, NULL, '2016-04-22 15:57:53', '2016-04-22 15:57:53', '2016-02-17 15:38:43', 3, NULL, 0),
(43, 'Marianela', 'Barreta', 0, 'Obliado nº 952 1ª "A" - laboral: roca nº 925 ', '03492-15676933', 'mbarretta@santanderrio.com.ar', NULL, NULL, NULL, '2016-04-21 23:52:02', '2016-04-21 23:52:02', '2016-02-17 15:44:45', 3, NULL, 1),
(44, 'Maria Rosa', 'Yapur', 0, '25 de mayo nº 669', '429119 - 15533141', 'mariarosayapur@hotmail.com', NULL, NULL, NULL, NULL, '2016-02-27 01:05:58', '2016-02-17 15:46:02', 3, NULL, 0),
(45, 'Solange', 'Capozzolo', 0, 'Obligado nª952 Dpto 3ª  "B"', '15695496', 'solcapozzolo@hotmail.com', NULL, NULL, NULL, NULL, '2016-02-17 15:48:45', '2016-02-17 15:48:45', 3, NULL, 0),
(46, 'Alejandra', 'Segretin', 0, 'Brown nº 1747', '15559607', 'azorzon@trcnet.com.ar', NULL, NULL, NULL, '2016-03-04 16:17:11', '2016-03-04 16:17:11', '2016-02-17 15:51:01', 3, NULL, 0),
(47, 'Carina', 'Monserrat', 0, 'Pasaje 14/16 nª 2132 (en frente vecinal bª ch', '422323', 'carinagabriela@live.com', NULL, NULL, NULL, '2016-03-04 15:49:39', '2016-03-04 15:49:39', '2016-02-17 15:53:46', 3, NULL, 1),
(48, 'Agostina', 'Habegger', 0, 'Constituyente nª 1340 (pasillo)', '15671106', '', NULL, NULL, NULL, '2016-03-04 15:38:21', '2016-03-04 15:38:21', '2016-02-17 15:55:02', 3, NULL, 1),
(49, 'Natalia', 'Fabbro', 0, 'Iturraspe nº 1559', '15536778', 'natyfab@hotmail.com', NULL, NULL, NULL, '2016-03-04 15:17:11', '2016-03-04 15:17:11', '2016-02-17 15:58:12', 3, NULL, 0),
(50, 'Jose', 'Muchiut', 0, '', '15310632', '', NULL, NULL, NULL, NULL, '2016-02-17 15:59:53', '2016-02-17 15:59:53', 3, NULL, 0),
(51, 'Ernesto', 'Gallo', 0, 'mzna 3 casa 49 planta bara (bº 314 viviendas)', '', '', NULL, NULL, NULL, NULL, '2016-05-26 03:45:15', '2016-02-17 16:01:17', 3, NULL, 1),
(52, 'Raul', 'Fabrisin', 0, 'Roca Nº 1196', '420709', '', NULL, NULL, NULL, '2016-04-22 15:59:58', '2016-04-22 15:59:58', '2016-02-17 16:01:45', 3, NULL, 0),
(53, 'Giovanna', 'salami', 0, 'Patricio Diez Nº 175', '15583179', 'giovanna.s89@hotmail.com', NULL, NULL, NULL, '2016-03-04 16:15:52', '2016-03-04 16:15:52', '2016-02-17 16:05:11', 3, NULL, 1),
(54, 'Raul', 'Cataño', 0, '', '', '', NULL, NULL, NULL, '2016-07-07 03:38:47', '2016-07-07 03:38:47', '2016-02-17 16:06:31', 3, NULL, 0),
(55, 'Maria Grisela', 'Grisela', 0, 'Olessio nº 2533 (bª obligado)', '15223560', 'mariagrisela@hotmail.com', NULL, NULL, NULL, NULL, '2016-05-14 23:22:21', '2016-02-17 16:08:27', 3, NULL, 0),
(56, 'Camila', 'Lovey', 0, 'Moreno Nª 1426', '428481 - 15534827', '', NULL, NULL, NULL, '2016-03-04 15:39:25', '2016-03-04 15:39:25', '2016-02-17 16:12:51', 3, NULL, 0),
(57, 'Miryan Mabel ', 'Mendoza de Longhi', 0, 'Obligado nº 276', '429707', '', NULL, NULL, NULL, '2016-04-22 15:42:14', '2016-04-22 15:42:14', '2016-02-17 16:15:18', 3, NULL, 1),
(58, 'Alberto', 'Buyatti', 0, 'Alvear Nº 667', '429382', '', NULL, NULL, NULL, '2016-07-07 03:36:43', '2016-07-07 03:36:43', '2016-02-17 16:17:38', 3, NULL, 0),
(59, 'Joana', 'Aldrian', 0, 'Roca Nº 944', '15601244', 'joa_aldrian@hotmail.com', NULL, NULL, NULL, '2016-04-21 23:51:31', '2016-04-21 23:51:31', '2016-02-17 16:19:15', 3, NULL, 1),
(60, 'Mauro', 'Buyatti', 0, 'Roca Nº 944', '15302111', 'mbuyatti@transatlantica.com.ar', NULL, NULL, NULL, '2016-04-21 23:53:16', '2016-04-21 23:53:16', '2016-02-17 16:21:22', 3, NULL, 1),
(63, 'Virginia ', 'Barreto', 0, 'Dispensario Bº Chapero', '', '', NULL, NULL, NULL, '2016-04-21 23:52:18', '2016-04-21 23:52:18', '2016-02-17 16:27:04', 3, NULL, 1),
(64, 'Viviana', 'Cisera', 0, 'Mitre Nº 786 (galeria del paseo)', '421572', '', NULL, NULL, NULL, NULL, '2016-05-31 23:40:07', '2016-02-17 16:28:29', 3, NULL, 1),
(66, 'Romina', 'Suarez', 0, 'Calle 85 Nº 237 (carmen luisa)', '15572018', '', NULL, NULL, NULL, '2016-03-04 16:17:26', '2016-03-04 16:17:26', '2016-02-17 16:35:07', 3, NULL, 1),
(67, 'Fabricio', 'Weiss', 0, 'Rivadavia Nª 157', '15237002', 'weissfabri@gmail.com', NULL, NULL, NULL, '2016-04-22 16:01:12', '2016-04-22 16:01:12', '2016-02-17 16:43:21', 3, NULL, 0),
(68, 'Maria Belen', 'De Mondesert', 0, '9 de Julio Nª 1055 (7ª piso)', '15651038', '', NULL, NULL, NULL, '2016-04-22 15:27:29', '2016-04-22 15:27:29', '2016-02-17 16:45:58', 3, NULL, 0),
(69, 'Gisela', 'Buyatti', 0, '25 de mayo nº 730', '15605413', 'gievebuy@hotmail.com', NULL, NULL, NULL, '2016-04-22 15:59:36', '2016-04-22 15:59:36', '2016-02-17 16:52:11', 3, NULL, 1),
(70, 'Alejandro', 'Alvarez', 0, 'Pasaje 24/26 Bis Nº 3054 (Bº Unidos)', '15448682', 'amalvarez@santafe.gov.ar', NULL, NULL, NULL, NULL, '2016-02-17 16:55:53', '2016-02-17 16:55:53', 3, NULL, 0),
(71, 'Andrea', 'Reyes', 0, 'Calle 83 nº 638 (bª lorenzon)', '15397213', 'andrealorenareyes@yahoo.com.ar', NULL, NULL, NULL, '2016-05-26 04:08:06', '2016-05-26 04:08:06', '2016-02-17 16:58:52', 3, NULL, 0),
(74, 'Luciana', 'Magi', 0, '', '', '', NULL, NULL, NULL, '2016-04-22 15:41:55', '2016-04-22 15:41:55', '2016-02-17 17:01:48', 3, NULL, 0),
(75, 'Leticia', 'Lorenzon', 0, '', '', '', NULL, NULL, NULL, '2016-05-14 23:14:12', '2016-05-14 23:14:12', '2016-02-17 17:03:51', 1, 2, 0),
(76, 'Ana Paula', 'Pietropaolo', 0, '', '15555513', 'anapietropaolo@hotmail.com', NULL, NULL, NULL, NULL, '2016-03-04 16:19:16', '2016-02-17 17:05:52', 3, NULL, 0),
(77, 'Rodri', 'Vera', 0, '', '15617267', 'rodrigosvera@hotmail.com', NULL, NULL, NULL, '2016-07-09 16:36:16', '2016-07-09 16:36:16', '2016-02-17 17:08:34', 3, NULL, 0),
(78, 'Angelica', 'Buyatti', 0, 'Belgrano nº 1081', '420473', '', NULL, NULL, NULL, '2016-05-14 23:27:19', '2016-05-14 23:27:19', '2016-02-17 17:12:59', 3, NULL, 1),
(79, 'Maria Ceciia', 'Aguirre', 0, 'Calle 22 Nº 933', '480228 - 15445960', 'mcecilia.aguirre@hotmail.com', NULL, NULL, NULL, '2016-04-21 23:51:45', '2016-04-21 23:51:45', '2016-02-17 17:14:23', 1, NULL, 0),
(81, 'Andrea', 'Chicharro', 0, 'Moreno Nº 1347', '15236503', 'andreachicharro@hotmail.com', NULL, NULL, NULL, NULL, '2016-02-17 17:15:55', '2016-02-17 17:15:55', 3, NULL, 0),
(82, 'Graciela', 'Farollch', 0, 'Pasaje 53/55 - Casa 111 (bª america)', '428628 - 15311296', '', NULL, NULL, NULL, '2016-07-07 03:47:49', '2016-07-07 03:47:49', '2016-02-17 17:19:58', 3, NULL, 0),
(83, 'Fernando', 'Gonzalez', 0, 'Lucas Funes Nº 229', '15204658', '', NULL, NULL, NULL, '2016-03-04 15:33:33', '2016-03-04 15:33:33', '2016-02-17 17:22:14', 3, NULL, 1),
(84, 'Rebeca', 'Bandeo', 0, 'Bolivar Nº 3036', '15311774', 'rebecabandeo@hotmail.com', NULL, NULL, NULL, NULL, '2016-02-17 17:25:04', '2016-02-17 17:25:04', 3, NULL, 0),
(85, 'Ariel', 'Borda', 0, 'Ituzaingo Nº 1521', '15628222', 'monoborda@hotmail.com', NULL, NULL, NULL, '2016-04-21 23:50:20', '2016-04-21 23:50:20', '2016-02-17 17:29:00', 3, NULL, 1),
(86, 'Anto', 'Scarel', 0, 'Ituzaingo Nº 1521', '', '', NULL, NULL, NULL, '2016-04-22 15:56:53', '2016-04-22 15:56:53', '2016-02-17 17:30:11', 3, NULL, 1),
(87, 'Sofia', 'Gueler', 0, 'Obligado Nª 1123 - piso 9', '0341 - 152524321', '', NULL, NULL, NULL, '2016-05-05 01:02:31', '2016-05-05 01:02:31', '2016-02-17 17:33:43', 3, NULL, 0),
(88, 'Maria del Carmen', 'Vicentin', 0, 'CAlle 16 Nº 468', '15443171', 'marivice@trcnet.com.ar', NULL, NULL, NULL, '2016-05-26 04:19:57', '2016-05-26 04:19:57', '2016-02-17 17:35:05', 1, NULL, 1),
(89, 'Sandra', 'Redigonda', 0, 'Rivadavia Nª 923', '15543329', 'redigondasandra@hotmail.com', NULL, NULL, NULL, NULL, '2016-02-17 17:36:38', '2016-02-17 17:36:38', 3, NULL, 0),
(90, 'Alicia', 'Forlin / Nahel', 0, '9 de Julio Nª 1310', '426038', 'organizacion.nea@hotmail.com', NULL, NULL, NULL, NULL, '2016-05-26 02:50:13', '2016-02-17 17:40:29', 3, NULL, 0),
(92, 'Alejandra', 'Gatti', 0, '', '', '', NULL, NULL, NULL, '2016-05-14 23:13:05', '2016-05-14 23:13:05', '2016-02-27 00:46:31', 1, 2, 0),
(93, 'Alejandro', 'Manzur', 0, '', '', '', NULL, NULL, NULL, '2016-05-14 23:14:27', '2016-05-14 23:14:27', '2016-02-27 00:46:59', 1, 2, 0),
(94, 'Miguel', 'Suligoy', 0, '', '', '', NULL, NULL, NULL, '2016-05-14 23:15:25', '2016-05-14 23:15:25', '2016-02-27 00:47:46', 1, 2, 0),
(95, 'Sergio', 'Nardelli', 0, '', '', '', NULL, NULL, NULL, '2016-05-14 23:14:58', '2016-05-14 23:14:58', '2016-02-27 00:48:10', 1, 2, 0),
(96, 'Beatriz', 'Vicentin', 0, '', '', '', NULL, NULL, NULL, '2016-05-14 23:15:41', '2016-05-14 23:15:41', '2016-02-27 00:48:41', 1, 2, 0),
(97, 'Adalberto', 'Cabral', 0, '', '', '', NULL, NULL, NULL, '2016-03-04 23:21:06', '2016-03-04 23:21:06', '2016-02-27 00:49:21', 1, 2, 0),
(98, 'Marcos', 'Fumo', 0, '', '', '', NULL, NULL, NULL, '2016-05-14 23:12:46', '2016-05-14 23:12:46', '2016-02-27 00:50:08', 1, 2, 0),
(99, 'Nino', 'Franzoy', 0, '', '', '', NULL, NULL, NULL, '2016-05-14 23:12:15', '2016-05-14 23:12:15', '2016-02-27 00:50:31', 1, 2, 0),
(100, 'Osvaldo', 'Fleitas', 0, '', '', '', NULL, NULL, NULL, '2016-05-14 23:11:55', '2016-05-14 23:11:55', '2016-02-27 00:50:55', 1, 2, 0),
(101, 'ICBC', 'Banco', 0, 'San Martin y Habegger', '', '', NULL, NULL, NULL, '2016-05-06 00:38:09', '2016-05-06 00:38:09', '2016-03-04 23:36:09', 3, 3, 0),
(102, 'Sandra ', 'Salame', 0, 'Roca n° 2315', '15647103', 'copitel@hotmail.com.ar', NULL, NULL, NULL, '2016-05-26 04:14:15', '2016-05-26 04:14:15', '2016-03-04 23:38:49', 3, NULL, 1),
(103, 'Jose', 'Isla', 0, 'San Martin 1019', '3482661622', 'islajose64@gmail.com', NULL, NULL, NULL, NULL, '2016-03-04 23:41:23', '2016-03-04 23:41:23', 3, NULL, 1),
(104, 'Mauricio', 'Martelossi', 0, 'Loteo Martelossi', '15577309', 'mdmartelossi@gmail.com', NULL, NULL, NULL, NULL, '2016-03-05 15:40:17', '2016-03-05 15:40:17', 3, NULL, 1),
(105, 'Gisela', 'Cainelli', 0, 'Mitre 1720 B° Parque', '15308038', '', NULL, NULL, NULL, '2016-04-22 15:26:58', '2016-04-22 15:26:58', '2016-03-05 15:45:16', 3, NULL, 1),
(106, 'Alicia', 'Vera', 0, 'Habegger n° 398', '15624465', 'alegahn@hotmail.com', NULL, NULL, NULL, '2016-04-22 15:58:13', '2016-04-22 15:58:13', '2016-03-06 15:37:05', 3, NULL, 0),
(107, 'Martin', 'Aupperle', 0, 'Belgrano n° 1141', '15644238', 'martin.aupperle@vicentin.com.ar', NULL, NULL, NULL, NULL, '2016-03-06 15:40:39', '2016-03-06 15:40:39', 3, NULL, 0),
(108, 'Nelci', 'Nardelli', 0, '9 de Julio n° 686', '425932 - 154603835', '', NULL, NULL, NULL, '2016-05-26 03:53:01', '2016-05-26 03:53:01', '2016-03-06 15:44:32', 1, NULL, 1),
(134, 'Carolina', 'Fernandez', 0, 'Pueyrredon n° 946', '', '', NULL, NULL, NULL, '2016-05-25 22:53:34', '2016-05-25 22:53:34', '2016-03-12 05:23:22', 1, NULL, 0),
(135, 'Claudia', 'Rodriguez', 0, 'Alvear n° 1771', '', '', NULL, NULL, NULL, NULL, '2016-03-12 16:36:33', '2016-03-12 16:36:33', 3, NULL, 0),
(136, 'Diego', 'Pighin', 0, '', '', '', NULL, NULL, NULL, NULL, '2016-03-16 23:51:33', '2016-03-14 23:34:24', 3, NULL, 0),
(137, 'Elba ', 'Fernandez', 0, '', '', '', NULL, NULL, NULL, '2016-04-22 15:28:55', '2016-04-22 15:28:55', '2016-03-14 23:41:29', 3, NULL, 0),
(138, 'Elvia', 'Villanueva', 0, '', '', '', NULL, NULL, NULL, NULL, '2016-03-14 23:48:19', '2016-03-14 23:48:19', 3, NULL, 0),
(140, 'Graciela ', 'Nardelli', 0, '', '', '', NULL, NULL, NULL, NULL, '2016-03-16 23:07:03', '2016-03-16 23:07:03', 3, NULL, 0),
(141, 'Ivana', 'Fernandez', 0, '', '', '', NULL, NULL, NULL, NULL, '2016-03-16 23:43:30', '2016-03-16 23:43:30', 3, NULL, 0),
(142, 'Julieta ', 'Menichelli', 0, 'Club de campo "LA RURAL"', '3482506075', '', NULL, NULL, NULL, NULL, '2016-05-26 03:41:57', '2016-03-16 23:54:07', 3, NULL, 1),
(143, 'Aridna', 'Martinez', 0, '', '', '', NULL, NULL, NULL, '2016-04-22 15:54:03', '2016-04-22 15:54:03', '2016-03-18 23:03:55', 3, NULL, 0),
(144, 'Elida ', 'Rodriguez', 0, '', '', '', NULL, NULL, NULL, '2016-05-26 04:10:29', '2016-05-26 04:10:29', '2016-03-18 23:09:34', 3, NULL, 0),
(145, 'Lider', 'Marega', 0, 'San Lorenzo N° 403', '', '', NULL, NULL, NULL, NULL, '2016-03-18 23:13:09', '2016-03-18 23:13:09', 3, NULL, 0),
(146, 'Mariela', 'Panaderia', 0, '', '', '', NULL, NULL, NULL, '2016-04-22 15:54:28', '2016-04-22 15:54:28', '2016-03-18 23:15:29', 3, NULL, 0),
(147, 'Marita', 'Masssin', 0, '', '', '', NULL, NULL, NULL, NULL, '2016-03-18 23:17:06', '2016-03-18 23:17:06', 3, NULL, 0),
(148, 'Martina', 'Garnero', 0, '', '', '', NULL, NULL, NULL, NULL, '2016-03-18 23:18:32', '2016-03-18 23:18:32', 3, NULL, 0),
(149, 'Natalia', 'Delettieres', 0, '', '', '', NULL, NULL, NULL, '2016-04-22 15:28:15', '2016-04-22 15:28:15', '2016-03-18 23:30:23', 3, NULL, 0),
(152, 'Natalia', 'Zancada', 0, '', '', '', NULL, NULL, NULL, NULL, '2016-03-30 00:00:53', '2016-03-18 23:37:04', 3, NULL, 0),
(153, 'Patricia', 'Raffin', 0, '', '', '', NULL, NULL, NULL, NULL, '2016-03-30 23:02:54', '2016-03-18 23:40:00', 3, NULL, 0),
(154, 'Silvana', 'Rossi', 0, '', '', '', NULL, NULL, NULL, NULL, '2016-03-18 23:41:54', '2016-03-18 23:41:54', 3, NULL, 0),
(155, 'Valeria', 'Ferreyra', 0, '', '', '', NULL, NULL, NULL, '2016-04-22 15:29:22', '2016-04-22 15:29:22', '2016-03-21 15:28:53', 3, NULL, 0),
(156, 'Alexis', 'Gahn', 0, '', '', '', NULL, NULL, NULL, '2016-04-22 15:40:43', '2016-04-22 15:40:43', '2016-03-21 15:31:12', 3, NULL, 0),
(157, 'Angeles', 'Reyero', 0, '', '', '', NULL, NULL, NULL, NULL, '2016-05-31 23:40:43', '2016-03-21 23:30:58', 3, NULL, 0),
(158, 'Amaro', 'Ramoa', 0, '', '', '', NULL, NULL, NULL, NULL, '2016-03-21 23:36:07', '2016-03-21 23:36:07', 3, NULL, 0),
(159, 'Nardelli', 'Eduardo', 0, '', '', '', NULL, NULL, NULL, '2016-04-22 15:28:33', '2016-04-22 15:28:33', '2016-03-21 23:38:59', 3, NULL, 0),
(160, 'Gloria', 'Diaz', 0, '', '', '', NULL, NULL, NULL, '2016-05-14 23:35:51', '2016-05-14 23:35:51', '2016-03-21 23:42:12', 3, NULL, 0),
(161, 'Bianchini', 'Gustavo', 0, '', '', '', NULL, NULL, NULL, '2016-04-22 15:54:47', '2016-04-22 15:54:47', '2016-03-21 23:44:54', 3, NULL, 0),
(162, 'Gabriela', 'Lorenzini', 0, '', '', '', NULL, NULL, NULL, NULL, '2016-03-30 23:01:05', '2016-03-21 23:47:19', 3, NULL, 0),
(163, 'Manuel', 'Arzamendia', 0, '', '', '', NULL, NULL, NULL, NULL, '2016-03-21 23:50:27', '2016-03-21 23:50:27', 3, NULL, 0),
(164, 'Marcos', 'Dito', 0, '', '', '', NULL, NULL, NULL, '2016-05-06 00:39:10', '2016-05-06 00:39:10', '2016-03-21 23:52:20', 3, NULL, 0),
(165, 'Paula', 'Zanuttini', 0, '', '', '', NULL, NULL, NULL, NULL, '2016-03-30 00:01:15', '2016-03-30 00:01:15', 3, NULL, 0),
(167, 'Maria Cecilia', 'Di Leo', 0, '', '', '', NULL, NULL, NULL, NULL, '2016-03-30 00:24:47', '2016-03-30 00:24:47', 3, NULL, 0),
(168, 'Amiga', 'Luisi', 0, '', '', '', NULL, NULL, NULL, '2016-04-22 15:41:37', '2016-04-22 15:41:37', '2016-03-30 00:26:46', 3, NULL, 0),
(169, 'Jose Carlos', 'Agustini', 0, '', '', '', NULL, NULL, NULL, NULL, '2016-03-30 00:31:57', '2016-03-30 00:28:37', 3, NULL, 0),
(170, 'Arley', 'Kainel', 0, '', '', '', NULL, NULL, NULL, NULL, '2016-03-30 00:35:34', '2016-03-30 00:35:34', 3, NULL, 0),
(171, 'Natalia', 'Fabro', 0, '', '', '', NULL, NULL, NULL, '2016-05-06 00:40:05', '2016-05-06 00:40:05', '2016-03-30 00:37:50', 3, NULL, 0),
(172, 'Belen', 'Gueler', 0, '', '', '', NULL, NULL, NULL, NULL, '2016-05-28 22:39:19', '2016-03-30 00:39:30', 3, NULL, 0),
(173, 'Alba', 'Zarza', 0, '', '', '', NULL, NULL, NULL, NULL, '2016-03-30 00:40:55', '2016-03-30 00:40:55', 3, NULL, 0),
(175, 'Dalila', 'Yunez', 0, '', '', '', NULL, NULL, NULL, NULL, '2016-03-30 00:44:29', '2016-03-30 00:44:29', 3, NULL, 0),
(176, 'Juliana', 'Arzamendia', 0, '', '', '', NULL, NULL, NULL, NULL, '2016-03-30 00:48:03', '2016-03-30 00:48:03', 3, NULL, 0),
(177, 'Lucina', 'Toledo', 0, '', '', '', NULL, NULL, NULL, NULL, '2016-03-30 00:57:50', '2016-03-30 00:57:50', 3, NULL, 0),
(178, 'Luis', 'Mores', 0, '', '', '', NULL, NULL, NULL, NULL, '2016-03-30 01:02:52', '2016-03-30 01:02:52', 3, NULL, 0),
(179, 'Marcelo', 'Duran', 0, '', '', '', NULL, NULL, NULL, '2016-05-06 00:39:39', '2016-05-06 00:39:39', '2016-03-30 01:04:03', 3, NULL, 0),
(180, 'Matias', 'Babor', 0, '', '', '', NULL, NULL, NULL, NULL, '2016-03-30 01:05:07', '2016-03-30 01:05:07', 3, NULL, 0),
(181, 'Micaela', 'Cabral', 0, '', '', '', NULL, NULL, NULL, '2016-07-07 03:38:08', '2016-07-07 03:38:08', '2016-03-30 01:07:19', 3, NULL, 0),
(182, 'Oscar', 'Ibarra', 0, '', '', '', NULL, NULL, NULL, NULL, '2016-03-30 01:08:44', '2016-03-30 01:08:44', 3, NULL, 0),
(183, 'Olga', 'Sturla', 0, '', '', '', NULL, NULL, NULL, '2016-07-09 16:34:34', '2016-07-09 16:34:34', '2016-03-30 01:09:55', 3, NULL, 0),
(184, 'Susana', 'Soto', 0, '', '', '', NULL, NULL, NULL, '2016-05-26 04:15:49', '2016-05-26 04:15:49', '2016-03-30 01:11:20', 3, NULL, 0),
(186, 'Cabral', 'Micaela', 0, '', '', '', NULL, NULL, NULL, '2016-07-09 01:27:28', '2016-07-09 01:27:28', '2016-03-30 23:08:05', 3, NULL, 0),
(187, 'Susana', 'Piccoli', 0, '', '', '', NULL, NULL, NULL, NULL, '2016-03-30 23:12:56', '2016-03-30 23:12:56', 3, NULL, 0),
(188, 'Cristian', 'Bieri', 0, '', '', '', NULL, NULL, NULL, NULL, '2016-03-30 23:15:03', '2016-03-30 23:15:03', 3, NULL, 0),
(189, 'Daniela', 'Carnelutti', 0, '', '', '', NULL, NULL, NULL, '2016-04-22 15:27:13', '2016-04-22 15:27:13', '2016-03-30 23:16:47', 3, NULL, 0),
(190, 'Agostina', 'Montoya', 0, '', '', '', NULL, NULL, NULL, '2016-04-22 15:55:36', '2016-04-22 15:55:36', '2016-03-30 23:34:52', 3, NULL, 0),
(191, 'Alberto', 'Braida', 0, '', '', '', NULL, NULL, NULL, NULL, '2016-03-30 23:36:03', '2016-03-30 23:36:03', 3, NULL, 0),
(193, 'Analia', 'Manzur', 0, '', '', '', NULL, NULL, NULL, NULL, '2016-03-30 23:44:32', '2016-03-30 23:44:32', 3, NULL, 0),
(194, 'Hugo', 'Marin', 0, '', '', '', NULL, NULL, NULL, '2016-05-06 00:40:40', '2016-05-06 00:40:40', '2016-03-30 23:47:39', 3, NULL, 0),
(195, 'Laura', 'Massin (familia)', 0, '', '', '', NULL, NULL, NULL, '2016-05-26 03:41:00', '2016-05-26 03:41:00', '2016-03-30 23:49:57', 3, NULL, 0),
(196, 'Mariela', 'Massin  ', 0, '', '', '', NULL, NULL, NULL, NULL, '2016-03-30 23:54:35', '2016-03-30 23:54:35', 3, NULL, 0),
(197, 'Mariela', 'Sandoval', 0, '', '', '', NULL, NULL, NULL, NULL, '2016-03-30 23:58:42', '2016-03-30 23:58:42', 3, NULL, 0),
(198, 'Natalia', 'Muchiut', 0, '', '', '', NULL, NULL, NULL, '2016-04-22 16:00:30', '2016-04-22 16:00:30', '2016-03-31 00:05:32', 3, NULL, 0),
(199, 'Pablo', 'Ramos', 0, '', '', '', NULL, NULL, NULL, '2016-04-22 15:55:58', '2016-04-22 15:55:58', '2016-03-31 00:09:47', 3, NULL, 0),
(201, 'Valeria', 'Gomez', 0, '', '', '', NULL, NULL, NULL, '2016-04-22 15:41:12', '2016-04-22 15:41:12', '2016-03-31 00:14:05', 3, NULL, 0),
(202, 'Griselda', 'Zupel', 0, '', '', '', NULL, NULL, NULL, NULL, '2016-03-31 00:16:02', '2016-03-31 00:16:02', 3, NULL, 0),
(203, 'Osvaldo', 'Vicentin', 0, '', '', '', NULL, NULL, NULL, '2016-05-14 23:16:17', '2016-05-14 23:16:17', '2016-04-21 23:35:17', 1, 2, 0),
(204, 'Juan Pablo', 'Vicentin', 0, '', '', '', NULL, NULL, NULL, '2016-05-14 23:16:38', '2016-05-14 23:16:38', '2016-04-21 23:40:30', 1, 2, 0),
(205, 'Mario', 'Gregoret', 0, '', '', '', NULL, NULL, NULL, '2016-05-14 23:13:35', '2016-05-14 23:13:35', '2016-04-21 23:43:56', 1, 2, 0),
(206, 'Doris', 'Vicentin', 0, '', '', '', NULL, NULL, NULL, '2016-05-14 23:17:10', '2016-05-14 23:17:10', '2016-04-21 23:46:23', 1, 2, 0),
(207, 'Hermana Analia', 'Muchiut', 0, '', '', '', NULL, NULL, NULL, '2016-07-09 01:30:34', '2016-07-09 01:30:34', '2016-04-21 23:48:44', 1, NULL, 1),
(208, 'Betiana', 'Ortiz', 0, '', '', '', NULL, NULL, NULL, '2016-07-09 01:33:52', '2016-07-09 01:33:52', '2016-04-22 23:07:47', 3, NULL, 0),
(209, 'Walter', 'Cattanzariti', 0, '', '', '', NULL, NULL, NULL, NULL, '2016-04-22 23:31:15', '2016-04-22 23:31:15', 3, NULL, 0),
(210, 'Gerardo', 'Carrasco', 0, '', '', '', NULL, NULL, NULL, '2016-07-07 03:37:31', '2016-07-07 03:37:31', '2016-04-22 23:33:15', 3, NULL, 0),
(211, 'Andrea', 'Biancolini', 0, '', '', '', NULL, NULL, NULL, '2016-05-14 23:26:54', '2016-05-14 23:26:54', '2016-04-22 23:34:39', 3, NULL, 0),
(212, 'Flavia', 'Maglione', 0, '', '', '', NULL, NULL, NULL, NULL, '2016-04-22 23:36:49', '2016-04-22 23:36:49', 3, NULL, 0),
(213, 'Nora', 'Lopez', 0, '', '', '', NULL, NULL, NULL, NULL, '2016-04-22 23:44:48', '2016-04-22 23:44:48', 3, NULL, 0),
(214, 'Mirta', 'Stangaferro', 0, 'Chacabuco n° 1639', '15417384', '', NULL, NULL, NULL, NULL, '2016-05-31 23:05:40', '2016-04-22 23:48:15', 3, NULL, 0),
(215, 'Luciano', 'Fernandez', 0, '', '', '', NULL, NULL, NULL, '2016-05-26 02:46:11', '2016-05-26 02:46:11', '2016-04-22 23:51:55', 3, NULL, 0),
(216, 'Tere', 'Silvestre', 0, '', '', '', NULL, NULL, NULL, NULL, '2016-05-31 23:36:12', '2016-04-22 23:54:47', 3, NULL, 0),
(217, 'Niclis', 'Angelica', 0, 'Obligado n° 429', '', '', NULL, NULL, NULL, '2016-05-14 23:26:23', '2016-05-14 23:26:23', '2016-04-23 00:00:43', 3, NULL, 1),
(218, 'Cintia', 'Vallejos', 0, 'Calle 59 n° 536 (B° America)', '', '', NULL, NULL, NULL, '2016-07-09 16:35:23', '2016-07-09 16:35:23', '2016-04-23 00:03:28', 3, NULL, 1),
(219, 'Gisela', 'Ludueña', 0, 'Calle 43 n° 135', '3482408538', '', NULL, NULL, NULL, NULL, '2016-07-07 03:30:36', '2016-04-23 02:22:35', 3, NULL, 1),
(221, 'Gladys', 'Pucheta', 0, 'Habegger n° 1116', '', '', NULL, NULL, NULL, NULL, '2016-04-23 02:24:52', '2016-04-23 02:24:52', 3, NULL, 1),
(222, 'Ines', 'Leguizamon', 0, 'Calle 77 n° 239', '', '', NULL, NULL, NULL, '2016-07-09 01:17:15', '2016-07-09 01:17:15', '2016-04-23 02:26:29', 3, NULL, 1),
(223, 'Leila', 'A', 0, 'YPF', '', '', NULL, NULL, NULL, NULL, '2016-04-23 02:27:43', '2016-04-23 02:27:43', 3, NULL, 1),
(224, 'Luli', 'A', 0, 'Iturraspe n° 1060', '', '', NULL, NULL, NULL, NULL, '2016-04-23 02:28:56', '2016-04-23 02:28:56', 3, NULL, 1),
(225, 'Matilde', 'Marega', 0, 'Habegger n° 331 ', '', '', NULL, NULL, NULL, NULL, '2016-04-23 02:30:19', '2016-04-23 02:30:19', 3, NULL, 1),
(226, 'Natalia', 'Tregar', 0, 'Calle 41 n° 986 (B° Chapero)', '', '', NULL, NULL, NULL, '2016-07-09 16:35:07', '2016-07-09 16:35:07', '2016-04-23 02:32:59', 3, NULL, 1),
(227, 'Nicolas ', 'Spessot', 0, 'Chacabuco n° 647', '', '', NULL, NULL, NULL, NULL, '2016-07-11 16:39:15', '2016-04-23 02:35:20', 3, NULL, 1),
(228, 'Sergio', 'Raffin', 0, 'Obligado n° 967 (Banco Macro)', '', '', NULL, NULL, NULL, NULL, '2016-04-23 02:37:07', '2016-04-23 02:37:07', 3, NULL, 1),
(229, 'Silvia', 'Dal Lago', 0, 'Lisandro de la Torre n° 1173', '', '', NULL, NULL, NULL, NULL, '2016-04-23 02:38:32', '2016-04-23 02:38:32', 3, NULL, 1),
(230, 'Cali', 'Benitez', 0, 'Patricio Diez n° 176', '', '', NULL, NULL, NULL, NULL, '2016-04-25 17:29:39', '2016-04-23 02:40:04', 3, NULL, 1),
(231, 'Claudia', 'Martinelli', 0, 'Amenabar esq. Newbery', '', '', NULL, NULL, NULL, '2016-05-26 03:39:46', '2016-05-26 03:39:46', '2016-04-23 02:41:54', 3, NULL, 1),
(232, 'Marta', 'Fabrissin', 0, '25 de Mayo n° 1454', '', '', NULL, NULL, NULL, NULL, '2016-04-23 02:44:14', '2016-04-23 02:44:14', 3, NULL, 1),
(233, 'Monica', 'Zanel', 0, 'Habegger n° 1346 (pasillo)', '', '', NULL, NULL, NULL, NULL, '2016-04-23 02:45:47', '2016-04-23 02:45:47', 3, NULL, 1),
(234, 'Miriam', 'A', 0, 'Banco Santa Fe', '', '', NULL, NULL, NULL, NULL, '2016-04-23 02:47:13', '2016-04-23 02:47:13', 3, NULL, 1),
(235, 'Sandra', 'Perez', 0, 'Moreno n° 725', '', '', NULL, NULL, NULL, '2016-07-09 16:27:54', '2016-07-09 16:27:54', '2016-04-23 02:48:50', 3, NULL, 1),
(236, 'A', 'Ojeda', 0, 'Iriondo n° 686', '', '', NULL, NULL, NULL, NULL, '2016-04-23 02:50:21', '2016-04-23 02:50:21', 3, NULL, 1),
(237, 'Laura', 'Massin', 0, 'Fe Salud', '', '', NULL, NULL, NULL, '2016-05-14 23:36:48', '2016-05-14 23:36:48', '2016-04-23 02:51:51', 3, NULL, 1),
(238, 'Carmen', 'Agustini', 0, 'Iriondo n° 1055', '', '', NULL, NULL, NULL, NULL, '2016-04-23 02:54:06', '2016-04-23 02:54:06', 3, NULL, 1),
(239, 'Daniela', 'Alegre', 0, 'San Lorenzo n° 246', '', '', NULL, NULL, NULL, NULL, '2016-04-23 02:55:26', '2016-04-23 02:55:26', 3, NULL, 1),
(240, 'Marianela', 'Ru', 0, 'Sarmiento n° 1369', '', '', NULL, NULL, NULL, NULL, '2016-04-23 02:57:13', '2016-04-23 02:57:13', 3, NULL, 1),
(241, 'Maria Del Carmen', 'Cataño', 0, 'Ituzaingo n° 873 dpto 4', '', '', NULL, NULL, NULL, NULL, '2016-04-23 02:59:18', '2016-04-23 02:59:18', 3, NULL, 1),
(242, 'Maria Luz', 'Muchiut', 0, 'Calle 315 n° 903', '', '', NULL, NULL, NULL, NULL, '2016-04-23 03:00:42', '2016-04-23 03:00:42', 1, NULL, 1),
(243, 'Patricia', 'Longhi', 0, 'Iturraspe n° 55', '', '', NULL, NULL, NULL, NULL, '2016-04-23 03:01:56', '2016-04-23 03:01:56', 3, NULL, 1),
(244, 'Raul', 'Gazze', 0, 'Alvear n° 414', '', '', NULL, NULL, NULL, NULL, '2016-04-23 03:03:14', '2016-04-23 03:03:14', 3, NULL, 1),
(245, 'Sandra', 'Garcia', 0, 'Iriondo n° 520', '', '', NULL, NULL, NULL, NULL, '2016-04-23 03:04:18', '2016-04-23 03:04:18', 3, NULL, 1),
(246, 'Diego', 'Lanteri', 0, 'Olessio n°739', '', '', NULL, NULL, NULL, '2016-05-14 23:31:41', '2016-05-14 23:31:41', '2016-04-23 03:06:03', 3, NULL, 1),
(247, 'Evelyn', 'Cano', 0, 'Pasaje 55 - 57 (B° America)', '', '', NULL, NULL, NULL, '2016-05-26 02:33:30', '2016-05-26 02:33:30', '2016-04-23 03:08:30', 3, NULL, 1),
(248, 'Gabriel ', 'Lanteri', 0, '9 de Julio n° 2271 (B° Chapero)', '', '', NULL, NULL, NULL, NULL, '2016-04-23 03:10:07', '2016-04-23 03:10:07', 3, NULL, 1),
(249, 'Graciela', 'G', 0, 'Olessio n° 2621', '', '', NULL, NULL, NULL, '2016-07-09 01:11:31', '2016-07-09 01:11:31', '2016-04-23 03:12:12', 3, NULL, 1),
(250, 'Liliana', 'Goldaraz', 0, '9 de Julio n° 640', '', '', NULL, NULL, NULL, NULL, '2016-04-23 03:14:26', '2016-04-23 03:14:26', 3, NULL, 1),
(251, 'Rosana', 'Difilippo', 0, 'Bolivar n° 3027', '', '', NULL, NULL, NULL, NULL, '2016-04-23 03:16:48', '2016-04-23 03:16:48', 3, NULL, 1),
(252, 'Kiosco', 'Kiosco', 0, '9 de Julio n° 1940', '', '', NULL, NULL, NULL, NULL, '2016-04-23 03:19:11', '2016-04-23 03:19:11', 3, NULL, 1),
(253, 'Amelia ', 'Loubiere', 0, 'Belgrano n° 671', '', '', NULL, NULL, NULL, '2016-07-09 01:18:28', '2016-07-09 01:18:28', '2016-04-24 22:03:17', 3, NULL, 1),
(254, 'Lorena', 'Benitez', 0, 'Calle 40 n° 3245', '', '', NULL, NULL, NULL, NULL, '2016-05-26 02:29:30', '2016-04-27 16:05:42', 3, NULL, 1),
(255, 'Elisa', 'Voegeli', 0, '', '', '', NULL, NULL, NULL, '2016-07-09 16:37:08', '2016-07-09 16:37:08', '2016-04-27 16:07:21', 3, NULL, 0),
(256, 'Sebastian', 'Gomez', 0, '', '', '', NULL, NULL, NULL, NULL, '2016-04-27 16:14:35', '2016-04-27 16:14:35', 3, NULL, 0),
(257, 'Haydee', 'Bandeo', 0, '', '', '', NULL, NULL, NULL, NULL, '2016-04-27 19:17:58', '2016-04-27 19:17:58', 3, NULL, 0),
(258, 'Negra', 'De Felix', 0, 'Iturraspe n° 255', '', '', NULL, NULL, NULL, NULL, '2016-05-06 00:38:51', '2016-04-29 19:41:57', 3, NULL, 1),
(259, 'Gabriela', 'Mai', 0, '', '', '', NULL, NULL, NULL, '2016-07-09 01:20:50', '2016-07-09 01:20:50', '2016-05-05 00:57:59', 3, NULL, 0),
(260, 'Josefina', 'Marconi', 0, '', '', '', NULL, NULL, NULL, '2016-07-09 01:21:41', '2016-07-09 01:21:41', '2016-05-05 00:59:11', 3, NULL, 0),
(261, 'Milena', 'Daran', 0, '', '', '', NULL, NULL, NULL, NULL, '2016-05-05 01:00:06', '2016-05-05 01:00:06', 1, NULL, 0),
(262, 'Gisela', 'Bressan', 0, '', '', '', NULL, NULL, NULL, '2016-05-06 00:27:07', '2016-05-06 00:27:07', '2016-05-05 01:04:30', 3, NULL, 0),
(263, 'Agostina', 'Ruiz Diaz', 0, 'Freyre n° 1264', '', '', NULL, NULL, NULL, NULL, '2016-05-06 00:25:46', '2016-05-06 00:25:46', 3, NULL, 1),
(264, 'Federico', 'Dickey', 0, 'Olessio n° 1468', '', '', NULL, NULL, NULL, NULL, '2016-05-07 04:43:22', '2016-05-06 00:27:57', 3, NULL, 1),
(265, 'Matias', 'Victor', 0, 'Moreno n° 755', '', '', NULL, NULL, NULL, '2016-07-09 16:36:29', '2016-07-09 16:36:29', '2016-05-06 00:29:34', 3, NULL, 1),
(266, 'Griselda', 'Torres', 0, 'Cernadas n° 1986', '', '', NULL, NULL, NULL, NULL, '2016-05-06 00:32:22', '2016-05-06 00:32:22', 3, NULL, 1),
(267, 'Eva ', 'Palud', 0, 'Alvear n° 683', '', '', NULL, NULL, NULL, '2016-05-26 03:57:05', '2016-05-26 03:57:05', '2016-05-06 00:33:59', 3, NULL, 1),
(268, 'AFIP', 'AFIP', 0, 'Mitre n° 845', '', '', NULL, NULL, NULL, NULL, '2016-05-06 00:44:10', '2016-05-06 00:44:10', 3, NULL, 1),
(269, 'Valentino', 'Martinez', 0, 'Calle 9 n° 375 Bco. Nacion', '', '', NULL, NULL, NULL, NULL, '2016-05-06 00:46:11', '2016-05-06 00:46:11', 1, NULL, 1),
(270, 'Silvana', 'Fiameni', 0, 'Olessio n° 811', '', '', NULL, NULL, NULL, NULL, '2016-05-26 02:47:12', '2016-05-06 00:48:15', 3, NULL, 1),
(271, 'Susana', 'Goy', 0, 'Iturraspe n° 654', '', '', NULL, NULL, NULL, '2016-07-07 03:50:31', '2016-07-07 03:50:31', '2016-05-07 04:46:36', 3, NULL, 1),
(272, 'Angeles', 'Reyero', 0, '', '', '', NULL, NULL, NULL, '2016-07-09 16:29:47', '2016-07-09 16:29:47', '2016-05-28 22:22:20', 3, NULL, 0),
(273, 'Roberto', 'Gonzalez', 0, '', '', '', NULL, NULL, NULL, NULL, '2016-05-28 22:23:53', '2016-05-28 22:23:53', 3, NULL, 0),
(274, 'Mariana', 'Bergallo', 0, '', '', '', NULL, NULL, NULL, NULL, '2016-05-28 22:25:07', '2016-05-28 22:25:07', 3, NULL, 0),
(275, 'Soledad', 'Burella', 0, 'Calle 312 y 303', '', '', NULL, NULL, NULL, NULL, '2016-05-28 22:27:07', '2016-05-28 22:27:07', 1, NULL, 0),
(276, 'Alicia', 'Buyatti', 0, '', '', '', NULL, NULL, NULL, '2016-07-07 03:37:09', '2016-07-07 03:37:09', '2016-05-28 22:28:47', 3, NULL, 0),
(277, 'Andrea', 'Speranza', 0, '', '', '', NULL, NULL, NULL, NULL, '2016-05-28 22:31:42', '2016-05-28 22:31:42', 3, NULL, 0),
(278, 'Carolina', 'Zurco', 0, 'Chacabuco n° 955', '15536596', '', NULL, NULL, NULL, '2016-07-09 16:39:07', '2016-07-09 16:39:07', '2016-05-28 22:32:55', 3, NULL, 0),
(279, 'Vanina', 'Antolin', 0, '', '', '', NULL, NULL, NULL, '2016-07-09 01:02:47', '2016-07-09 01:02:47', '2016-05-28 22:34:42', 3, NULL, 0),
(280, 'Jose Luis', 'Estevez', 0, '', '', '', NULL, NULL, NULL, '2016-07-07 03:47:27', '2016-07-07 03:47:27', '2016-05-28 22:35:51', 3, NULL, 0),
(281, 'Analia', 'Mai Novero', 0, 'Lucas Funes n° 506', '15453125', '', NULL, NULL, NULL, '2016-07-09 01:21:06', '2016-07-09 01:21:06', '2016-05-31 22:57:28', 3, NULL, 0),
(282, 'Comagro', 'Comagro', 0, 'Ruta A 009 KM.11.2', '', '', NULL, NULL, NULL, NULL, '2016-05-31 23:10:16', '2016-05-31 23:10:16', 3, NULL, 1),
(283, 'Maria Delia', 'Maria Delia', 0, 'Bv. Peron 1720', '', '', NULL, NULL, NULL, NULL, '2016-05-31 23:12:01', '2016-05-31 23:12:01', 3, NULL, 1),
(284, 'Micaela', 'Morzan', 0, 'Habegger n° 339', '', '', NULL, NULL, NULL, '2016-07-09 01:29:28', '2016-07-09 01:29:28', '2016-05-31 23:13:19', 3, NULL, 1),
(285, 'Mirta', 'Buyatti', 0, 'Oficina Buyatti', '', '', NULL, NULL, NULL, NULL, '2016-05-31 23:14:37', '2016-05-31 23:14:37', 3, NULL, 1),
(286, 'Romina', 'Pighin', 0, 'Habergger n° 331', '', '', NULL, NULL, NULL, '2016-07-09 16:28:37', '2016-07-09 16:28:37', '2016-05-31 23:15:44', 3, NULL, 1),
(287, 'Viviana', 'Barolin', 0, 'Bolivar n° 564', '', '', NULL, NULL, NULL, NULL, '2016-05-31 23:17:23', '2016-05-31 23:17:23', 3, NULL, 1),
(288, 'Lorena', 'Zunini', 0, 'Lucas Funes n° 315', '', '', NULL, NULL, NULL, '2016-07-09 16:38:51', '2016-07-09 16:38:51', '2016-05-31 23:20:27', 3, NULL, 1),
(290, 'Victorino', 'Lovey', 0, 'Chacabuco n° 1336', '', '', NULL, NULL, NULL, NULL, '2016-05-31 23:28:03', '2016-05-31 23:28:03', 3, NULL, 1),
(291, 'Patricia', 'Marconi', 0, 'San Martin n° 861', '', '', NULL, NULL, NULL, '2016-07-09 01:21:22', '2016-07-09 01:21:22', '2016-05-31 23:29:58', 3, NULL, 1),
(292, 'Silvina', 'Di Leo', 0, '', '', '', NULL, NULL, NULL, NULL, '2016-05-31 23:32:30', '2016-05-31 23:32:30', 3, NULL, 0),
(293, 'Antonio ', 'Miceli', 0, 'Calle 61 n° 1341 B° Villa Dolores', '15624701', '', NULL, NULL, NULL, '2016-07-09 01:26:58', '2016-07-09 01:26:58', '2016-06-03 00:38:14', 3, NULL, 1),
(294, 'Gisela', 'A', 0, '', '', '', NULL, NULL, NULL, NULL, '2016-07-07 03:50:04', '2016-06-09 02:07:37', 3, NULL, 0),
(295, 'Walter', 'Paredes', 0, '', '', '', NULL, NULL, NULL, '2016-07-09 16:25:33', '2016-07-09 16:25:33', '2016-06-09 02:08:41', 3, NULL, 0),
(296, 'Guillermo', 'Nardelli', 0, '', '', '', NULL, NULL, NULL, '2016-07-09 01:32:42', '2016-07-09 01:32:42', '2016-06-09 02:26:05', 3, NULL, 0),
(297, 'Cristian ', 'Benitez', 0, '', '', '', NULL, NULL, NULL, NULL, '2016-06-09 02:30:14', '2016-06-09 02:30:14', 3, NULL, 0),
(298, 'Pablo', 'Sarantonelli', 0, '', '', '', NULL, NULL, NULL, NULL, '2016-06-09 02:35:38', '2016-06-09 02:35:38', 3, NULL, 0),
(300, 'Matias', 'Pacheco', 0, 'Lovato n° 435', '', '', NULL, NULL, NULL, '2016-07-09 16:25:09', '2016-07-09 16:25:09', '2016-06-09 05:12:45', 3, NULL, 1),
(301, 'Nelci', 'Niclis', 0, 'Newbery n° 891 depto 3', '', '', NULL, NULL, NULL, '2016-07-09 01:33:31', '2016-07-09 01:33:31', '2016-06-09 05:17:34', 3, NULL, 1),
(302, 'Marta', 'Lopez', 0, 'Habegger n° 535', '', '', NULL, NULL, NULL, NULL, '2016-06-09 05:19:23', '2016-06-09 05:19:23', 3, NULL, 1),
(303, 'Mariela', 'Colussi', 0, 'Calle 18 n° 1035', '', '', NULL, NULL, NULL, NULL, '2016-06-09 05:21:32', '2016-06-09 05:21:32', 1, NULL, 1),
(304, 'Mireya', 'Nardelli', 0, 'Rivadavia n° 843', '', '', NULL, NULL, NULL, '2016-07-09 01:33:05', '2016-07-09 01:33:05', '2016-06-09 05:24:13', 3, NULL, 1),
(305, 'Marcelo', 'Canteros', 0, 'Gral. Lopez n° 1467', '', '', NULL, NULL, NULL, '2016-07-07 03:37:49', '2016-07-07 03:37:49', '2016-06-09 15:17:49', 3, NULL, 1),
(306, 'Prueba 1', 'Prueba 1', 213123, '123213', '23123', 'aasdadasa.com@asdad-.com', NULL, NULL, NULL, NULL, '2016-07-06 07:44:06', '2016-07-06 07:44:06', 1, NULL, 1),
(307, 'Betiana', 'Ortiz', 0, '', '', '', NULL, NULL, NULL, NULL, '2016-07-09 16:52:30', '2016-07-09 16:52:30', 3, NULL, 0),
(308, 'Camila', 'Cian', 0, 'Lucas Funes n° 1590', '03482537857', '', NULL, NULL, NULL, NULL, '2016-07-11 15:52:30', '2016-07-09 17:11:34', 3, NULL, 0),
(309, 'Ester', 'Lutz', 0, 'San Martin n° 4025', '03482409554', '', NULL, NULL, NULL, NULL, '2016-07-11 15:49:48', '2016-07-09 17:13:11', 3, NULL, 0),
(310, 'Graciela', 'Farollch', 0, '', '', '', NULL, NULL, NULL, NULL, '2016-07-09 17:14:44', '2016-07-09 17:14:44', 3, NULL, 0),
(311, 'Maru', 'Muchiut', 0, '', '3482310638', '', NULL, NULL, NULL, NULL, '2016-07-09 17:18:05', '2016-07-09 17:18:05', 3, NULL, 0),
(312, 'Soledad', 'Salazar', 0, '', '', '', NULL, NULL, NULL, NULL, '2016-07-09 17:21:07', '2016-07-09 17:21:07', 3, NULL, 0),
(313, 'Carolina', 'Zurco', 0, '', '', '', NULL, NULL, NULL, NULL, '2016-07-09 17:23:03', '2016-07-09 17:23:03', 3, NULL, 0),
(314, 'Danilo', 'Rivero', 0, '', '', '', NULL, NULL, NULL, NULL, '2016-07-09 17:25:01', '2016-07-09 17:25:01', 3, NULL, 0),
(315, 'Laura', 'Bagnoli', 0, '', '', '', NULL, NULL, NULL, NULL, '2016-07-09 17:26:39', '2016-07-09 17:26:39', 3, NULL, 0),
(316, 'Milvana', 'Maran', 0, '', '', '', NULL, NULL, NULL, NULL, '2016-07-09 17:27:47', '2016-07-09 17:27:47', 3, NULL, 0),
(317, 'Claudia', 'Caballero', 0, '', '', '', NULL, NULL, NULL, NULL, '2016-07-09 17:29:00', '2016-07-09 17:29:00', 3, NULL, 0),
(318, 'Micaela', 'Cabral', 0, '', '', '', NULL, NULL, NULL, '2016-07-09 17:31:18', '2016-07-09 17:31:18', '2016-07-09 17:30:23', 3, NULL, 0),
(319, 'Laura', 'Castests', 0, '', '', '', NULL, NULL, NULL, NULL, '2016-07-09 17:36:17', '2016-07-09 17:36:17', 3, NULL, 0),
(320, 'Martin', 'Sandrigo', 0, '', '', '', NULL, NULL, NULL, NULL, '2016-07-09 17:38:45', '2016-07-09 17:38:45', 3, NULL, 0),
(321, 'Melina', 'Aquino', 0, 'Rivadavia n° 238', '03482230255', '', NULL, NULL, NULL, NULL, '2016-07-11 15:51:16', '2016-07-09 17:40:32', 3, NULL, 0),
(322, 'A', 'Soto', 0, '', '', '', NULL, NULL, NULL, NULL, '2016-07-09 17:41:42', '2016-07-09 17:41:42', 3, NULL, 0),
(323, 'Gabriela', 'Alegre', 0, 'Calle 45 n° 721', '', '', NULL, NULL, NULL, NULL, '2016-07-10 00:42:58', '2016-07-10 00:42:58', 3, NULL, 1),
(324, 'Dolgy', 'Meister', 0, 'Newbery n° 633 ', '', '', NULL, NULL, NULL, NULL, '2016-07-10 00:46:55', '2016-07-10 00:46:55', 3, NULL, 1),
(325, 'Gabriela', 'Maidana', 0, 'Iriondo n° 845', '', '', NULL, NULL, NULL, NULL, '2016-07-10 00:48:48', '2016-07-10 00:48:48', 3, NULL, 1),
(326, 'Marianela', 'A', 0, 'Calle 47 - Mzna 5 - Lote 24', '', '', NULL, NULL, NULL, NULL, '2016-07-10 00:53:55', '2016-07-10 00:53:55', 3, NULL, 1),
(327, 'Maricela', 'Cabral', 0, 'Oficina Vicentin', '', '', NULL, NULL, NULL, NULL, '2016-07-10 00:56:47', '2016-07-10 00:56:47', 1, NULL, 1),
(328, 'Hiper pollos', 'Marino', 0, 'hiper pollos', '', '', NULL, NULL, NULL, NULL, '2016-07-10 00:58:23', '2016-07-10 00:58:23', 3, NULL, 1),
(329, 'a', 'Quintana', 0, 'Freyre n° 442', '', '', NULL, NULL, NULL, NULL, '2016-07-10 00:59:40', '2016-07-10 00:59:40', 3, NULL, 1),
(330, 'A', 'Sanchez', 0, 'Calle 95 n° 433', '', '', NULL, NULL, NULL, NULL, '2016-07-10 01:01:05', '2016-07-10 01:01:05', 3, NULL, 1),
(331, 'Susana', 'Machin', 0, 'Moreno n° 1178', '', '', NULL, NULL, NULL, NULL, '2016-07-13 23:41:26', '2016-07-10 01:02:05', 3, NULL, 1),
(332, 'Daniela', 'Achaval', 0, 'Hospital Reconquista', '3482408279', '', NULL, NULL, NULL, NULL, '2016-07-11 15:48:43', '2016-07-10 01:03:09', 3, NULL, 1),
(333, 'Elida', 'Pividori', 0, 'Bolivar n° 332', '', '', NULL, NULL, NULL, NULL, '2016-07-10 01:05:16', '2016-07-10 01:05:16', 3, NULL, 1),
(334, 'Gaston', 'Lovisa', 0, '', 'Calle 5 n° 679', '', NULL, NULL, NULL, NULL, '2016-07-10 01:08:03', '2016-07-10 01:08:03', 1, NULL, 1),
(335, 'Juanchi', 'Foschiatti', 0, 'Calle 28 n°655 ', '', '', NULL, NULL, NULL, NULL, '2016-07-10 01:09:31', '2016-07-10 01:09:31', 1, NULL, 1),
(336, 'Sergio', 'Ghan', 0, 'Newbery n° 536', '', '', NULL, NULL, NULL, NULL, '2016-07-10 01:10:43', '2016-07-10 01:10:43', 3, NULL, 1),
(337, 'Tomas', 'Ledesma', 0, '25 de Mayo n° 3160', '03482684763', '', NULL, NULL, NULL, NULL, '2016-07-11 15:53:30', '2016-07-10 01:12:19', 3, NULL, 1),
(338, 'Alfredo', 'Segado', 0, 'Patricio Diez n° 985', '', '', NULL, NULL, NULL, NULL, '2016-07-10 01:14:59', '2016-07-10 01:14:59', 3, NULL, 1),
(339, 'Mariano', 'Flores', 0, 'Pasaje 43/45 n° 975', '', '', NULL, NULL, NULL, NULL, '2016-07-10 01:18:12', '2016-07-10 01:18:12', 3, NULL, 1),
(340, 'Monica ', 'Toledo', 0, 'Lucas Funes n° 198', '', '', NULL, NULL, NULL, NULL, '2016-07-10 01:19:54', '2016-07-10 01:19:54', 3, NULL, 1),
(341, 'Graciela', 'Bacca', 0, 'Fray Rossi n° 2378', '', '', NULL, NULL, NULL, NULL, '2016-07-10 01:21:49', '2016-07-10 01:21:49', 3, NULL, 1),
(342, 'Liliana', 'Hacen', 0, 'Pasaje 8 n°  74', '', '', NULL, NULL, NULL, NULL, '2016-07-10 01:24:11', '2016-07-10 01:24:11', 1, NULL, 1),
(343, 'Vanina', 'Lopez', 0, 'Fray Rossi n° 2884', '03482635417', '', NULL, NULL, NULL, NULL, '2016-07-11 15:54:02', '2016-07-10 01:26:01', 3, NULL, 1),
(344, 'Laura', 'Massin', 0, 'Mitre n° 269', '', '', NULL, NULL, NULL, NULL, '2016-07-11 16:51:57', '2016-07-11 15:05:05', 3, NULL, 1),
(345, 'Mari', 'Vicentin', 0, 'Edificio Alal 3° piso', '3482442800', '', NULL, NULL, NULL, NULL, '2016-07-11 15:16:25', '2016-07-11 15:16:25', 3, NULL, 1),
(346, 'Vanina', 'Cainelli', 0, '', '', '', NULL, NULL, NULL, NULL, '2016-07-13 22:55:36', '2016-07-13 22:55:36', 3, NULL, 0),
(347, 'Torterolla', 'Torterolla', 0, '', '', '', NULL, NULL, NULL, NULL, '2016-07-13 22:56:36', '2016-07-13 22:56:36', 3, NULL, 0),
(348, 'Analia', 'Bouchard', 0, '', '', '', NULL, NULL, NULL, NULL, '2016-07-13 22:57:53', '2016-07-13 22:57:53', 3, NULL, 0),
(349, 'Florencia', 'Bertoni', 0, '', '', '', NULL, NULL, NULL, NULL, '2016-07-13 23:18:35', '2016-07-13 23:18:35', 3, NULL, 0),
(350, 'Rolando', 'Ferrari', 0, '', '', '', NULL, NULL, NULL, NULL, '2016-07-13 23:19:22', '2016-07-13 23:19:22', 3, NULL, 0),
(351, 'Joana', 'Sosa', 0, '', '', '', NULL, NULL, NULL, NULL, '2016-07-13 23:22:23', '2016-07-13 23:22:23', 3, NULL, 0),
(352, 'Laura', 'Yones', 0, '', '', '', NULL, NULL, NULL, NULL, '2016-07-13 23:24:21', '2016-07-13 23:24:21', 3, NULL, 0),
(353, 'Elvio', 'Tourtul', 0, 'Ituzaingo n° 426', '', '', NULL, NULL, NULL, NULL, '2016-07-13 23:27:22', '2016-07-13 23:27:22', 3, NULL, 1),
(354, 'Laura', 'Ganchier', 0, 'Hospital Reconquista 1° Piso', '', '', NULL, NULL, NULL, NULL, '2016-07-13 23:28:48', '2016-07-13 23:28:48', 3, NULL, 1),
(355, 'Fabiana', 'Cabral', 0, 'Oficina Vicentin', '', '', NULL, NULL, NULL, NULL, '2016-07-13 23:30:47', '2016-07-13 23:30:47', 1, NULL, 1),
(356, 'Fabian', 'Gil', 0, 'Mitre n° 657', '', '', NULL, NULL, NULL, NULL, '2016-07-13 23:32:44', '2016-07-13 23:32:44', 3, NULL, 1),
(357, 'M. Angelica', 'Benitez', 0, 'Calle 10 bis n° 2720', '', '', NULL, NULL, NULL, NULL, '2016-07-13 23:34:53', '2016-07-13 23:34:53', 3, NULL, 1),
(358, 'Longhi', 'Longhi', 0, 'Iriondo n° 123', '', '', NULL, NULL, NULL, NULL, '2016-07-13 23:36:20', '2016-07-13 23:36:20', 3, NULL, 1),
(359, 'Ivana', 'Sotelo', 0, 'Bv. Lovato n° 1313', '', '', NULL, NULL, NULL, NULL, '2016-07-13 23:38:37', '2016-07-13 23:38:37', 3, NULL, 1);

-- --------------------------------------------------------

--
-- Estructura de tabla para la tabla `cliente_dia`
--

CREATE TABLE IF NOT EXISTS `cliente_dia` (
  `cliente_id` int(11) NOT NULL,
  `dia_semana_id` int(11) NOT NULL,
  `tipo_vianda_id` int(11) NOT NULL,
  `cantidad` double NOT NULL DEFAULT '0',
  PRIMARY KEY (`cliente_id`,`dia_semana_id`,`tipo_vianda_id`),
  KEY `fk_cliente_has_dia_semana_dia_semana1_idx` (`dia_semana_id`),
  KEY `fk_cliente_has_dia_semana_cliente1_idx` (`cliente_id`),
  KEY `fk_cliente_has_dia_semana_tipo_vianda1_idx` (`tipo_vianda_id`)
) ENGINE=InnoDB DEFAULT CHARSET=latin1;

--
-- Volcado de datos para la tabla `cliente_dia`
--

INSERT INTO `cliente_dia` (`cliente_id`, `dia_semana_id`, `tipo_vianda_id`, `cantidad`) VALUES
(18, 2, 2, 1),
(18, 4, 2, 1),
(18, 6, 2, 1),
(19, 2, 1, 1),
(19, 3, 1, 1),
(19, 4, 1, 1),
(19, 5, 1, 1),
(19, 6, 1, 1),
(20, 2, 4, 1),
(20, 3, 4, 1),
(20, 4, 4, 1),
(20, 5, 4, 1),
(21, 2, 1, 2),
(21, 2, 4, 1),
(21, 3, 1, 2),
(21, 3, 4, 1),
(21, 4, 1, 2),
(21, 4, 4, 1),
(21, 5, 1, 2),
(21, 5, 4, 1),
(21, 6, 1, 2),
(21, 6, 4, 1),
(22, 2, 2, 1),
(22, 2, 4, 1),
(22, 4, 2, 1),
(22, 4, 4, 1),
(22, 6, 2, 1),
(22, 6, 4, 1),
(24, 2, 1, 1),
(24, 2, 4, 1),
(24, 3, 1, 1),
(24, 3, 4, 1),
(24, 4, 1, 1),
(24, 4, 4, 1),
(24, 5, 1, 1),
(24, 5, 4, 1),
(24, 6, 1, 1),
(24, 6, 4, 1),
(25, 2, 1, 1),
(25, 3, 1, 1),
(25, 4, 1, 1),
(26, 2, 1, 1),
(26, 3, 1, 1),
(26, 4, 1, 1),
(26, 5, 1, 1),
(26, 6, 1, 1),
(27, 2, 2, 1),
(27, 4, 2, 1),
(27, 6, 2, 1),
(28, 2, 4, 1),
(28, 3, 4, 1),
(28, 4, 4, 1),
(29, 2, 5, 1),
(29, 3, 5, 1),
(29, 4, 5, 1),
(29, 5, 5, 1),
(29, 6, 5, 1),
(30, 2, 1, 1),
(30, 3, 1, 1),
(30, 4, 1, 1),
(30, 5, 1, 1),
(30, 6, 1, 1),
(31, 2, 2, 1),
(31, 3, 2, 1),
(31, 4, 2, 1),
(31, 5, 2, 1),
(31, 6, 2, 1),
(32, 2, 1, 1),
(32, 3, 1, 1),
(32, 4, 1, 1),
(32, 5, 1, 1),
(32, 6, 1, 1),
(33, 2, 2, 1),
(33, 3, 2, 1),
(33, 4, 2, 1),
(33, 5, 2, 1),
(33, 6, 2, 1),
(34, 2, 1, 2),
(34, 2, 4, 1),
(34, 3, 1, 2),
(34, 3, 4, 1),
(34, 4, 1, 2),
(34, 4, 4, 1),
(34, 5, 1, 2),
(34, 5, 4, 1),
(34, 6, 1, 2),
(34, 6, 4, 1),
(37, 2, 2, 1),
(37, 3, 2, 1),
(37, 4, 2, 1),
(37, 5, 2, 1),
(37, 6, 2, 1),
(38, 2, 2, 1),
(38, 4, 2, 1),
(38, 6, 2, 1),
(40, 2, 2, 2),
(40, 3, 2, 2),
(40, 4, 2, 2),
(40, 5, 2, 2),
(40, 6, 2, 2),
(41, 3, 2, 1),
(41, 5, 2, 1),
(42, 3, 4, 1),
(42, 5, 4, 1),
(43, 2, 1, 1),
(43, 3, 1, 1),
(43, 4, 1, 1),
(43, 5, 1, 1),
(43, 6, 1, 1),
(44, 2, 2, 2),
(44, 3, 2, 2),
(44, 4, 2, 2),
(44, 5, 2, 1),
(44, 6, 2, 1),
(45, 2, 2, 1),
(45, 4, 2, 1),
(45, 6, 2, 1),
(50, 2, 1, 1),
(50, 3, 1, 1),
(50, 4, 1, 1),
(50, 5, 1, 1),
(50, 6, 1, 1),
(51, 2, 1, 1),
(51, 3, 1, 1),
(51, 4, 1, 1),
(51, 5, 1, 1),
(51, 6, 1, 1),
(52, 2, 2, 1),
(52, 3, 2, 1),
(52, 4, 2, 1),
(52, 5, 2, 1),
(52, 6, 2, 1),
(54, 2, 1, 1),
(54, 3, 1, 1),
(54, 4, 1, 1),
(54, 5, 1, 1),
(54, 6, 1, 1),
(55, 2, 1, 1),
(55, 2, 7, 1),
(55, 3, 1, 1),
(55, 3, 7, 1),
(55, 4, 1, 1),
(55, 4, 7, 1),
(55, 5, 1, 1),
(55, 5, 7, 1),
(55, 6, 1, 1),
(55, 6, 7, 1),
(58, 2, 2, 1),
(58, 3, 2, 1),
(58, 4, 2, 1),
(58, 5, 2, 1),
(58, 6, 2, 1),
(59, 2, 2, 1),
(59, 3, 2, 1),
(59, 4, 2, 1),
(59, 5, 2, 1),
(59, 6, 2, 1),
(60, 2, 2, 1),
(60, 3, 2, 1),
(60, 4, 2, 1),
(60, 5, 2, 1),
(60, 6, 2, 1),
(63, 2, 1, 1),
(63, 3, 1, 1),
(63, 4, 1, 1),
(63, 5, 1, 1),
(63, 6, 1, 1),
(64, 2, 1, 1),
(64, 3, 1, 1),
(64, 4, 1, 1),
(64, 5, 1, 1),
(64, 6, 1, 1),
(68, 2, 4, 1),
(68, 3, 4, 1),
(68, 4, 4, 1),
(68, 5, 4, 1),
(68, 6, 4, 1),
(69, 2, 2, 1),
(69, 3, 2, 1),
(69, 4, 2, 1),
(69, 5, 2, 1),
(69, 6, 2, 1),
(70, 2, 1, 1),
(70, 2, 2, 1),
(70, 3, 1, 1),
(70, 3, 2, 1),
(70, 4, 1, 1),
(70, 4, 2, 1),
(70, 5, 1, 1),
(70, 5, 2, 1),
(70, 6, 1, 1),
(70, 6, 2, 1),
(71, 2, 4, 1),
(71, 3, 4, 1),
(71, 4, 4, 1),
(71, 5, 4, 1),
(71, 6, 4, 1),
(74, 2, 4, 1),
(74, 3, 4, 1),
(74, 4, 4, 1),
(74, 5, 4, 1),
(74, 6, 4, 1),
(75, 2, 1, 1),
(75, 3, 1, 1),
(75, 4, 1, 1),
(75, 5, 1, 1),
(75, 6, 1, 1),
(76, 2, 2, 1),
(76, 2, 4, 1),
(76, 2, 8, 1),
(76, 3, 2, 1),
(76, 3, 4, 1),
(76, 3, 8, 1),
(76, 4, 2, 1),
(76, 4, 4, 1),
(76, 4, 8, 1),
(76, 5, 2, 1),
(76, 5, 4, 1),
(76, 6, 2, 1),
(76, 6, 4, 1),
(78, 2, 1, 2),
(78, 3, 1, 2),
(78, 4, 1, 2),
(78, 5, 1, 2),
(78, 6, 1, 2),
(79, 2, 1, 1),
(79, 3, 1, 1),
(79, 4, 1, 1),
(79, 5, 1, 1),
(79, 6, 1, 1),
(81, 2, 1, 1),
(81, 4, 1, 1),
(81, 6, 1, 1),
(82, 2, 1, 1),
(82, 3, 1, 1),
(82, 4, 1, 1),
(82, 5, 1, 1),
(82, 6, 1, 1),
(84, 2, 1, 1),
(84, 2, 2, 1),
(84, 3, 1, 1),
(84, 3, 2, 1),
(84, 4, 1, 1),
(84, 4, 2, 1),
(84, 5, 1, 1),
(84, 5, 2, 1),
(84, 6, 1, 1),
(84, 6, 2, 1),
(85, 3, 4, 1),
(85, 4, 4, 1),
(85, 5, 4, 1),
(86, 3, 2, 1),
(86, 4, 2, 1),
(86, 5, 2, 1),
(87, 2, 9, 1),
(87, 3, 9, 1),
(87, 4, 9, 1),
(87, 5, 9, 1),
(87, 6, 9, 1),
(88, 2, 1, 1),
(88, 3, 1, 1),
(88, 4, 1, 1),
(88, 5, 1, 1),
(88, 6, 1, 1),
(89, 2, 2, 4),
(89, 3, 4, 4),
(89, 4, 2, 4),
(89, 5, 4, 4),
(89, 6, 2, 4),
(90, 2, 1, 2),
(90, 2, 4, 1),
(90, 3, 1, 2),
(90, 3, 4, 1),
(90, 4, 1, 2),
(90, 4, 4, 1),
(90, 5, 1, 2),
(90, 5, 4, 1),
(90, 6, 1, 2),
(90, 6, 4, 1),
(92, 2, 1, 1),
(92, 3, 1, 1),
(92, 4, 1, 1),
(92, 5, 1, 1),
(92, 6, 1, 1),
(93, 2, 2, 1),
(93, 3, 2, 1),
(93, 4, 2, 1),
(93, 5, 2, 1),
(93, 6, 2, 1),
(94, 2, 2, 1),
(94, 3, 2, 1),
(94, 4, 2, 1),
(94, 5, 2, 1),
(94, 6, 2, 1),
(95, 2, 2, 1),
(96, 2, 2, 1),
(96, 3, 2, 1),
(96, 4, 2, 1),
(96, 5, 2, 1),
(96, 6, 2, 1),
(97, 2, 4, 1),
(97, 3, 4, 1),
(97, 4, 4, 1),
(97, 5, 4, 1),
(97, 6, 4, 1),
(98, 2, 4, 1),
(98, 3, 4, 1),
(98, 4, 4, 1),
(98, 5, 4, 1),
(98, 6, 4, 1),
(99, 2, 4, 1),
(99, 3, 4, 1),
(99, 4, 4, 1),
(99, 5, 4, 1),
(99, 6, 4, 1),
(100, 2, 4, 1),
(100, 3, 4, 1),
(100, 4, 4, 1),
(100, 5, 4, 1),
(100, 6, 4, 1),
(102, 2, 4, 2),
(102, 3, 4, 2),
(102, 4, 4, 2),
(102, 5, 4, 2),
(102, 6, 4, 2),
(103, 2, 2, 1),
(103, 3, 2, 1),
(103, 4, 2, 1),
(103, 5, 2, 1),
(103, 6, 2, 1),
(104, 2, 1, 1),
(104, 3, 1, 1),
(104, 4, 1, 1),
(104, 5, 1, 1),
(104, 6, 1, 1),
(105, 2, 1, 1),
(105, 3, 1, 1),
(105, 4, 1, 1),
(105, 5, 1, 1),
(105, 6, 1, 1),
(107, 2, 2, 1),
(107, 2, 4, 1),
(107, 3, 2, 1),
(107, 3, 4, 1),
(107, 4, 2, 1),
(107, 4, 4, 1),
(107, 5, 2, 1),
(107, 5, 4, 1),
(107, 6, 2, 1),
(107, 6, 4, 1),
(108, 2, 2, 1),
(108, 3, 2, 1),
(108, 4, 2, 1),
(108, 5, 2, 1),
(108, 6, 2, 1),
(134, 2, 1, 1),
(134, 3, 1, 1),
(134, 4, 1, 1),
(134, 5, 1, 1),
(134, 6, 1, 1),
(135, 2, 10, 1),
(135, 3, 10, 1),
(135, 4, 10, 1),
(135, 5, 10, 1),
(135, 6, 10, 1),
(136, 2, 1, 1),
(136, 4, 1, 1),
(136, 6, 1, 1),
(137, 2, 1, 1),
(137, 3, 1, 1),
(137, 4, 1, 1),
(137, 5, 1, 1),
(137, 6, 1, 1),
(138, 2, 1, 1),
(138, 3, 1, 1),
(138, 4, 1, 1),
(138, 5, 1, 1),
(138, 6, 1, 1),
(140, 2, 1, 2),
(140, 3, 1, 2),
(140, 4, 1, 2),
(140, 5, 1, 2),
(140, 6, 1, 2),
(141, 2, 1, 1),
(141, 3, 1, 1),
(141, 4, 1, 1),
(141, 5, 1, 1),
(141, 6, 1, 1),
(142, 2, 1, 1),
(142, 3, 1, 1),
(142, 4, 1, 1),
(142, 5, 1, 1),
(142, 6, 1, 1),
(143, 2, 1, 1),
(143, 3, 1, 1),
(143, 4, 1, 1),
(143, 5, 1, 1),
(144, 2, 1, 1),
(144, 3, 1, 1),
(144, 4, 1, 1),
(144, 5, 1, 1),
(144, 6, 1, 1),
(145, 2, 1, 1),
(145, 3, 1, 1),
(145, 4, 1, 1),
(145, 5, 1, 1),
(145, 6, 1, 1),
(146, 2, 1, 1),
(146, 3, 1, 1),
(146, 4, 1, 1),
(146, 5, 1, 1),
(146, 6, 1, 1),
(147, 2, 1, 1),
(147, 3, 1, 1),
(147, 4, 1, 1),
(147, 5, 1, 1),
(148, 2, 1, 2),
(148, 3, 1, 2),
(148, 4, 1, 2),
(148, 5, 1, 2),
(148, 6, 1, 2),
(149, 2, 1, 1),
(149, 3, 1, 1),
(149, 4, 1, 1),
(149, 5, 1, 1),
(149, 6, 1, 1),
(152, 2, 1, 1),
(152, 4, 1, 1),
(152, 6, 1, 1),
(153, 2, 1, 1),
(153, 4, 1, 1),
(153, 6, 1, 1),
(154, 2, 1, 1),
(154, 3, 1, 1),
(154, 4, 1, 1),
(154, 5, 1, 1),
(154, 6, 1, 1),
(155, 2, 1, 1),
(155, 3, 1, 1),
(155, 4, 1, 1),
(155, 5, 1, 1),
(155, 6, 1, 1),
(156, 2, 2, 1),
(156, 3, 2, 1),
(156, 4, 2, 1),
(157, 2, 1, 1),
(157, 3, 1, 1),
(157, 4, 1, 1),
(157, 5, 1, 1),
(157, 6, 1, 1),
(158, 3, 2, 1),
(158, 4, 2, 1),
(158, 5, 2, 1),
(158, 6, 2, 1),
(159, 2, 2, 1),
(159, 3, 2, 1),
(159, 4, 2, 1),
(159, 5, 2, 1),
(159, 6, 2, 1),
(160, 2, 2, 1),
(160, 3, 2, 1),
(160, 4, 2, 1),
(160, 5, 2, 1),
(160, 6, 2, 1),
(161, 2, 5, 1),
(161, 3, 5, 1),
(161, 4, 5, 1),
(161, 5, 5, 1),
(161, 6, 5, 1),
(162, 2, 2, 1),
(162, 3, 2, 1),
(162, 4, 2, 1),
(162, 5, 2, 1),
(162, 6, 2, 1),
(163, 2, 2, 2),
(163, 3, 2, 2),
(163, 4, 2, 2),
(163, 5, 2, 2),
(163, 6, 2, 2),
(164, 2, 2, 1),
(164, 3, 2, 1),
(164, 4, 2, 1),
(164, 5, 2, 1),
(165, 3, 1, 1),
(165, 5, 1, 1),
(165, 6, 1, 1),
(167, 3, 2, 1),
(167, 4, 2, 1),
(167, 5, 2, 1),
(168, 2, 5, 1),
(168, 3, 5, 1),
(168, 4, 5, 1),
(168, 5, 5, 1),
(168, 6, 5, 1),
(169, 2, 2, 2),
(169, 3, 2, 2),
(169, 4, 2, 2),
(169, 5, 2, 2),
(169, 6, 2, 2),
(170, 2, 2, 1),
(170, 3, 2, 1),
(170, 4, 2, 1),
(170, 5, 2, 1),
(170, 6, 2, 1),
(171, 2, 2, 2),
(171, 3, 2, 2),
(171, 5, 2, 2),
(172, 2, 9, 1),
(172, 3, 9, 1),
(172, 4, 9, 1),
(172, 5, 9, 1),
(172, 6, 9, 1),
(173, 2, 4, 1),
(173, 3, 4, 1),
(173, 4, 2, 1),
(173, 5, 4, 1),
(173, 6, 4, 1),
(175, 2, 4, 1),
(175, 3, 4, 1),
(175, 4, 4, 1),
(175, 5, 4, 1),
(175, 6, 4, 1),
(176, 2, 4, 2),
(176, 4, 4, 2),
(176, 6, 4, 2),
(177, 2, 4, 1),
(177, 3, 4, 1),
(177, 4, 4, 1),
(177, 5, 4, 1),
(177, 6, 4, 1),
(178, 2, 4, 1),
(178, 3, 4, 1),
(178, 4, 4, 1),
(178, 5, 4, 1),
(178, 6, 4, 1),
(179, 2, 4, 1),
(179, 3, 4, 1),
(179, 4, 4, 1),
(179, 5, 4, 1),
(179, 6, 4, 1),
(180, 2, 4, 1),
(180, 3, 4, 1),
(180, 4, 4, 1),
(180, 5, 4, 1),
(180, 6, 4, 1),
(181, 2, 4, 2),
(181, 4, 4, 2),
(181, 6, 4, 2),
(182, 2, 4, 1),
(182, 3, 4, 1),
(182, 4, 4, 1),
(182, 5, 4, 1),
(182, 6, 4, 1),
(183, 2, 4, 2),
(183, 3, 4, 2),
(183, 4, 4, 2),
(183, 5, 4, 2),
(183, 6, 4, 2),
(184, 2, 11, 1),
(184, 3, 11, 1),
(184, 4, 11, 1),
(184, 5, 11, 1),
(184, 6, 11, 1),
(186, 2, 4, 2),
(186, 4, 4, 2),
(186, 6, 4, 2),
(187, 2, 4, 1),
(187, 3, 4, 1),
(187, 4, 4, 1),
(187, 5, 4, 1),
(187, 6, 4, 1),
(188, 2, 4, 1),
(188, 3, 4, 1),
(188, 4, 4, 1),
(188, 5, 4, 1),
(188, 6, 4, 1),
(189, 2, 1, 1),
(189, 2, 4, 1),
(189, 4, 1, 1),
(189, 4, 4, 1),
(189, 6, 1, 1),
(189, 6, 4, 1),
(190, 2, 2, 2),
(190, 2, 4, 1),
(190, 3, 2, 2),
(190, 3, 4, 1),
(190, 4, 2, 2),
(190, 4, 4, 1),
(191, 2, 2, 2),
(191, 2, 4, 2),
(191, 3, 2, 2),
(191, 3, 4, 2),
(191, 4, 2, 2),
(191, 4, 4, 2),
(191, 5, 2, 2),
(191, 5, 4, 2),
(191, 6, 2, 2),
(191, 6, 4, 2),
(193, 2, 1, 1),
(193, 2, 4, 1),
(193, 3, 1, 1),
(193, 3, 4, 1),
(193, 4, 1, 1),
(193, 4, 4, 1),
(193, 5, 1, 1),
(193, 5, 4, 1),
(193, 6, 1, 1),
(193, 6, 4, 1),
(194, 2, 1, 1),
(194, 2, 2, 1),
(194, 3, 1, 1),
(194, 3, 2, 1),
(194, 4, 1, 1),
(194, 4, 2, 1),
(194, 5, 1, 1),
(194, 5, 2, 1),
(194, 6, 1, 1),
(194, 6, 2, 1),
(195, 2, 4, 1),
(195, 2, 9, 1),
(195, 3, 4, 1),
(195, 3, 9, 1),
(195, 4, 4, 1),
(195, 4, 9, 1),
(195, 5, 4, 1),
(195, 5, 9, 1),
(195, 6, 4, 1),
(195, 6, 9, 1),
(196, 2, 1, 1),
(196, 2, 2, 1),
(196, 2, 4, 1),
(196, 3, 1, 1),
(196, 3, 2, 1),
(196, 3, 4, 1),
(196, 4, 1, 1),
(196, 4, 2, 1),
(196, 4, 4, 1),
(196, 5, 1, 1),
(196, 5, 2, 1),
(196, 5, 4, 1),
(196, 6, 1, 1),
(196, 6, 2, 1),
(196, 6, 4, 1),
(197, 2, 1, 1),
(197, 2, 2, 1),
(197, 3, 1, 1),
(197, 3, 2, 1),
(197, 4, 1, 1),
(197, 4, 2, 1),
(197, 5, 1, 1),
(197, 5, 2, 1),
(197, 6, 1, 1),
(197, 6, 2, 1),
(198, 2, 1, 1),
(198, 2, 2, 1),
(198, 3, 1, 1),
(198, 3, 2, 1),
(198, 4, 1, 1),
(198, 4, 2, 1),
(198, 5, 1, 1),
(198, 5, 2, 1),
(198, 6, 1, 1),
(198, 6, 2, 1),
(199, 2, 2, 1),
(199, 2, 4, 1),
(199, 3, 2, 1),
(199, 3, 4, 1),
(199, 4, 2, 1),
(199, 4, 4, 1),
(199, 5, 2, 1),
(199, 5, 4, 1),
(199, 6, 2, 1),
(199, 6, 4, 1),
(201, 2, 1, 1),
(201, 2, 2, 1),
(201, 3, 1, 1),
(201, 3, 2, 1),
(201, 4, 1, 1),
(201, 4, 2, 1),
(201, 5, 1, 1),
(201, 5, 2, 1),
(201, 6, 1, 1),
(201, 6, 2, 1),
(202, 2, 2, 2),
(202, 3, 4, 2),
(202, 4, 2, 2),
(202, 5, 4, 2),
(202, 6, 2, 2),
(203, 2, 2, 1),
(203, 3, 2, 1),
(203, 4, 2, 1),
(203, 5, 2, 1),
(203, 6, 2, 1),
(204, 2, 4, 1),
(204, 3, 4, 1),
(204, 4, 4, 1),
(204, 5, 4, 1),
(204, 6, 4, 1),
(205, 2, 4, 1),
(205, 3, 4, 1),
(205, 4, 4, 1),
(205, 5, 4, 1),
(205, 6, 4, 1),
(206, 2, 4, 1),
(206, 3, 4, 1),
(206, 4, 4, 1),
(206, 5, 4, 1),
(206, 6, 4, 1),
(207, 2, 1, 1),
(207, 4, 1, 1),
(207, 6, 1, 1),
(208, 2, 1, 2),
(208, 3, 1, 2),
(208, 4, 1, 2),
(208, 5, 1, 2),
(208, 6, 1, 2),
(209, 2, 1, 2),
(209, 3, 1, 2),
(209, 4, 1, 2),
(209, 5, 1, 2),
(209, 6, 1, 2),
(210, 2, 2, 1),
(210, 3, 2, 1),
(210, 4, 2, 1),
(210, 5, 2, 1),
(210, 6, 2, 1),
(211, 2, 2, 2),
(211, 4, 2, 2),
(212, 2, 2, 2),
(212, 3, 2, 2),
(212, 4, 2, 2),
(212, 5, 2, 2),
(212, 6, 2, 2),
(213, 2, 2, 1),
(213, 4, 2, 1),
(213, 6, 2, 1),
(214, 2, 2, 1),
(214, 3, 2, 1),
(214, 4, 2, 1),
(214, 5, 2, 1),
(214, 6, 2, 1),
(215, 2, 4, 1),
(215, 3, 4, 1),
(215, 4, 4, 1),
(215, 5, 4, 1),
(215, 6, 4, 1),
(216, 2, 4, 1),
(216, 3, 4, 1),
(216, 4, 4, 1),
(216, 5, 4, 1),
(216, 6, 4, 1),
(217, 2, 1, 1),
(217, 3, 1, 1),
(217, 4, 1, 1),
(217, 5, 1, 1),
(217, 6, 1, 1),
(218, 2, 1, 2),
(218, 3, 1, 2),
(218, 4, 1, 2),
(218, 5, 1, 2),
(218, 6, 1, 2),
(219, 2, 1, 2),
(219, 3, 1, 2),
(219, 4, 1, 2),
(219, 5, 1, 2),
(219, 6, 1, 2),
(221, 2, 4, 1),
(221, 3, 4, 1),
(221, 4, 4, 1),
(221, 5, 4, 1),
(221, 6, 4, 1),
(222, 2, 1, 1),
(222, 3, 1, 1),
(222, 4, 1, 1),
(222, 5, 1, 1),
(222, 6, 1, 1),
(223, 2, 1, 1),
(223, 3, 1, 1),
(223, 4, 1, 1),
(223, 5, 1, 1),
(223, 6, 1, 1),
(224, 2, 1, 1),
(224, 3, 1, 1),
(224, 4, 1, 1),
(224, 5, 1, 1),
(224, 6, 1, 1),
(225, 2, 1, 1),
(225, 3, 1, 1),
(225, 4, 1, 1),
(225, 5, 1, 1),
(225, 6, 1, 1),
(226, 2, 1, 1),
(226, 3, 1, 1),
(226, 4, 1, 1),
(226, 5, 1, 1),
(226, 6, 1, 1),
(227, 2, 1, 1),
(227, 3, 1, 1),
(227, 4, 1, 1),
(227, 5, 1, 1),
(227, 6, 1, 1),
(228, 2, 1, 1),
(228, 3, 1, 1),
(228, 4, 1, 1),
(228, 5, 1, 1),
(228, 6, 1, 1),
(229, 2, 1, 1),
(229, 3, 1, 1),
(229, 4, 1, 1),
(229, 5, 1, 1),
(229, 6, 1, 1),
(230, 2, 2, 1),
(230, 3, 2, 1),
(230, 4, 2, 1),
(230, 5, 2, 1),
(230, 6, 2, 1),
(231, 3, 2, 3),
(231, 5, 2, 3),
(231, 6, 2, 3),
(232, 2, 2, 1),
(232, 3, 2, 1),
(232, 4, 2, 1),
(232, 5, 2, 1),
(232, 6, 2, 1),
(233, 2, 2, 2),
(233, 3, 2, 2),
(233, 4, 2, 2),
(233, 5, 2, 2),
(233, 6, 2, 2),
(234, 2, 2, 1),
(234, 3, 2, 1),
(234, 4, 2, 1),
(234, 5, 2, 1),
(235, 2, 2, 1),
(235, 3, 2, 1),
(235, 4, 2, 1),
(235, 5, 2, 1),
(235, 6, 2, 1),
(236, 2, 2, 1),
(236, 3, 2, 1),
(236, 4, 2, 1),
(236, 5, 2, 1),
(237, 2, 9, 1),
(237, 3, 9, 1),
(237, 4, 9, 1),
(237, 5, 9, 1),
(237, 6, 9, 1),
(238, 2, 4, 1),
(238, 3, 2, 1),
(238, 4, 4, 1),
(238, 5, 2, 1),
(238, 6, 4, 1),
(239, 2, 4, 3),
(239, 3, 4, 3),
(239, 4, 4, 3),
(239, 5, 4, 3),
(239, 6, 4, 3),
(240, 2, 4, 1),
(240, 3, 4, 1),
(240, 4, 4, 1),
(240, 5, 4, 1),
(240, 6, 4, 1),
(241, 2, 2, 1),
(241, 3, 2, 1),
(241, 4, 2, 1),
(241, 5, 2, 1),
(241, 6, 2, 1),
(242, 2, 2, 1),
(242, 2, 4, 1),
(242, 3, 2, 1),
(242, 3, 4, 1),
(242, 4, 2, 1),
(242, 4, 4, 1),
(242, 5, 2, 1),
(242, 5, 4, 1),
(242, 6, 2, 1),
(242, 6, 4, 1),
(243, 2, 4, 1),
(243, 3, 4, 1),
(243, 4, 4, 1),
(243, 5, 4, 1),
(243, 6, 4, 1),
(244, 2, 1, 3),
(244, 3, 4, 3),
(244, 4, 4, 3),
(244, 5, 4, 3),
(245, 2, 4, 2),
(245, 3, 4, 2),
(245, 4, 4, 2),
(245, 5, 4, 2),
(245, 6, 4, 2),
(246, 2, 1, 1),
(246, 2, 4, 1),
(246, 3, 1, 1),
(246, 3, 4, 1),
(246, 4, 1, 1),
(246, 4, 4, 1),
(246, 5, 1, 1),
(246, 5, 4, 1),
(246, 6, 1, 1),
(246, 6, 4, 1),
(247, 2, 1, 1),
(247, 2, 4, 1),
(247, 4, 1, 1),
(247, 4, 4, 1),
(247, 5, 1, 1),
(247, 5, 4, 1),
(248, 2, 4, 1),
(248, 3, 4, 1),
(248, 4, 4, 1),
(248, 5, 4, 1),
(248, 6, 4, 1),
(249, 2, 1, 1),
(249, 2, 11, 1),
(249, 3, 1, 1),
(249, 3, 11, 1),
(249, 4, 1, 1),
(249, 4, 11, 1),
(249, 5, 1, 1),
(249, 5, 11, 1),
(249, 6, 1, 1),
(249, 6, 11, 1),
(250, 2, 1, 2),
(250, 2, 4, 1),
(250, 3, 1, 2),
(250, 3, 4, 1),
(250, 4, 1, 2),
(250, 4, 4, 1),
(250, 5, 1, 2),
(250, 5, 4, 1),
(250, 6, 1, 2),
(250, 6, 4, 1),
(251, 2, 1, 1),
(251, 2, 4, 1),
(251, 3, 1, 1),
(251, 3, 4, 1),
(251, 4, 1, 1),
(251, 4, 4, 1),
(251, 5, 1, 1),
(251, 5, 4, 1),
(251, 6, 1, 1),
(251, 6, 4, 1),
(252, 2, 4, 1),
(252, 2, 9, 1),
(252, 3, 4, 1),
(252, 3, 9, 1),
(252, 4, 4, 1),
(252, 4, 9, 1),
(252, 5, 4, 1),
(252, 5, 9, 1),
(252, 6, 4, 1),
(252, 6, 9, 1),
(253, 2, 2, 1),
(253, 3, 2, 1),
(253, 4, 2, 1),
(253, 5, 2, 1),
(253, 6, 2, 1),
(254, 2, 2, 1),
(254, 3, 2, 1),
(254, 4, 2, 1),
(254, 5, 2, 1),
(254, 6, 2, 1),
(255, 2, 1, 2),
(255, 3, 1, 2),
(255, 4, 1, 2),
(255, 5, 1, 2),
(255, 6, 1, 2),
(256, 2, 2, 1),
(256, 3, 2, 1),
(256, 4, 2, 1),
(256, 5, 2, 1),
(256, 6, 2, 1),
(257, 2, 4, 1),
(257, 3, 4, 1),
(257, 4, 4, 1),
(257, 5, 4, 1),
(257, 6, 4, 1),
(258, 2, 1, 1),
(258, 3, 1, 1),
(258, 4, 1, 1),
(258, 5, 1, 1),
(258, 6, 1, 1),
(259, 2, 1, 1),
(259, 3, 1, 1),
(259, 4, 1, 1),
(259, 5, 1, 1),
(259, 6, 1, 1),
(260, 2, 1, 1),
(260, 3, 1, 1),
(260, 4, 1, 1),
(260, 5, 1, 1),
(260, 6, 1, 1),
(261, 2, 1, 1),
(261, 4, 1, 1),
(261, 6, 1, 1),
(262, 2, 1, 1),
(262, 2, 4, 1),
(262, 3, 1, 1),
(262, 3, 4, 1),
(262, 4, 1, 1),
(262, 4, 4, 1),
(262, 5, 1, 1),
(262, 5, 4, 1),
(262, 6, 1, 1),
(262, 6, 4, 1),
(263, 2, 4, 1),
(263, 3, 4, 1),
(263, 4, 4, 1),
(263, 5, 4, 1),
(264, 2, 1, 1),
(264, 3, 1, 1),
(264, 4, 1, 1),
(264, 5, 1, 1),
(264, 6, 1, 1),
(265, 2, 1, 1),
(265, 3, 1, 1),
(265, 4, 1, 1),
(265, 5, 1, 1),
(265, 6, 1, 1),
(266, 2, 2, 1),
(266, 3, 2, 1),
(266, 4, 2, 1),
(266, 5, 2, 1),
(266, 6, 2, 1),
(267, 2, 1, 1),
(267, 3, 1, 1),
(267, 4, 1, 1),
(267, 5, 1, 1),
(267, 6, 1, 1),
(268, 2, 1, 4),
(268, 3, 1, 4),
(268, 4, 1, 4),
(268, 5, 1, 4),
(268, 6, 1, 4),
(269, 2, 1, 1),
(269, 3, 1, 1),
(269, 4, 1, 1),
(269, 5, 1, 1),
(269, 6, 1, 1),
(270, 2, 9, 1),
(270, 3, 9, 1),
(270, 4, 9, 1),
(270, 5, 9, 1),
(270, 6, 9, 1),
(271, 2, 1, 1),
(271, 3, 1, 1),
(271, 4, 1, 1),
(271, 5, 1, 1),
(271, 6, 1, 1),
(272, 2, 1, 1),
(272, 3, 1, 1),
(272, 4, 1, 1),
(272, 5, 1, 1),
(272, 6, 1, 1),
(273, 2, 1, 1),
(273, 3, 1, 1),
(273, 4, 1, 1),
(273, 5, 1, 1),
(273, 6, 1, 1),
(274, 2, 1, 1),
(274, 4, 1, 1),
(274, 6, 1, 1),
(275, 2, 1, 1),
(275, 3, 1, 1),
(275, 4, 1, 1),
(275, 5, 1, 1),
(275, 6, 1, 1),
(276, 2, 1, 1),
(276, 3, 1, 1),
(276, 4, 1, 1),
(276, 5, 1, 1),
(276, 6, 1, 1),
(277, 2, 2, 1),
(277, 3, 2, 1),
(277, 4, 2, 1),
(277, 5, 2, 1),
(277, 6, 2, 1),
(278, 2, 2, 1),
(278, 3, 2, 1),
(278, 4, 2, 1),
(278, 5, 2, 1),
(278, 6, 2, 1),
(279, 2, 2, 2),
(279, 3, 2, 2),
(279, 4, 2, 2),
(279, 5, 2, 2),
(279, 6, 2, 2),
(280, 2, 2, 2),
(280, 3, 2, 2),
(280, 4, 2, 2),
(280, 5, 2, 2),
(280, 6, 2, 2),
(281, 2, 2, 1),
(281, 3, 2, 1),
(281, 4, 2, 1),
(281, 5, 2, 1),
(281, 6, 2, 1),
(282, 2, 1, 2),
(282, 2, 4, 2),
(282, 3, 1, 2),
(282, 3, 4, 2),
(282, 4, 1, 2),
(282, 4, 4, 2),
(282, 5, 1, 2),
(282, 5, 4, 2),
(282, 6, 1, 2),
(282, 6, 4, 2),
(283, 2, 1, 1),
(283, 3, 1, 1),
(283, 4, 1, 1),
(283, 5, 1, 1),
(283, 6, 1, 1),
(284, 2, 1, 1),
(284, 3, 1, 1),
(284, 4, 1, 1),
(284, 5, 1, 1),
(284, 6, 1, 1),
(285, 2, 1, 1),
(285, 3, 1, 1),
(285, 4, 1, 1),
(285, 5, 1, 1),
(286, 2, 1, 1),
(286, 3, 1, 1),
(286, 4, 1, 1),
(286, 5, 1, 1),
(286, 6, 1, 1),
(287, 2, 1, 1),
(287, 3, 1, 1),
(287, 4, 1, 1),
(287, 5, 1, 1),
(287, 6, 1, 1),
(288, 4, 1, 1),
(288, 5, 1, 1),
(290, 2, 4, 1),
(290, 3, 4, 1),
(290, 4, 4, 1),
(290, 5, 4, 1),
(290, 6, 4, 1),
(291, 2, 1, 1),
(291, 2, 4, 1),
(291, 3, 1, 1),
(291, 3, 4, 1),
(291, 4, 1, 1),
(291, 4, 4, 1),
(291, 5, 1, 1),
(291, 5, 4, 1),
(291, 6, 1, 1),
(291, 6, 4, 1),
(292, 2, 2, 2),
(292, 3, 2, 2),
(292, 4, 2, 2),
(292, 5, 2, 2),
(292, 6, 2, 2),
(293, 2, 2, 2),
(293, 3, 2, 2),
(293, 4, 2, 2),
(293, 5, 2, 2),
(293, 6, 2, 2),
(294, 2, 1, 1),
(294, 3, 1, 1),
(294, 4, 1, 1),
(294, 5, 1, 1),
(294, 6, 1, 1),
(295, 2, 1, 1),
(295, 3, 1, 1),
(295, 4, 1, 1),
(295, 5, 1, 1),
(295, 6, 1, 1),
(296, 2, 2, 1),
(296, 3, 2, 1),
(296, 4, 2, 1),
(296, 5, 2, 1),
(296, 6, 2, 1),
(297, 2, 4, 1),
(297, 3, 4, 1),
(297, 4, 4, 1),
(297, 5, 4, 1),
(297, 6, 4, 1),
(298, 2, 4, 2),
(298, 3, 2, 2),
(298, 4, 4, 2),
(298, 5, 2, 2),
(298, 6, 4, 2),
(300, 2, 1, 1),
(300, 3, 1, 1),
(300, 4, 1, 1),
(300, 5, 1, 1),
(300, 6, 1, 1),
(301, 2, 2, 1),
(301, 3, 2, 1),
(301, 4, 2, 1),
(301, 5, 2, 1),
(301, 6, 2, 1),
(302, 2, 2, 1),
(302, 3, 2, 1),
(302, 4, 2, 1),
(302, 5, 2, 1),
(302, 6, 2, 1),
(303, 2, 4, 2),
(303, 3, 4, 2),
(303, 4, 4, 2),
(303, 5, 4, 2),
(303, 6, 4, 2),
(304, 2, 4, 1),
(304, 4, 4, 1),
(304, 6, 4, 1),
(305, 2, 1, 1),
(305, 3, 1, 1),
(305, 4, 1, 1),
(305, 5, 1, 1),
(305, 6, 1, 1),
(306, 2, 1, 2),
(306, 3, 2, 2),
(307, 2, 1, 1),
(307, 3, 1, 1),
(307, 4, 1, 1),
(307, 5, 1, 1),
(307, 6, 1, 1),
(308, 2, 1, 1),
(308, 3, 1, 1),
(308, 4, 1, 1),
(308, 5, 1, 1),
(308, 6, 1, 1),
(309, 2, 1, 2),
(309, 3, 1, 2),
(309, 4, 1, 2),
(309, 5, 1, 2),
(309, 6, 1, 2),
(310, 2, 1, 1),
(310, 3, 1, 1),
(310, 4, 1, 1),
(310, 5, 1, 1),
(310, 6, 1, 1),
(311, 2, 1, 1),
(311, 3, 1, 1),
(311, 4, 1, 1),
(311, 5, 1, 1),
(311, 6, 1, 1),
(312, 2, 1, 1),
(312, 3, 1, 1),
(312, 4, 1, 1),
(312, 5, 1, 1),
(312, 6, 1, 1),
(313, 2, 2, 1),
(313, 3, 2, 1),
(313, 4, 2, 1),
(313, 5, 2, 1),
(313, 6, 2, 1),
(314, 2, 2, 1),
(314, 3, 2, 1),
(314, 4, 2, 1),
(314, 5, 2, 1),
(314, 6, 2, 1),
(315, 2, 2, 1),
(315, 4, 2, 1),
(315, 6, 2, 1),
(316, 2, 2, 1),
(316, 3, 2, 1),
(316, 4, 2, 1),
(316, 5, 2, 1),
(316, 6, 2, 1),
(317, 2, 4, 1),
(317, 3, 4, 1),
(317, 4, 4, 1),
(317, 5, 4, 1),
(317, 6, 4, 1),
(318, 2, 4, 2),
(318, 4, 4, 2),
(318, 6, 4, 2),
(319, 2, 4, 3),
(319, 3, 4, 3),
(319, 4, 4, 3),
(319, 5, 4, 3),
(319, 6, 4, 3),
(320, 2, 1, 1),
(320, 2, 2, 1),
(320, 3, 1, 1),
(320, 3, 2, 1),
(320, 4, 1, 1),
(320, 4, 2, 1),
(320, 5, 1, 1),
(320, 5, 2, 1),
(320, 6, 1, 1),
(320, 6, 2, 1),
(321, 2, 1, 1),
(321, 2, 4, 1),
(321, 4, 1, 1),
(321, 4, 4, 1),
(321, 6, 1, 1),
(321, 6, 4, 1),
(322, 2, 2, 1),
(322, 2, 4, 1),
(322, 3, 2, 1),
(322, 3, 4, 1),
(322, 4, 2, 1),
(322, 4, 4, 1),
(322, 5, 2, 1),
(322, 5, 4, 1),
(322, 6, 2, 1),
(322, 6, 4, 1),
(323, 2, 1, 1),
(323, 3, 1, 1),
(323, 4, 1, 1),
(323, 5, 1, 1),
(323, 6, 1, 1),
(324, 2, 1, 1),
(324, 3, 1, 1),
(324, 4, 1, 1),
(324, 5, 1, 1),
(324, 6, 1, 1),
(325, 2, 1, 1),
(325, 3, 1, 1),
(325, 4, 1, 1),
(325, 5, 1, 1),
(325, 6, 1, 1),
(326, 2, 1, 1),
(326, 3, 1, 1),
(326, 4, 1, 1),
(326, 5, 1, 1),
(326, 6, 1, 1),
(327, 2, 1, 1),
(327, 3, 1, 1),
(327, 4, 1, 1),
(327, 5, 1, 1),
(327, 6, 1, 1),
(328, 2, 1, 1),
(328, 3, 1, 1),
(328, 4, 1, 1),
(328, 5, 1, 1),
(328, 6, 1, 1),
(329, 2, 1, 1),
(329, 3, 1, 1),
(329, 4, 1, 1),
(329, 5, 1, 1),
(329, 6, 1, 1),
(330, 2, 1, 2),
(330, 3, 1, 2),
(330, 4, 1, 2),
(330, 5, 1, 2),
(330, 6, 1, 2),
(331, 2, 1, 1),
(331, 3, 1, 1),
(331, 4, 1, 1),
(331, 5, 1, 1),
(331, 6, 1, 1),
(332, 3, 1, 1),
(332, 5, 1, 1),
(333, 2, 2, 1),
(333, 3, 2, 1),
(333, 4, 2, 1),
(333, 5, 2, 1),
(333, 6, 2, 1),
(334, 2, 2, 2),
(334, 3, 2, 2),
(334, 4, 2, 2),
(334, 5, 2, 2),
(334, 6, 2, 2),
(335, 2, 2, 1),
(335, 3, 2, 1),
(335, 4, 2, 1),
(335, 5, 2, 1),
(335, 6, 2, 1),
(336, 2, 2, 1),
(336, 3, 2, 1),
(336, 4, 2, 1),
(336, 5, 2, 1),
(336, 6, 2, 1),
(337, 2, 2, 1),
(337, 2, 4, 1),
(337, 3, 2, 1),
(337, 3, 4, 1),
(337, 4, 2, 1),
(337, 4, 4, 1),
(337, 5, 2, 1),
(337, 5, 4, 1),
(337, 6, 2, 1),
(337, 6, 4, 1),
(338, 2, 4, 1),
(338, 3, 4, 1),
(338, 4, 4, 1),
(338, 5, 4, 1),
(338, 6, 4, 1),
(339, 2, 4, 1),
(339, 3, 4, 1),
(339, 4, 4, 1),
(339, 5, 4, 1),
(339, 6, 4, 1),
(340, 2, 4, 2),
(340, 3, 4, 2),
(340, 4, 4, 2),
(340, 5, 4, 2),
(340, 6, 4, 2),
(341, 2, 1, 1),
(341, 2, 4, 2),
(341, 3, 1, 1),
(341, 3, 4, 2),
(341, 4, 1, 1),
(341, 4, 4, 2),
(341, 5, 1, 1),
(341, 5, 4, 2),
(341, 6, 1, 1),
(341, 6, 4, 2),
(342, 2, 1, 1),
(342, 2, 4, 2),
(342, 3, 1, 1),
(342, 3, 4, 2),
(342, 4, 1, 1),
(342, 4, 4, 2),
(342, 5, 1, 1),
(342, 5, 4, 2),
(342, 6, 1, 1),
(342, 6, 4, 2),
(343, 2, 2, 1),
(343, 2, 4, 1),
(343, 3, 2, 1),
(343, 3, 4, 1),
(343, 4, 2, 1),
(343, 4, 4, 1),
(343, 5, 2, 1),
(343, 5, 4, 1),
(343, 6, 2, 1),
(343, 6, 4, 1),
(344, 2, 1, 1),
(344, 2, 4, 1),
(344, 3, 1, 1),
(344, 3, 4, 1),
(344, 4, 1, 1),
(344, 4, 4, 1),
(344, 5, 1, 1),
(344, 5, 4, 1),
(344, 6, 1, 1),
(344, 6, 4, 1),
(345, 2, 1, 1),
(345, 3, 1, 1),
(345, 4, 1, 1),
(345, 5, 1, 1),
(345, 6, 1, 1),
(346, 2, 1, 1),
(346, 3, 1, 1),
(346, 4, 1, 1),
(346, 5, 1, 1),
(346, 6, 1, 1),
(347, 2, 1, 2),
(347, 3, 1, 2),
(347, 4, 1, 2),
(347, 5, 1, 2),
(347, 6, 1, 2),
(348, 2, 4, 1),
(348, 3, 4, 1),
(348, 4, 4, 1),
(348, 5, 4, 1),
(348, 6, 4, 1),
(349, 2, 1, 1),
(349, 3, 1, 1),
(349, 4, 1, 1),
(349, 6, 1, 1),
(350, 2, 2, 1),
(350, 3, 2, 1),
(350, 4, 2, 1),
(350, 5, 2, 1),
(350, 6, 2, 1),
(351, 2, 1, 1),
(351, 3, 1, 1),
(351, 4, 1, 1),
(351, 5, 1, 1),
(351, 6, 1, 1),
(352, 2, 9, 1),
(352, 3, 9, 1),
(352, 4, 9, 1),
(352, 5, 9, 1),
(352, 6, 9, 1),
(353, 2, 1, 1),
(353, 3, 1, 1),
(353, 4, 1, 1),
(353, 5, 1, 1),
(353, 6, 1, 1),
(354, 2, 1, 1),
(354, 3, 1, 1),
(354, 4, 1, 1),
(354, 5, 1, 1),
(354, 6, 1, 1),
(355, 2, 1, 1),
(355, 3, 1, 1),
(355, 4, 1, 1),
(355, 5, 1, 1),
(355, 6, 1, 1),
(356, 2, 1, 1),
(356, 3, 1, 1),
(356, 4, 1, 1),
(356, 5, 1, 1),
(356, 6, 1, 1),
(357, 2, 1, 1),
(357, 3, 1, 1),
(357, 4, 1, 1),
(357, 5, 1, 1),
(357, 6, 1, 1),
(358, 2, 1, 1),
(358, 3, 1, 1),
(358, 4, 1, 1),
(358, 5, 1, 1),
(358, 6, 1, 1),
(359, 2, 1, 1),
(359, 3, 1, 1),
(359, 4, 1, 1),
(359, 5, 1, 1),
(359, 6, 1, 1);

-- --------------------------------------------------------

--
-- Estructura de tabla para la tabla `dia_semana`
--

CREATE TABLE IF NOT EXISTS `dia_semana` (
  `id` int(11) NOT NULL AUTO_INCREMENT,
  `nombre` varchar(45) DEFAULT NULL,
  `descripcion` varchar(45) DEFAULT NULL,
  PRIMARY KEY (`id`)
) ENGINE=InnoDB  DEFAULT CHARSET=latin1 AUTO_INCREMENT=8 ;

--
-- Volcado de datos para la tabla `dia_semana`
--

INSERT INTO `dia_semana` (`id`, `nombre`, `descripcion`) VALUES
(2, 'Lunes', NULL),
(3, 'Martes', NULL),
(4, 'Miercoles', NULL),
(5, 'Jueves', NULL),
(6, 'Viernes', NULL);

-- --------------------------------------------------------

--
-- Estructura de tabla para la tabla `empresa`
--

CREATE TABLE IF NOT EXISTS `empresa` (
  `id` int(11) NOT NULL AUTO_INCREMENT,
  `nombre` varchar(45) NOT NULL,
  `idlocalidad` int(11) NOT NULL,
  `created_at` timestamp NOT NULL DEFAULT CURRENT_TIMESTAMP ON UPDATE CURRENT_TIMESTAMP,
  `updated_at` timestamp NULL DEFAULT NULL,
  `deleted_at` timestamp NULL DEFAULT NULL,
  `envio` int(11) NOT NULL DEFAULT '0',
  PRIMARY KEY (`id`),
  KEY `fk_loc_idx` (`idlocalidad`)
) ENGINE=InnoDB  DEFAULT CHARSET=latin1 AUTO_INCREMENT=6 ;

--
-- Volcado de datos para la tabla `empresa`
--

INSERT INTO `empresa` (`id`, `nombre`, `idlocalidad`, `created_at`, `updated_at`, `deleted_at`, `envio`) VALUES
(2, 'Vicentin', 1, '2016-02-08 15:26:44', '2016-01-04 21:09:18', '2016-02-07 17:20:21', 1),
(3, 'Banco', 3, '2016-02-08 15:49:21', '2016-02-08 18:49:21', '2016-02-07 17:20:21', 1);

-- --------------------------------------------------------

--
-- Estructura de tabla para la tabla `empresa_vianda`
--

CREATE TABLE IF NOT EXISTS `empresa_vianda` (
  `empresa_id` int(11) NOT NULL,
  `tipo_vianda_id` int(11) NOT NULL,
  `precio` double NOT NULL DEFAULT '0',
  PRIMARY KEY (`empresa_id`,`tipo_vianda_id`),
  KEY `fk_tipo_vianda_idx` (`tipo_vianda_id`)
) ENGINE=InnoDB DEFAULT CHARSET=utf8 COLLATE=utf8_spanish_ci;

--
-- Volcado de datos para la tabla `empresa_vianda`
--

INSERT INTO `empresa_vianda` (`empresa_id`, `tipo_vianda_id`, `precio`) VALUES
(2, 1, 60),
(2, 2, 60),
(2, 4, 60),
(3, 1, 45),
(3, 2, 45),
(3, 4, 45);

-- --------------------------------------------------------

--
-- Estructura de tabla para la tabla `envios`
--

CREATE TABLE IF NOT EXISTS `envios` (
  `id` int(11) NOT NULL AUTO_INCREMENT,
  `zona` varchar(45) DEFAULT NULL,
  `precio` varchar(45) DEFAULT NULL,
  `observaciones` varchar(45) DEFAULT NULL,
  PRIMARY KEY (`id`)
) ENGINE=InnoDB DEFAULT CHARSET=latin1 AUTO_INCREMENT=1 ;

-- --------------------------------------------------------

--
-- Estructura de tabla para la tabla `gasto`
--

CREATE TABLE IF NOT EXISTS `gasto` (
  `id` int(11) NOT NULL AUTO_INCREMENT,
  `descripcion` varchar(255) DEFAULT NULL,
  `idtipo_gasto` int(11) NOT NULL,
  `monto` double NOT NULL DEFAULT '0',
  `fecha` date NOT NULL,
  `created_at` timestamp NOT NULL DEFAULT CURRENT_TIMESTAMP ON UPDATE CURRENT_TIMESTAMP,
  `updated_at` timestamp NULL DEFAULT NULL,
  `deleted_at` timestamp NULL DEFAULT NULL,
  PRIMARY KEY (`id`),
  KEY `fk_tipo_gasto_idx` (`idtipo_gasto`)
) ENGINE=InnoDB  DEFAULT CHARSET=latin1 AUTO_INCREMENT=9 ;

--
-- Volcado de datos para la tabla `gasto`
--

INSERT INTO `gasto` (`id`, `descripcion`, `idtipo_gasto`, `monto`, `fecha`, `created_at`, `updated_at`, `deleted_at`) VALUES
(3, 'Libreria', 2, 10, '2015-11-04', '2015-11-04 22:29:11', '2015-11-04 22:29:11', NULL),
(5, 'Gasto', 2, 5, '2015-04-11', '2015-11-04 22:34:31', '2015-11-04 22:34:31', NULL),
(6, 'GAstooo', 2, 100, '2015-04-11', '2015-11-04 22:35:04', '2015-11-04 22:35:04', NULL),
(7, 'Desc', 2, 100, '2015-11-04', '2015-11-04 22:35:29', '2015-11-04 22:35:29', NULL),
(8, 'Zarpado Gasto', 2, 10.4, '2015-11-04', '2015-11-04 22:44:12', '2015-11-04 22:44:12', NULL);

-- --------------------------------------------------------

--
-- Estructura de tabla para la tabla `localidad`
--

CREATE TABLE IF NOT EXISTS `localidad` (
  `id` int(11) NOT NULL AUTO_INCREMENT,
  `nombre` varchar(45) NOT NULL,
  `costo_envio` double NOT NULL DEFAULT '0',
  `updated_at` timestamp NULL DEFAULT NULL,
  `created_at` timestamp NOT NULL DEFAULT '0000-00-00 00:00:00',
  `deleted_at` timestamp NULL DEFAULT NULL,
  PRIMARY KEY (`id`),
  UNIQUE KEY `nombre_UNIQUE` (`nombre`)
) ENGINE=InnoDB  DEFAULT CHARSET=latin1 AUTO_INCREMENT=4 ;

--
-- Volcado de datos para la tabla `localidad`
--

INSERT INTO `localidad` (`id`, `nombre`, `costo_envio`, `updated_at`, `created_at`, `deleted_at`) VALUES
(1, 'Avellaneda', 15, '2016-05-06 00:49:56', '0000-00-00 00:00:00', NULL),
(3, 'Reconquista', 10, '2016-05-06 00:50:02', '2015-12-16 06:40:58', NULL);

-- --------------------------------------------------------

--
-- Estructura de tabla para la tabla `no_laborables`
--

CREATE TABLE IF NOT EXISTS `no_laborables` (
  `id` int(11) NOT NULL AUTO_INCREMENT,
  `fecha` date DEFAULT NULL,
  `motivo` varchar(45) DEFAULT NULL,
  `estado` varchar(45) DEFAULT NULL,
  `created_at` datetime NOT NULL,
  `updated_at` datetime NOT NULL,
  PRIMARY KEY (`id`)
) ENGINE=InnoDB  DEFAULT CHARSET=latin1 AUTO_INCREMENT=4 ;

--
-- Volcado de datos para la tabla `no_laborables`
--

INSERT INTO `no_laborables` (`id`, `fecha`, `motivo`, `estado`, `created_at`, `updated_at`) VALUES
(2, '2014-11-24', 'alguno', NULL, '2015-10-15 03:51:25', '2015-10-15 03:51:40'),
(3, '2016-01-14', 'feriado nacional', NULL, '2016-01-14 11:31:49', '2016-01-14 11:31:49');

-- --------------------------------------------------------

--
-- Estructura de tabla para la tabla `no_me_gusta`
--

CREATE TABLE IF NOT EXISTS `no_me_gusta` (
  `cliente_id` int(11) NOT NULL,
  `alimento_id` int(11) NOT NULL,
  `created_at` datetime NOT NULL,
  `updated_at` datetime NOT NULL,
  KEY `fk_no_me_gusta_cliente_idx` (`cliente_id`),
  KEY `fk_no_me_gusta_alimento1_idx` (`alimento_id`)
) ENGINE=InnoDB DEFAULT CHARSET=latin1;

--
-- Volcado de datos para la tabla `no_me_gusta`
--

INSERT INTO `no_me_gusta` (`cliente_id`, `alimento_id`, `created_at`, `updated_at`) VALUES
(19, 4, '0000-00-00 00:00:00', '0000-00-00 00:00:00'),
(19, 7, '0000-00-00 00:00:00', '0000-00-00 00:00:00'),
(19, 12, '0000-00-00 00:00:00', '0000-00-00 00:00:00'),
(19, 25, '0000-00-00 00:00:00', '0000-00-00 00:00:00'),
(19, 26, '0000-00-00 00:00:00', '0000-00-00 00:00:00'),
(19, 31, '0000-00-00 00:00:00', '0000-00-00 00:00:00'),
(19, 33, '0000-00-00 00:00:00', '0000-00-00 00:00:00'),
(19, 39, '0000-00-00 00:00:00', '0000-00-00 00:00:00'),
(19, 40, '0000-00-00 00:00:00', '0000-00-00 00:00:00'),
(19, 41, '0000-00-00 00:00:00', '0000-00-00 00:00:00'),
(20, 2, '0000-00-00 00:00:00', '0000-00-00 00:00:00'),
(20, 4, '0000-00-00 00:00:00', '0000-00-00 00:00:00'),
(20, 10, '0000-00-00 00:00:00', '0000-00-00 00:00:00'),
(20, 11, '0000-00-00 00:00:00', '0000-00-00 00:00:00'),
(20, 13, '0000-00-00 00:00:00', '0000-00-00 00:00:00'),
(20, 14, '0000-00-00 00:00:00', '0000-00-00 00:00:00'),
(20, 16, '0000-00-00 00:00:00', '0000-00-00 00:00:00'),
(20, 17, '0000-00-00 00:00:00', '0000-00-00 00:00:00'),
(20, 18, '0000-00-00 00:00:00', '0000-00-00 00:00:00'),
(20, 20, '0000-00-00 00:00:00', '0000-00-00 00:00:00'),
(20, 23, '0000-00-00 00:00:00', '0000-00-00 00:00:00'),
(20, 25, '0000-00-00 00:00:00', '0000-00-00 00:00:00'),
(20, 26, '0000-00-00 00:00:00', '0000-00-00 00:00:00'),
(20, 31, '0000-00-00 00:00:00', '0000-00-00 00:00:00'),
(20, 33, '0000-00-00 00:00:00', '0000-00-00 00:00:00'),
(20, 34, '0000-00-00 00:00:00', '0000-00-00 00:00:00'),
(20, 36, '0000-00-00 00:00:00', '0000-00-00 00:00:00'),
(21, 2, '0000-00-00 00:00:00', '0000-00-00 00:00:00'),
(21, 7, '0000-00-00 00:00:00', '0000-00-00 00:00:00'),
(21, 11, '0000-00-00 00:00:00', '0000-00-00 00:00:00'),
(21, 23, '0000-00-00 00:00:00', '0000-00-00 00:00:00'),
(21, 26, '0000-00-00 00:00:00', '0000-00-00 00:00:00'),
(21, 29, '0000-00-00 00:00:00', '0000-00-00 00:00:00'),
(21, 31, '0000-00-00 00:00:00', '0000-00-00 00:00:00'),
(22, 7, '0000-00-00 00:00:00', '0000-00-00 00:00:00'),
(24, 4, '0000-00-00 00:00:00', '0000-00-00 00:00:00'),
(24, 6, '0000-00-00 00:00:00', '0000-00-00 00:00:00'),
(24, 7, '0000-00-00 00:00:00', '0000-00-00 00:00:00'),
(24, 9, '0000-00-00 00:00:00', '0000-00-00 00:00:00'),
(24, 11, '0000-00-00 00:00:00', '0000-00-00 00:00:00'),
(24, 12, '0000-00-00 00:00:00', '0000-00-00 00:00:00'),
(24, 13, '0000-00-00 00:00:00', '0000-00-00 00:00:00'),
(24, 27, '0000-00-00 00:00:00', '0000-00-00 00:00:00'),
(24, 30, '0000-00-00 00:00:00', '0000-00-00 00:00:00'),
(24, 31, '0000-00-00 00:00:00', '0000-00-00 00:00:00'),
(24, 47, '0000-00-00 00:00:00', '0000-00-00 00:00:00'),
(38, 1, '0000-00-00 00:00:00', '0000-00-00 00:00:00'),
(38, 6, '0000-00-00 00:00:00', '0000-00-00 00:00:00'),
(38, 7, '0000-00-00 00:00:00', '0000-00-00 00:00:00'),
(38, 9, '0000-00-00 00:00:00', '0000-00-00 00:00:00'),
(38, 10, '0000-00-00 00:00:00', '0000-00-00 00:00:00'),
(38, 11, '0000-00-00 00:00:00', '0000-00-00 00:00:00'),
(38, 13, '0000-00-00 00:00:00', '0000-00-00 00:00:00'),
(38, 14, '0000-00-00 00:00:00', '0000-00-00 00:00:00'),
(38, 18, '0000-00-00 00:00:00', '0000-00-00 00:00:00'),
(38, 22, '0000-00-00 00:00:00', '0000-00-00 00:00:00'),
(38, 23, '0000-00-00 00:00:00', '0000-00-00 00:00:00'),
(38, 24, '0000-00-00 00:00:00', '0000-00-00 00:00:00'),
(38, 26, '0000-00-00 00:00:00', '0000-00-00 00:00:00'),
(38, 28, '0000-00-00 00:00:00', '0000-00-00 00:00:00'),
(38, 30, '0000-00-00 00:00:00', '0000-00-00 00:00:00'),
(38, 31, '0000-00-00 00:00:00', '0000-00-00 00:00:00'),
(38, 32, '0000-00-00 00:00:00', '0000-00-00 00:00:00'),
(38, 33, '0000-00-00 00:00:00', '0000-00-00 00:00:00'),
(38, 34, '0000-00-00 00:00:00', '0000-00-00 00:00:00'),
(38, 36, '0000-00-00 00:00:00', '0000-00-00 00:00:00'),
(38, 45, '0000-00-00 00:00:00', '0000-00-00 00:00:00'),
(39, 2, '0000-00-00 00:00:00', '0000-00-00 00:00:00'),
(39, 4, '0000-00-00 00:00:00', '0000-00-00 00:00:00'),
(39, 6, '0000-00-00 00:00:00', '0000-00-00 00:00:00'),
(39, 7, '0000-00-00 00:00:00', '0000-00-00 00:00:00'),
(39, 9, '0000-00-00 00:00:00', '0000-00-00 00:00:00'),
(39, 11, '0000-00-00 00:00:00', '0000-00-00 00:00:00'),
(39, 12, '0000-00-00 00:00:00', '0000-00-00 00:00:00'),
(39, 13, '0000-00-00 00:00:00', '0000-00-00 00:00:00'),
(39, 21, '0000-00-00 00:00:00', '0000-00-00 00:00:00'),
(39, 26, '0000-00-00 00:00:00', '0000-00-00 00:00:00'),
(39, 27, '0000-00-00 00:00:00', '0000-00-00 00:00:00'),
(39, 28, '0000-00-00 00:00:00', '0000-00-00 00:00:00'),
(39, 30, '0000-00-00 00:00:00', '0000-00-00 00:00:00'),
(39, 31, '0000-00-00 00:00:00', '0000-00-00 00:00:00'),
(39, 33, '0000-00-00 00:00:00', '0000-00-00 00:00:00'),
(39, 43, '0000-00-00 00:00:00', '0000-00-00 00:00:00'),
(39, 44, '0000-00-00 00:00:00', '0000-00-00 00:00:00'),
(39, 47, '0000-00-00 00:00:00', '0000-00-00 00:00:00'),
(40, 1, '0000-00-00 00:00:00', '0000-00-00 00:00:00'),
(40, 4, '0000-00-00 00:00:00', '0000-00-00 00:00:00'),
(40, 7, '0000-00-00 00:00:00', '0000-00-00 00:00:00'),
(40, 9, '0000-00-00 00:00:00', '0000-00-00 00:00:00'),
(40, 11, '0000-00-00 00:00:00', '0000-00-00 00:00:00'),
(40, 12, '0000-00-00 00:00:00', '0000-00-00 00:00:00'),
(40, 13, '0000-00-00 00:00:00', '0000-00-00 00:00:00'),
(40, 25, '0000-00-00 00:00:00', '0000-00-00 00:00:00'),
(40, 26, '0000-00-00 00:00:00', '0000-00-00 00:00:00'),
(40, 27, '0000-00-00 00:00:00', '0000-00-00 00:00:00'),
(40, 28, '0000-00-00 00:00:00', '0000-00-00 00:00:00'),
(40, 30, '0000-00-00 00:00:00', '0000-00-00 00:00:00'),
(40, 31, '0000-00-00 00:00:00', '0000-00-00 00:00:00'),
(40, 32, '0000-00-00 00:00:00', '0000-00-00 00:00:00'),
(40, 33, '0000-00-00 00:00:00', '0000-00-00 00:00:00'),
(40, 36, '0000-00-00 00:00:00', '0000-00-00 00:00:00'),
(40, 44, '0000-00-00 00:00:00', '0000-00-00 00:00:00'),
(40, 47, '0000-00-00 00:00:00', '0000-00-00 00:00:00'),
(41, 1, '0000-00-00 00:00:00', '0000-00-00 00:00:00'),
(41, 4, '0000-00-00 00:00:00', '0000-00-00 00:00:00'),
(41, 5, '0000-00-00 00:00:00', '0000-00-00 00:00:00'),
(41, 7, '0000-00-00 00:00:00', '0000-00-00 00:00:00'),
(41, 10, '0000-00-00 00:00:00', '0000-00-00 00:00:00'),
(41, 11, '0000-00-00 00:00:00', '0000-00-00 00:00:00'),
(41, 13, '0000-00-00 00:00:00', '0000-00-00 00:00:00'),
(41, 15, '0000-00-00 00:00:00', '0000-00-00 00:00:00'),
(41, 25, '0000-00-00 00:00:00', '0000-00-00 00:00:00'),
(41, 26, '0000-00-00 00:00:00', '0000-00-00 00:00:00'),
(41, 28, '0000-00-00 00:00:00', '0000-00-00 00:00:00'),
(41, 29, '0000-00-00 00:00:00', '0000-00-00 00:00:00'),
(41, 30, '0000-00-00 00:00:00', '0000-00-00 00:00:00'),
(37, 1, '0000-00-00 00:00:00', '0000-00-00 00:00:00'),
(37, 6, '0000-00-00 00:00:00', '0000-00-00 00:00:00'),
(37, 7, '0000-00-00 00:00:00', '0000-00-00 00:00:00'),
(37, 9, '0000-00-00 00:00:00', '0000-00-00 00:00:00'),
(37, 12, '0000-00-00 00:00:00', '0000-00-00 00:00:00'),
(37, 14, '0000-00-00 00:00:00', '0000-00-00 00:00:00'),
(37, 27, '0000-00-00 00:00:00', '0000-00-00 00:00:00'),
(34, 2, '0000-00-00 00:00:00', '0000-00-00 00:00:00'),
(34, 10, '0000-00-00 00:00:00', '0000-00-00 00:00:00'),
(34, 11, '0000-00-00 00:00:00', '0000-00-00 00:00:00'),
(34, 12, '0000-00-00 00:00:00', '0000-00-00 00:00:00'),
(34, 13, '0000-00-00 00:00:00', '0000-00-00 00:00:00'),
(34, 15, '0000-00-00 00:00:00', '0000-00-00 00:00:00'),
(34, 23, '0000-00-00 00:00:00', '0000-00-00 00:00:00'),
(34, 25, '0000-00-00 00:00:00', '0000-00-00 00:00:00'),
(34, 26, '0000-00-00 00:00:00', '0000-00-00 00:00:00'),
(34, 28, '0000-00-00 00:00:00', '0000-00-00 00:00:00'),
(34, 31, '0000-00-00 00:00:00', '0000-00-00 00:00:00'),
(34, 39, '0000-00-00 00:00:00', '0000-00-00 00:00:00'),
(34, 52, '0000-00-00 00:00:00', '0000-00-00 00:00:00'),
(33, 2, '0000-00-00 00:00:00', '0000-00-00 00:00:00'),
(33, 3, '0000-00-00 00:00:00', '0000-00-00 00:00:00'),
(33, 7, '0000-00-00 00:00:00', '0000-00-00 00:00:00'),
(33, 10, '0000-00-00 00:00:00', '0000-00-00 00:00:00'),
(33, 12, '0000-00-00 00:00:00', '0000-00-00 00:00:00'),
(33, 14, '0000-00-00 00:00:00', '0000-00-00 00:00:00'),
(33, 18, '0000-00-00 00:00:00', '0000-00-00 00:00:00'),
(33, 21, '0000-00-00 00:00:00', '0000-00-00 00:00:00'),
(33, 28, '0000-00-00 00:00:00', '0000-00-00 00:00:00'),
(33, 36, '0000-00-00 00:00:00', '0000-00-00 00:00:00'),
(33, 46, '0000-00-00 00:00:00', '0000-00-00 00:00:00'),
(33, 51, '0000-00-00 00:00:00', '0000-00-00 00:00:00'),
(32, 23, '0000-00-00 00:00:00', '0000-00-00 00:00:00'),
(32, 24, '0000-00-00 00:00:00', '0000-00-00 00:00:00'),
(32, 26, '0000-00-00 00:00:00', '0000-00-00 00:00:00'),
(32, 51, '0000-00-00 00:00:00', '0000-00-00 00:00:00'),
(30, 6, '0000-00-00 00:00:00', '0000-00-00 00:00:00'),
(30, 37, '0000-00-00 00:00:00', '0000-00-00 00:00:00'),
(30, 41, '0000-00-00 00:00:00', '0000-00-00 00:00:00'),
(30, 46, '0000-00-00 00:00:00', '0000-00-00 00:00:00'),
(29, 10, '0000-00-00 00:00:00', '0000-00-00 00:00:00'),
(29, 30, '0000-00-00 00:00:00', '0000-00-00 00:00:00'),
(28, 12, '0000-00-00 00:00:00', '0000-00-00 00:00:00'),
(28, 17, '0000-00-00 00:00:00', '0000-00-00 00:00:00'),
(27, 2, '0000-00-00 00:00:00', '0000-00-00 00:00:00'),
(27, 7, '0000-00-00 00:00:00', '0000-00-00 00:00:00'),
(27, 18, '0000-00-00 00:00:00', '0000-00-00 00:00:00'),
(26, 10, '0000-00-00 00:00:00', '0000-00-00 00:00:00'),
(26, 28, '0000-00-00 00:00:00', '0000-00-00 00:00:00'),
(42, 2, '0000-00-00 00:00:00', '0000-00-00 00:00:00'),
(42, 4, '0000-00-00 00:00:00', '0000-00-00 00:00:00'),
(42, 11, '0000-00-00 00:00:00', '0000-00-00 00:00:00'),
(42, 13, '0000-00-00 00:00:00', '0000-00-00 00:00:00'),
(42, 15, '0000-00-00 00:00:00', '0000-00-00 00:00:00'),
(42, 18, '0000-00-00 00:00:00', '0000-00-00 00:00:00'),
(42, 26, '0000-00-00 00:00:00', '0000-00-00 00:00:00'),
(42, 29, '0000-00-00 00:00:00', '0000-00-00 00:00:00'),
(44, 2, '0000-00-00 00:00:00', '0000-00-00 00:00:00'),
(44, 3, '0000-00-00 00:00:00', '0000-00-00 00:00:00'),
(44, 5, '0000-00-00 00:00:00', '0000-00-00 00:00:00'),
(44, 15, '0000-00-00 00:00:00', '0000-00-00 00:00:00'),
(44, 16, '0000-00-00 00:00:00', '0000-00-00 00:00:00'),
(44, 17, '0000-00-00 00:00:00', '0000-00-00 00:00:00'),
(44, 20, '0000-00-00 00:00:00', '0000-00-00 00:00:00'),
(44, 21, '0000-00-00 00:00:00', '0000-00-00 00:00:00'),
(44, 23, '0000-00-00 00:00:00', '0000-00-00 00:00:00'),
(44, 24, '0000-00-00 00:00:00', '0000-00-00 00:00:00'),
(44, 27, '0000-00-00 00:00:00', '0000-00-00 00:00:00'),
(44, 37, '0000-00-00 00:00:00', '0000-00-00 00:00:00'),
(44, 38, '0000-00-00 00:00:00', '0000-00-00 00:00:00'),
(44, 39, '0000-00-00 00:00:00', '0000-00-00 00:00:00'),
(44, 40, '0000-00-00 00:00:00', '0000-00-00 00:00:00'),
(44, 41, '0000-00-00 00:00:00', '0000-00-00 00:00:00'),
(44, 42, '0000-00-00 00:00:00', '0000-00-00 00:00:00'),
(44, 43, '0000-00-00 00:00:00', '0000-00-00 00:00:00'),
(44, 44, '0000-00-00 00:00:00', '0000-00-00 00:00:00'),
(44, 45, '0000-00-00 00:00:00', '0000-00-00 00:00:00'),
(44, 46, '0000-00-00 00:00:00', '0000-00-00 00:00:00'),
(44, 47, '0000-00-00 00:00:00', '0000-00-00 00:00:00'),
(44, 48, '0000-00-00 00:00:00', '0000-00-00 00:00:00'),
(44, 49, '0000-00-00 00:00:00', '0000-00-00 00:00:00'),
(44, 50, '0000-00-00 00:00:00', '0000-00-00 00:00:00'),
(44, 51, '0000-00-00 00:00:00', '0000-00-00 00:00:00'),
(45, 10, '0000-00-00 00:00:00', '0000-00-00 00:00:00'),
(45, 13, '0000-00-00 00:00:00', '0000-00-00 00:00:00'),
(45, 28, '0000-00-00 00:00:00', '0000-00-00 00:00:00'),
(46, 1, '0000-00-00 00:00:00', '0000-00-00 00:00:00'),
(46, 5, '0000-00-00 00:00:00', '0000-00-00 00:00:00'),
(46, 6, '0000-00-00 00:00:00', '0000-00-00 00:00:00'),
(46, 7, '0000-00-00 00:00:00', '0000-00-00 00:00:00'),
(46, 9, '0000-00-00 00:00:00', '0000-00-00 00:00:00'),
(46, 11, '0000-00-00 00:00:00', '0000-00-00 00:00:00'),
(46, 12, '0000-00-00 00:00:00', '0000-00-00 00:00:00'),
(46, 25, '0000-00-00 00:00:00', '0000-00-00 00:00:00'),
(46, 26, '0000-00-00 00:00:00', '0000-00-00 00:00:00'),
(46, 27, '0000-00-00 00:00:00', '0000-00-00 00:00:00'),
(46, 31, '0000-00-00 00:00:00', '0000-00-00 00:00:00'),
(46, 33, '0000-00-00 00:00:00', '0000-00-00 00:00:00'),
(46, 36, '0000-00-00 00:00:00', '0000-00-00 00:00:00'),
(46, 45, '0000-00-00 00:00:00', '0000-00-00 00:00:00'),
(46, 46, '0000-00-00 00:00:00', '0000-00-00 00:00:00'),
(47, 42, '0000-00-00 00:00:00', '0000-00-00 00:00:00'),
(47, 43, '0000-00-00 00:00:00', '0000-00-00 00:00:00'),
(47, 44, '0000-00-00 00:00:00', '0000-00-00 00:00:00'),
(47, 45, '0000-00-00 00:00:00', '0000-00-00 00:00:00'),
(47, 46, '0000-00-00 00:00:00', '0000-00-00 00:00:00'),
(47, 47, '0000-00-00 00:00:00', '0000-00-00 00:00:00'),
(47, 48, '0000-00-00 00:00:00', '0000-00-00 00:00:00'),
(47, 49, '0000-00-00 00:00:00', '0000-00-00 00:00:00'),
(47, 50, '0000-00-00 00:00:00', '0000-00-00 00:00:00'),
(47, 51, '0000-00-00 00:00:00', '0000-00-00 00:00:00'),
(48, 4, '0000-00-00 00:00:00', '0000-00-00 00:00:00'),
(48, 11, '0000-00-00 00:00:00', '0000-00-00 00:00:00'),
(48, 13, '0000-00-00 00:00:00', '0000-00-00 00:00:00'),
(49, 2, '0000-00-00 00:00:00', '0000-00-00 00:00:00'),
(49, 9, '0000-00-00 00:00:00', '0000-00-00 00:00:00'),
(49, 10, '0000-00-00 00:00:00', '0000-00-00 00:00:00'),
(49, 23, '0000-00-00 00:00:00', '0000-00-00 00:00:00'),
(49, 24, '0000-00-00 00:00:00', '0000-00-00 00:00:00'),
(49, 27, '0000-00-00 00:00:00', '0000-00-00 00:00:00'),
(49, 31, '0000-00-00 00:00:00', '0000-00-00 00:00:00'),
(49, 36, '0000-00-00 00:00:00', '0000-00-00 00:00:00'),
(49, 38, '0000-00-00 00:00:00', '0000-00-00 00:00:00'),
(49, 44, '0000-00-00 00:00:00', '0000-00-00 00:00:00'),
(50, 7, '0000-00-00 00:00:00', '0000-00-00 00:00:00'),
(50, 18, '0000-00-00 00:00:00', '0000-00-00 00:00:00'),
(52, 1, '0000-00-00 00:00:00', '0000-00-00 00:00:00'),
(52, 6, '0000-00-00 00:00:00', '0000-00-00 00:00:00'),
(52, 9, '0000-00-00 00:00:00', '0000-00-00 00:00:00'),
(52, 14, '0000-00-00 00:00:00', '0000-00-00 00:00:00'),
(52, 27, '0000-00-00 00:00:00', '0000-00-00 00:00:00'),
(52, 30, '0000-00-00 00:00:00', '0000-00-00 00:00:00'),
(52, 39, '0000-00-00 00:00:00', '0000-00-00 00:00:00'),
(52, 40, '0000-00-00 00:00:00', '0000-00-00 00:00:00'),
(52, 51, '0000-00-00 00:00:00', '0000-00-00 00:00:00'),
(53, 4, '0000-00-00 00:00:00', '0000-00-00 00:00:00'),
(53, 7, '0000-00-00 00:00:00', '0000-00-00 00:00:00'),
(53, 10, '0000-00-00 00:00:00', '0000-00-00 00:00:00'),
(53, 12, '0000-00-00 00:00:00', '0000-00-00 00:00:00'),
(53, 13, '0000-00-00 00:00:00', '0000-00-00 00:00:00'),
(53, 15, '0000-00-00 00:00:00', '0000-00-00 00:00:00'),
(53, 21, '0000-00-00 00:00:00', '0000-00-00 00:00:00'),
(53, 30, '0000-00-00 00:00:00', '0000-00-00 00:00:00'),
(53, 31, '0000-00-00 00:00:00', '0000-00-00 00:00:00'),
(53, 32, '0000-00-00 00:00:00', '0000-00-00 00:00:00'),
(53, 36, '0000-00-00 00:00:00', '0000-00-00 00:00:00'),
(53, 37, '0000-00-00 00:00:00', '0000-00-00 00:00:00'),
(53, 38, '0000-00-00 00:00:00', '0000-00-00 00:00:00'),
(53, 39, '0000-00-00 00:00:00', '0000-00-00 00:00:00'),
(53, 40, '0000-00-00 00:00:00', '0000-00-00 00:00:00'),
(53, 41, '0000-00-00 00:00:00', '0000-00-00 00:00:00'),
(53, 42, '0000-00-00 00:00:00', '0000-00-00 00:00:00'),
(54, 11, '0000-00-00 00:00:00', '0000-00-00 00:00:00'),
(54, 26, '0000-00-00 00:00:00', '0000-00-00 00:00:00'),
(54, 33, '0000-00-00 00:00:00', '0000-00-00 00:00:00'),
(55, 2, '0000-00-00 00:00:00', '0000-00-00 00:00:00'),
(55, 4, '0000-00-00 00:00:00', '0000-00-00 00:00:00'),
(55, 11, '0000-00-00 00:00:00', '0000-00-00 00:00:00'),
(55, 13, '0000-00-00 00:00:00', '0000-00-00 00:00:00'),
(55, 26, '0000-00-00 00:00:00', '0000-00-00 00:00:00'),
(55, 31, '0000-00-00 00:00:00', '0000-00-00 00:00:00'),
(55, 36, '0000-00-00 00:00:00', '0000-00-00 00:00:00'),
(55, 41, '0000-00-00 00:00:00', '0000-00-00 00:00:00'),
(56, 2, '0000-00-00 00:00:00', '0000-00-00 00:00:00'),
(56, 4, '0000-00-00 00:00:00', '0000-00-00 00:00:00'),
(56, 5, '0000-00-00 00:00:00', '0000-00-00 00:00:00'),
(56, 7, '0000-00-00 00:00:00', '0000-00-00 00:00:00'),
(56, 10, '0000-00-00 00:00:00', '0000-00-00 00:00:00'),
(56, 11, '0000-00-00 00:00:00', '0000-00-00 00:00:00'),
(56, 14, '0000-00-00 00:00:00', '0000-00-00 00:00:00'),
(56, 16, '0000-00-00 00:00:00', '0000-00-00 00:00:00'),
(56, 18, '0000-00-00 00:00:00', '0000-00-00 00:00:00'),
(56, 19, '0000-00-00 00:00:00', '0000-00-00 00:00:00'),
(56, 20, '0000-00-00 00:00:00', '0000-00-00 00:00:00'),
(56, 21, '0000-00-00 00:00:00', '0000-00-00 00:00:00'),
(56, 22, '0000-00-00 00:00:00', '0000-00-00 00:00:00'),
(56, 23, '0000-00-00 00:00:00', '0000-00-00 00:00:00'),
(56, 25, '0000-00-00 00:00:00', '0000-00-00 00:00:00'),
(56, 26, '0000-00-00 00:00:00', '0000-00-00 00:00:00'),
(56, 27, '0000-00-00 00:00:00', '0000-00-00 00:00:00'),
(56, 31, '0000-00-00 00:00:00', '0000-00-00 00:00:00'),
(56, 33, '0000-00-00 00:00:00', '0000-00-00 00:00:00'),
(56, 34, '0000-00-00 00:00:00', '0000-00-00 00:00:00'),
(56, 36, '0000-00-00 00:00:00', '0000-00-00 00:00:00'),
(56, 43, '0000-00-00 00:00:00', '0000-00-00 00:00:00'),
(56, 45, '0000-00-00 00:00:00', '0000-00-00 00:00:00'),
(56, 46, '0000-00-00 00:00:00', '0000-00-00 00:00:00'),
(56, 47, '0000-00-00 00:00:00', '0000-00-00 00:00:00'),
(56, 48, '0000-00-00 00:00:00', '0000-00-00 00:00:00'),
(56, 49, '0000-00-00 00:00:00', '0000-00-00 00:00:00'),
(56, 50, '0000-00-00 00:00:00', '0000-00-00 00:00:00'),
(56, 51, '0000-00-00 00:00:00', '0000-00-00 00:00:00'),
(57, 4, '0000-00-00 00:00:00', '0000-00-00 00:00:00'),
(57, 7, '0000-00-00 00:00:00', '0000-00-00 00:00:00'),
(57, 10, '0000-00-00 00:00:00', '0000-00-00 00:00:00'),
(57, 13, '0000-00-00 00:00:00', '0000-00-00 00:00:00'),
(57, 14, '0000-00-00 00:00:00', '0000-00-00 00:00:00'),
(57, 16, '0000-00-00 00:00:00', '0000-00-00 00:00:00'),
(57, 17, '0000-00-00 00:00:00', '0000-00-00 00:00:00'),
(57, 18, '0000-00-00 00:00:00', '0000-00-00 00:00:00'),
(57, 23, '0000-00-00 00:00:00', '0000-00-00 00:00:00'),
(57, 25, '0000-00-00 00:00:00', '0000-00-00 00:00:00'),
(57, 26, '0000-00-00 00:00:00', '0000-00-00 00:00:00'),
(57, 28, '0000-00-00 00:00:00', '0000-00-00 00:00:00'),
(57, 29, '0000-00-00 00:00:00', '0000-00-00 00:00:00'),
(57, 31, '0000-00-00 00:00:00', '0000-00-00 00:00:00'),
(57, 33, '0000-00-00 00:00:00', '0000-00-00 00:00:00'),
(57, 43, '0000-00-00 00:00:00', '0000-00-00 00:00:00'),
(57, 46, '0000-00-00 00:00:00', '0000-00-00 00:00:00'),
(57, 47, '0000-00-00 00:00:00', '0000-00-00 00:00:00'),
(57, 51, '0000-00-00 00:00:00', '0000-00-00 00:00:00'),
(58, 3, '0000-00-00 00:00:00', '0000-00-00 00:00:00'),
(58, 4, '0000-00-00 00:00:00', '0000-00-00 00:00:00'),
(58, 7, '0000-00-00 00:00:00', '0000-00-00 00:00:00'),
(58, 9, '0000-00-00 00:00:00', '0000-00-00 00:00:00'),
(58, 10, '0000-00-00 00:00:00', '0000-00-00 00:00:00'),
(58, 11, '0000-00-00 00:00:00', '0000-00-00 00:00:00'),
(58, 13, '0000-00-00 00:00:00', '0000-00-00 00:00:00'),
(58, 17, '0000-00-00 00:00:00', '0000-00-00 00:00:00'),
(58, 18, '0000-00-00 00:00:00', '0000-00-00 00:00:00'),
(58, 19, '0000-00-00 00:00:00', '0000-00-00 00:00:00'),
(58, 25, '0000-00-00 00:00:00', '0000-00-00 00:00:00'),
(58, 26, '0000-00-00 00:00:00', '0000-00-00 00:00:00'),
(58, 27, '0000-00-00 00:00:00', '0000-00-00 00:00:00'),
(58, 29, '0000-00-00 00:00:00', '0000-00-00 00:00:00'),
(58, 30, '0000-00-00 00:00:00', '0000-00-00 00:00:00'),
(58, 31, '0000-00-00 00:00:00', '0000-00-00 00:00:00'),
(58, 33, '0000-00-00 00:00:00', '0000-00-00 00:00:00'),
(58, 36, '0000-00-00 00:00:00', '0000-00-00 00:00:00'),
(59, 11, '0000-00-00 00:00:00', '0000-00-00 00:00:00'),
(59, 18, '0000-00-00 00:00:00', '0000-00-00 00:00:00'),
(59, 25, '0000-00-00 00:00:00', '0000-00-00 00:00:00'),
(60, 1, '0000-00-00 00:00:00', '0000-00-00 00:00:00'),
(60, 3, '0000-00-00 00:00:00', '0000-00-00 00:00:00'),
(60, 4, '0000-00-00 00:00:00', '0000-00-00 00:00:00'),
(60, 7, '0000-00-00 00:00:00', '0000-00-00 00:00:00'),
(60, 9, '0000-00-00 00:00:00', '0000-00-00 00:00:00'),
(60, 10, '0000-00-00 00:00:00', '0000-00-00 00:00:00'),
(60, 11, '0000-00-00 00:00:00', '0000-00-00 00:00:00'),
(60, 12, '0000-00-00 00:00:00', '0000-00-00 00:00:00'),
(60, 13, '0000-00-00 00:00:00', '0000-00-00 00:00:00'),
(60, 18, '0000-00-00 00:00:00', '0000-00-00 00:00:00'),
(60, 25, '0000-00-00 00:00:00', '0000-00-00 00:00:00'),
(60, 28, '0000-00-00 00:00:00', '0000-00-00 00:00:00'),
(60, 29, '0000-00-00 00:00:00', '0000-00-00 00:00:00'),
(60, 30, '0000-00-00 00:00:00', '0000-00-00 00:00:00'),
(60, 31, '0000-00-00 00:00:00', '0000-00-00 00:00:00'),
(60, 36, '0000-00-00 00:00:00', '0000-00-00 00:00:00'),
(60, 39, '0000-00-00 00:00:00', '0000-00-00 00:00:00'),
(60, 40, '0000-00-00 00:00:00', '0000-00-00 00:00:00'),
(63, 10, '0000-00-00 00:00:00', '0000-00-00 00:00:00'),
(63, 18, '0000-00-00 00:00:00', '0000-00-00 00:00:00'),
(63, 23, '0000-00-00 00:00:00', '0000-00-00 00:00:00'),
(63, 24, '0000-00-00 00:00:00', '0000-00-00 00:00:00'),
(63, 28, '0000-00-00 00:00:00', '0000-00-00 00:00:00'),
(63, 38, '0000-00-00 00:00:00', '0000-00-00 00:00:00'),
(64, 11, '0000-00-00 00:00:00', '0000-00-00 00:00:00'),
(64, 12, '0000-00-00 00:00:00', '0000-00-00 00:00:00'),
(64, 23, '0000-00-00 00:00:00', '0000-00-00 00:00:00'),
(64, 31, '0000-00-00 00:00:00', '0000-00-00 00:00:00'),
(64, 36, '0000-00-00 00:00:00', '0000-00-00 00:00:00'),
(67, 7, '0000-00-00 00:00:00', '0000-00-00 00:00:00'),
(67, 11, '0000-00-00 00:00:00', '0000-00-00 00:00:00'),
(67, 15, '0000-00-00 00:00:00', '0000-00-00 00:00:00'),
(67, 23, '0000-00-00 00:00:00', '0000-00-00 00:00:00'),
(67, 24, '0000-00-00 00:00:00', '0000-00-00 00:00:00'),
(67, 25, '0000-00-00 00:00:00', '0000-00-00 00:00:00'),
(67, 29, '0000-00-00 00:00:00', '0000-00-00 00:00:00'),
(67, 31, '0000-00-00 00:00:00', '0000-00-00 00:00:00'),
(67, 39, '0000-00-00 00:00:00', '0000-00-00 00:00:00'),
(67, 40, '0000-00-00 00:00:00', '0000-00-00 00:00:00'),
(68, 7, '0000-00-00 00:00:00', '0000-00-00 00:00:00'),
(68, 11, '0000-00-00 00:00:00', '0000-00-00 00:00:00'),
(68, 26, '0000-00-00 00:00:00', '0000-00-00 00:00:00'),
(69, 15, '0000-00-00 00:00:00', '0000-00-00 00:00:00'),
(69, 55, '0000-00-00 00:00:00', '0000-00-00 00:00:00'),
(69, 56, '0000-00-00 00:00:00', '0000-00-00 00:00:00'),
(70, 7, '0000-00-00 00:00:00', '0000-00-00 00:00:00'),
(70, 10, '0000-00-00 00:00:00', '0000-00-00 00:00:00'),
(70, 11, '0000-00-00 00:00:00', '0000-00-00 00:00:00'),
(70, 13, '0000-00-00 00:00:00', '0000-00-00 00:00:00'),
(70, 17, '0000-00-00 00:00:00', '0000-00-00 00:00:00'),
(70, 18, '0000-00-00 00:00:00', '0000-00-00 00:00:00'),
(70, 25, '0000-00-00 00:00:00', '0000-00-00 00:00:00'),
(70, 26, '0000-00-00 00:00:00', '0000-00-00 00:00:00'),
(70, 28, '0000-00-00 00:00:00', '0000-00-00 00:00:00'),
(70, 29, '0000-00-00 00:00:00', '0000-00-00 00:00:00'),
(70, 30, '0000-00-00 00:00:00', '0000-00-00 00:00:00'),
(70, 31, '0000-00-00 00:00:00', '0000-00-00 00:00:00'),
(70, 36, '0000-00-00 00:00:00', '0000-00-00 00:00:00'),
(71, 11, '0000-00-00 00:00:00', '0000-00-00 00:00:00'),
(71, 18, '0000-00-00 00:00:00', '0000-00-00 00:00:00'),
(71, 26, '0000-00-00 00:00:00', '0000-00-00 00:00:00'),
(74, 4, '0000-00-00 00:00:00', '0000-00-00 00:00:00'),
(74, 7, '0000-00-00 00:00:00', '0000-00-00 00:00:00'),
(74, 9, '0000-00-00 00:00:00', '0000-00-00 00:00:00'),
(74, 13, '0000-00-00 00:00:00', '0000-00-00 00:00:00'),
(74, 18, '0000-00-00 00:00:00', '0000-00-00 00:00:00'),
(74, 25, '0000-00-00 00:00:00', '0000-00-00 00:00:00'),
(74, 33, '0000-00-00 00:00:00', '0000-00-00 00:00:00'),
(75, 1, '0000-00-00 00:00:00', '0000-00-00 00:00:00'),
(75, 12, '0000-00-00 00:00:00', '0000-00-00 00:00:00'),
(75, 13, '0000-00-00 00:00:00', '0000-00-00 00:00:00'),
(76, 7, '0000-00-00 00:00:00', '0000-00-00 00:00:00'),
(76, 10, '0000-00-00 00:00:00', '0000-00-00 00:00:00'),
(76, 12, '0000-00-00 00:00:00', '0000-00-00 00:00:00'),
(76, 13, '0000-00-00 00:00:00', '0000-00-00 00:00:00'),
(76, 18, '0000-00-00 00:00:00', '0000-00-00 00:00:00'),
(76, 25, '0000-00-00 00:00:00', '0000-00-00 00:00:00'),
(77, 3, '0000-00-00 00:00:00', '0000-00-00 00:00:00'),
(77, 10, '0000-00-00 00:00:00', '0000-00-00 00:00:00'),
(77, 17, '0000-00-00 00:00:00', '0000-00-00 00:00:00'),
(77, 18, '0000-00-00 00:00:00', '0000-00-00 00:00:00'),
(77, 33, '0000-00-00 00:00:00', '0000-00-00 00:00:00'),
(78, 7, '0000-00-00 00:00:00', '0000-00-00 00:00:00'),
(81, 1, '0000-00-00 00:00:00', '0000-00-00 00:00:00'),
(81, 10, '0000-00-00 00:00:00', '0000-00-00 00:00:00'),
(81, 13, '0000-00-00 00:00:00', '0000-00-00 00:00:00'),
(81, 25, '0000-00-00 00:00:00', '0000-00-00 00:00:00'),
(81, 28, '0000-00-00 00:00:00', '0000-00-00 00:00:00'),
(81, 31, '0000-00-00 00:00:00', '0000-00-00 00:00:00'),
(81, 34, '0000-00-00 00:00:00', '0000-00-00 00:00:00'),
(81, 36, '0000-00-00 00:00:00', '0000-00-00 00:00:00'),
(81, 42, '0000-00-00 00:00:00', '0000-00-00 00:00:00'),
(81, 43, '0000-00-00 00:00:00', '0000-00-00 00:00:00'),
(81, 44, '0000-00-00 00:00:00', '0000-00-00 00:00:00'),
(81, 45, '0000-00-00 00:00:00', '0000-00-00 00:00:00'),
(81, 46, '0000-00-00 00:00:00', '0000-00-00 00:00:00'),
(81, 47, '0000-00-00 00:00:00', '0000-00-00 00:00:00'),
(81, 48, '0000-00-00 00:00:00', '0000-00-00 00:00:00'),
(81, 49, '0000-00-00 00:00:00', '0000-00-00 00:00:00'),
(81, 50, '0000-00-00 00:00:00', '0000-00-00 00:00:00'),
(81, 51, '0000-00-00 00:00:00', '0000-00-00 00:00:00'),
(82, 9, '0000-00-00 00:00:00', '0000-00-00 00:00:00'),
(82, 11, '0000-00-00 00:00:00', '0000-00-00 00:00:00'),
(82, 12, '0000-00-00 00:00:00', '0000-00-00 00:00:00'),
(82, 13, '0000-00-00 00:00:00', '0000-00-00 00:00:00'),
(82, 18, '0000-00-00 00:00:00', '0000-00-00 00:00:00'),
(82, 23, '0000-00-00 00:00:00', '0000-00-00 00:00:00'),
(82, 25, '0000-00-00 00:00:00', '0000-00-00 00:00:00'),
(82, 27, '0000-00-00 00:00:00', '0000-00-00 00:00:00'),
(82, 30, '0000-00-00 00:00:00', '0000-00-00 00:00:00'),
(82, 31, '0000-00-00 00:00:00', '0000-00-00 00:00:00'),
(82, 33, '0000-00-00 00:00:00', '0000-00-00 00:00:00'),
(82, 36, '0000-00-00 00:00:00', '0000-00-00 00:00:00'),
(82, 44, '0000-00-00 00:00:00', '0000-00-00 00:00:00'),
(83, 7, '0000-00-00 00:00:00', '0000-00-00 00:00:00'),
(83, 11, '0000-00-00 00:00:00', '0000-00-00 00:00:00'),
(83, 17, '0000-00-00 00:00:00', '0000-00-00 00:00:00'),
(83, 26, '0000-00-00 00:00:00', '0000-00-00 00:00:00'),
(84, 3, '0000-00-00 00:00:00', '0000-00-00 00:00:00'),
(84, 4, '0000-00-00 00:00:00', '0000-00-00 00:00:00'),
(84, 11, '0000-00-00 00:00:00', '0000-00-00 00:00:00'),
(84, 13, '0000-00-00 00:00:00', '0000-00-00 00:00:00'),
(84, 16, '0000-00-00 00:00:00', '0000-00-00 00:00:00'),
(84, 25, '0000-00-00 00:00:00', '0000-00-00 00:00:00'),
(84, 26, '0000-00-00 00:00:00', '0000-00-00 00:00:00'),
(85, 2, '0000-00-00 00:00:00', '0000-00-00 00:00:00'),
(85, 5, '0000-00-00 00:00:00', '0000-00-00 00:00:00'),
(85, 7, '0000-00-00 00:00:00', '0000-00-00 00:00:00'),
(85, 11, '0000-00-00 00:00:00', '0000-00-00 00:00:00'),
(85, 17, '0000-00-00 00:00:00', '0000-00-00 00:00:00'),
(85, 26, '0000-00-00 00:00:00', '0000-00-00 00:00:00'),
(85, 29, '0000-00-00 00:00:00', '0000-00-00 00:00:00'),
(85, 30, '0000-00-00 00:00:00', '0000-00-00 00:00:00'),
(86, 6, '0000-00-00 00:00:00', '0000-00-00 00:00:00'),
(86, 9, '0000-00-00 00:00:00', '0000-00-00 00:00:00'),
(86, 15, '0000-00-00 00:00:00', '0000-00-00 00:00:00'),
(86, 23, '0000-00-00 00:00:00', '0000-00-00 00:00:00'),
(86, 24, '0000-00-00 00:00:00', '0000-00-00 00:00:00'),
(86, 25, '0000-00-00 00:00:00', '0000-00-00 00:00:00'),
(86, 26, '0000-00-00 00:00:00', '0000-00-00 00:00:00'),
(86, 27, '0000-00-00 00:00:00', '0000-00-00 00:00:00'),
(86, 31, '0000-00-00 00:00:00', '0000-00-00 00:00:00'),
(86, 33, '0000-00-00 00:00:00', '0000-00-00 00:00:00'),
(86, 38, '0000-00-00 00:00:00', '0000-00-00 00:00:00'),
(86, 46, '0000-00-00 00:00:00', '0000-00-00 00:00:00'),
(86, 51, '0000-00-00 00:00:00', '0000-00-00 00:00:00'),
(87, 28, '0000-00-00 00:00:00', '0000-00-00 00:00:00'),
(87, 37, '0000-00-00 00:00:00', '0000-00-00 00:00:00'),
(87, 38, '0000-00-00 00:00:00', '0000-00-00 00:00:00'),
(87, 39, '0000-00-00 00:00:00', '0000-00-00 00:00:00'),
(87, 40, '0000-00-00 00:00:00', '0000-00-00 00:00:00'),
(88, 1, '0000-00-00 00:00:00', '0000-00-00 00:00:00'),
(88, 7, '0000-00-00 00:00:00', '0000-00-00 00:00:00'),
(88, 9, '0000-00-00 00:00:00', '0000-00-00 00:00:00'),
(88, 12, '0000-00-00 00:00:00', '0000-00-00 00:00:00'),
(88, 15, '0000-00-00 00:00:00', '0000-00-00 00:00:00'),
(88, 25, '0000-00-00 00:00:00', '0000-00-00 00:00:00'),
(88, 27, '0000-00-00 00:00:00', '0000-00-00 00:00:00'),
(88, 33, '0000-00-00 00:00:00', '0000-00-00 00:00:00'),
(89, 1, '0000-00-00 00:00:00', '0000-00-00 00:00:00'),
(89, 6, '0000-00-00 00:00:00', '0000-00-00 00:00:00'),
(89, 7, '0000-00-00 00:00:00', '0000-00-00 00:00:00'),
(89, 9, '0000-00-00 00:00:00', '0000-00-00 00:00:00'),
(89, 12, '0000-00-00 00:00:00', '0000-00-00 00:00:00'),
(89, 27, '0000-00-00 00:00:00', '0000-00-00 00:00:00'),
(89, 31, '0000-00-00 00:00:00', '0000-00-00 00:00:00'),
(89, 41, '0000-00-00 00:00:00', '0000-00-00 00:00:00'),
(90, 1, '0000-00-00 00:00:00', '0000-00-00 00:00:00'),
(90, 7, '0000-00-00 00:00:00', '0000-00-00 00:00:00'),
(90, 10, '0000-00-00 00:00:00', '0000-00-00 00:00:00'),
(90, 13, '0000-00-00 00:00:00', '0000-00-00 00:00:00'),
(90, 16, '0000-00-00 00:00:00', '0000-00-00 00:00:00'),
(90, 17, '0000-00-00 00:00:00', '0000-00-00 00:00:00'),
(90, 22, '0000-00-00 00:00:00', '0000-00-00 00:00:00'),
(90, 23, '0000-00-00 00:00:00', '0000-00-00 00:00:00'),
(90, 28, '0000-00-00 00:00:00', '0000-00-00 00:00:00'),
(90, 30, '0000-00-00 00:00:00', '0000-00-00 00:00:00'),
(90, 31, '0000-00-00 00:00:00', '0000-00-00 00:00:00'),
(96, 30, '0000-00-00 00:00:00', '0000-00-00 00:00:00'),
(103, 2, '0000-00-00 00:00:00', '0000-00-00 00:00:00'),
(103, 15, '0000-00-00 00:00:00', '0000-00-00 00:00:00'),
(103, 39, '0000-00-00 00:00:00', '0000-00-00 00:00:00'),
(103, 40, '0000-00-00 00:00:00', '0000-00-00 00:00:00'),
(102, 22, '0000-00-00 00:00:00', '0000-00-00 00:00:00'),
(104, 18, '0000-00-00 00:00:00', '0000-00-00 00:00:00'),
(104, 26, '0000-00-00 00:00:00', '0000-00-00 00:00:00'),
(105, 1, '0000-00-00 00:00:00', '0000-00-00 00:00:00'),
(105, 5, '0000-00-00 00:00:00', '0000-00-00 00:00:00'),
(105, 7, '0000-00-00 00:00:00', '0000-00-00 00:00:00'),
(105, 9, '0000-00-00 00:00:00', '0000-00-00 00:00:00'),
(105, 10, '0000-00-00 00:00:00', '0000-00-00 00:00:00'),
(105, 12, '0000-00-00 00:00:00', '0000-00-00 00:00:00'),
(105, 13, '0000-00-00 00:00:00', '0000-00-00 00:00:00'),
(105, 18, '0000-00-00 00:00:00', '0000-00-00 00:00:00'),
(105, 25, '0000-00-00 00:00:00', '0000-00-00 00:00:00'),
(105, 26, '0000-00-00 00:00:00', '0000-00-00 00:00:00'),
(105, 28, '0000-00-00 00:00:00', '0000-00-00 00:00:00'),
(105, 29, '0000-00-00 00:00:00', '0000-00-00 00:00:00'),
(105, 30, '0000-00-00 00:00:00', '0000-00-00 00:00:00'),
(105, 33, '0000-00-00 00:00:00', '0000-00-00 00:00:00'),
(106, 1, '0000-00-00 00:00:00', '0000-00-00 00:00:00'),
(106, 4, '0000-00-00 00:00:00', '0000-00-00 00:00:00'),
(106, 6, '0000-00-00 00:00:00', '0000-00-00 00:00:00'),
(106, 7, '0000-00-00 00:00:00', '0000-00-00 00:00:00'),
(106, 9, '0000-00-00 00:00:00', '0000-00-00 00:00:00'),
(106, 10, '0000-00-00 00:00:00', '0000-00-00 00:00:00'),
(106, 12, '0000-00-00 00:00:00', '0000-00-00 00:00:00'),
(106, 13, '0000-00-00 00:00:00', '0000-00-00 00:00:00'),
(106, 14, '0000-00-00 00:00:00', '0000-00-00 00:00:00'),
(106, 15, '0000-00-00 00:00:00', '0000-00-00 00:00:00'),
(106, 18, '0000-00-00 00:00:00', '0000-00-00 00:00:00'),
(106, 19, '0000-00-00 00:00:00', '0000-00-00 00:00:00'),
(106, 21, '0000-00-00 00:00:00', '0000-00-00 00:00:00'),
(106, 27, '0000-00-00 00:00:00', '0000-00-00 00:00:00'),
(106, 39, '0000-00-00 00:00:00', '0000-00-00 00:00:00'),
(106, 40, '0000-00-00 00:00:00', '0000-00-00 00:00:00'),
(106, 41, '0000-00-00 00:00:00', '0000-00-00 00:00:00'),
(107, 2, '0000-00-00 00:00:00', '0000-00-00 00:00:00'),
(107, 7, '0000-00-00 00:00:00', '0000-00-00 00:00:00'),
(107, 10, '0000-00-00 00:00:00', '0000-00-00 00:00:00'),
(107, 11, '0000-00-00 00:00:00', '0000-00-00 00:00:00'),
(107, 15, '0000-00-00 00:00:00', '0000-00-00 00:00:00'),
(107, 19, '0000-00-00 00:00:00', '0000-00-00 00:00:00'),
(107, 26, '0000-00-00 00:00:00', '0000-00-00 00:00:00'),
(107, 31, '0000-00-00 00:00:00', '0000-00-00 00:00:00'),
(107, 36, '0000-00-00 00:00:00', '0000-00-00 00:00:00'),
(108, 9, '0000-00-00 00:00:00', '0000-00-00 00:00:00'),
(108, 11, '0000-00-00 00:00:00', '0000-00-00 00:00:00'),
(108, 27, '0000-00-00 00:00:00', '0000-00-00 00:00:00'),
(108, 28, '0000-00-00 00:00:00', '0000-00-00 00:00:00'),
(108, 30, '0000-00-00 00:00:00', '0000-00-00 00:00:00'),
(108, 41, '0000-00-00 00:00:00', '0000-00-00 00:00:00'),
(140, 30, '0000-00-00 00:00:00', '0000-00-00 00:00:00'),
(154, 42, '0000-00-00 00:00:00', '0000-00-00 00:00:00'),
(154, 43, '0000-00-00 00:00:00', '0000-00-00 00:00:00'),
(154, 44, '0000-00-00 00:00:00', '0000-00-00 00:00:00'),
(154, 45, '0000-00-00 00:00:00', '0000-00-00 00:00:00'),
(154, 46, '0000-00-00 00:00:00', '0000-00-00 00:00:00'),
(154, 47, '0000-00-00 00:00:00', '0000-00-00 00:00:00'),
(154, 48, '0000-00-00 00:00:00', '0000-00-00 00:00:00'),
(154, 49, '0000-00-00 00:00:00', '0000-00-00 00:00:00'),
(154, 50, '0000-00-00 00:00:00', '0000-00-00 00:00:00'),
(154, 51, '0000-00-00 00:00:00', '0000-00-00 00:00:00'),
(169, 3, '0000-00-00 00:00:00', '0000-00-00 00:00:00'),
(172, 37, '0000-00-00 00:00:00', '0000-00-00 00:00:00'),
(172, 38, '0000-00-00 00:00:00', '0000-00-00 00:00:00'),
(172, 39, '0000-00-00 00:00:00', '0000-00-00 00:00:00'),
(172, 40, '0000-00-00 00:00:00', '0000-00-00 00:00:00'),
(172, 41, '0000-00-00 00:00:00', '0000-00-00 00:00:00'),
(196, 10, '0000-00-00 00:00:00', '0000-00-00 00:00:00'),
(196, 30, '0000-00-00 00:00:00', '0000-00-00 00:00:00'),
(218, 2, '0000-00-00 00:00:00', '0000-00-00 00:00:00'),
(246, 30, '0000-00-00 00:00:00', '0000-00-00 00:00:00'),
(235, 30, '0000-00-00 00:00:00', '0000-00-00 00:00:00'),
(227, 2, '0000-00-00 00:00:00', '0000-00-00 00:00:00'),
(227, 10, '0000-00-00 00:00:00', '0000-00-00 00:00:00'),
(157, 2, '0000-00-00 00:00:00', '0000-00-00 00:00:00'),
(157, 4, '0000-00-00 00:00:00', '0000-00-00 00:00:00'),
(157, 18, '0000-00-00 00:00:00', '0000-00-00 00:00:00'),
(267, 1, '0000-00-00 00:00:00', '0000-00-00 00:00:00'),
(270, 37, '0000-00-00 00:00:00', '0000-00-00 00:00:00'),
(270, 38, '0000-00-00 00:00:00', '0000-00-00 00:00:00'),
(270, 39, '0000-00-00 00:00:00', '0000-00-00 00:00:00'),
(270, 40, '0000-00-00 00:00:00', '0000-00-00 00:00:00'),
(270, 41, '0000-00-00 00:00:00', '0000-00-00 00:00:00'),
(148, 2, '0000-00-00 00:00:00', '0000-00-00 00:00:00'),
(254, 6, '0000-00-00 00:00:00', '0000-00-00 00:00:00'),
(271, 10, '0000-00-00 00:00:00', '0000-00-00 00:00:00'),
(271, 28, '0000-00-00 00:00:00', '0000-00-00 00:00:00'),
(265, 10, '0000-00-00 00:00:00', '0000-00-00 00:00:00'),
(265, 18, '0000-00-00 00:00:00', '0000-00-00 00:00:00'),
(265, 39, '0000-00-00 00:00:00', '0000-00-00 00:00:00'),
(265, 40, '0000-00-00 00:00:00', '0000-00-00 00:00:00'),
(265, 42, '0000-00-00 00:00:00', '0000-00-00 00:00:00'),
(265, 43, '0000-00-00 00:00:00', '0000-00-00 00:00:00'),
(265, 44, '0000-00-00 00:00:00', '0000-00-00 00:00:00'),
(265, 45, '0000-00-00 00:00:00', '0000-00-00 00:00:00'),
(265, 46, '0000-00-00 00:00:00', '0000-00-00 00:00:00'),
(265, 47, '0000-00-00 00:00:00', '0000-00-00 00:00:00'),
(265, 48, '0000-00-00 00:00:00', '0000-00-00 00:00:00'),
(265, 49, '0000-00-00 00:00:00', '0000-00-00 00:00:00'),
(265, 50, '0000-00-00 00:00:00', '0000-00-00 00:00:00'),
(223, 2, '0000-00-00 00:00:00', '0000-00-00 00:00:00'),
(223, 23, '0000-00-00 00:00:00', '0000-00-00 00:00:00'),
(223, 30, '0000-00-00 00:00:00', '0000-00-00 00:00:00'),
(275, 1, '0000-00-00 00:00:00', '0000-00-00 00:00:00'),
(275, 10, '0000-00-00 00:00:00', '0000-00-00 00:00:00'),
(276, 2, '0000-00-00 00:00:00', '0000-00-00 00:00:00'),
(259, 1, '0000-00-00 00:00:00', '0000-00-00 00:00:00'),
(259, 6, '0000-00-00 00:00:00', '0000-00-00 00:00:00'),
(259, 12, '0000-00-00 00:00:00', '0000-00-00 00:00:00'),
(259, 39, '0000-00-00 00:00:00', '0000-00-00 00:00:00'),
(259, 40, '0000-00-00 00:00:00', '0000-00-00 00:00:00'),
(281, 1, '0000-00-00 00:00:00', '0000-00-00 00:00:00'),
(281, 2, '0000-00-00 00:00:00', '0000-00-00 00:00:00'),
(281, 4, '0000-00-00 00:00:00', '0000-00-00 00:00:00'),
(281, 7, '0000-00-00 00:00:00', '0000-00-00 00:00:00'),
(281, 10, '0000-00-00 00:00:00', '0000-00-00 00:00:00'),
(281, 11, '0000-00-00 00:00:00', '0000-00-00 00:00:00'),
(281, 13, '0000-00-00 00:00:00', '0000-00-00 00:00:00'),
(281, 16, '0000-00-00 00:00:00', '0000-00-00 00:00:00'),
(281, 20, '0000-00-00 00:00:00', '0000-00-00 00:00:00'),
(281, 25, '0000-00-00 00:00:00', '0000-00-00 00:00:00'),
(281, 26, '0000-00-00 00:00:00', '0000-00-00 00:00:00'),
(281, 28, '0000-00-00 00:00:00', '0000-00-00 00:00:00'),
(281, 30, '0000-00-00 00:00:00', '0000-00-00 00:00:00'),
(281, 33, '0000-00-00 00:00:00', '0000-00-00 00:00:00'),
(18, 2, '0000-00-00 00:00:00', '0000-00-00 00:00:00'),
(18, 4, '0000-00-00 00:00:00', '0000-00-00 00:00:00'),
(18, 7, '0000-00-00 00:00:00', '0000-00-00 00:00:00'),
(18, 13, '0000-00-00 00:00:00', '0000-00-00 00:00:00'),
(18, 15, '0000-00-00 00:00:00', '0000-00-00 00:00:00'),
(18, 17, '0000-00-00 00:00:00', '0000-00-00 00:00:00'),
(18, 18, '0000-00-00 00:00:00', '0000-00-00 00:00:00'),
(18, 23, '0000-00-00 00:00:00', '0000-00-00 00:00:00'),
(18, 24, '0000-00-00 00:00:00', '0000-00-00 00:00:00'),
(18, 25, '0000-00-00 00:00:00', '0000-00-00 00:00:00'),
(18, 29, '0000-00-00 00:00:00', '0000-00-00 00:00:00'),
(18, 31, '0000-00-00 00:00:00', '0000-00-00 00:00:00'),
(18, 33, '0000-00-00 00:00:00', '0000-00-00 00:00:00'),
(18, 34, '0000-00-00 00:00:00', '0000-00-00 00:00:00'),
(18, 36, '0000-00-00 00:00:00', '0000-00-00 00:00:00'),
(18, 42, '0000-00-00 00:00:00', '0000-00-00 00:00:00'),
(18, 43, '0000-00-00 00:00:00', '0000-00-00 00:00:00'),
(18, 44, '0000-00-00 00:00:00', '0000-00-00 00:00:00'),
(18, 45, '0000-00-00 00:00:00', '0000-00-00 00:00:00'),
(18, 47, '0000-00-00 00:00:00', '0000-00-00 00:00:00'),
(18, 51, '0000-00-00 00:00:00', '0000-00-00 00:00:00'),
(214, 5, '0000-00-00 00:00:00', '0000-00-00 00:00:00'),
(214, 39, '0000-00-00 00:00:00', '0000-00-00 00:00:00'),
(214, 44, '0000-00-00 00:00:00', '0000-00-00 00:00:00'),
(278, 1, '0000-00-00 00:00:00', '0000-00-00 00:00:00'),
(278, 10, '0000-00-00 00:00:00', '0000-00-00 00:00:00'),
(278, 27, '0000-00-00 00:00:00', '0000-00-00 00:00:00'),
(278, 28, '0000-00-00 00:00:00', '0000-00-00 00:00:00'),
(286, 37, '0000-00-00 00:00:00', '0000-00-00 00:00:00'),
(286, 41, '0000-00-00 00:00:00', '0000-00-00 00:00:00'),
(269, 6, '0000-00-00 00:00:00', '0000-00-00 00:00:00'),
(269, 10, '0000-00-00 00:00:00', '0000-00-00 00:00:00'),
(269, 28, '0000-00-00 00:00:00', '0000-00-00 00:00:00'),
(293, 7, '0000-00-00 00:00:00', '0000-00-00 00:00:00'),
(293, 9, '0000-00-00 00:00:00', '0000-00-00 00:00:00'),
(293, 12, '0000-00-00 00:00:00', '0000-00-00 00:00:00'),
(293, 30, '0000-00-00 00:00:00', '0000-00-00 00:00:00'),
(250, 1, '0000-00-00 00:00:00', '0000-00-00 00:00:00'),
(250, 5, '0000-00-00 00:00:00', '0000-00-00 00:00:00'),
(250, 6, '0000-00-00 00:00:00', '0000-00-00 00:00:00'),
(306, 26, '0000-00-00 00:00:00', '0000-00-00 00:00:00'),
(306, 39, '0000-00-00 00:00:00', '0000-00-00 00:00:00'),
(306, 40, '0000-00-00 00:00:00', '0000-00-00 00:00:00'),
(310, 1, '0000-00-00 00:00:00', '0000-00-00 00:00:00'),
(310, 10, '0000-00-00 00:00:00', '0000-00-00 00:00:00'),
(310, 28, '0000-00-00 00:00:00', '0000-00-00 00:00:00'),
(313, 1, '0000-00-00 00:00:00', '0000-00-00 00:00:00'),
(313, 10, '0000-00-00 00:00:00', '0000-00-00 00:00:00'),
(313, 28, '0000-00-00 00:00:00', '0000-00-00 00:00:00'),
(308, 2, '0000-00-00 00:00:00', '0000-00-00 00:00:00'),
(308, 7, '0000-00-00 00:00:00', '0000-00-00 00:00:00'),
(308, 13, '0000-00-00 00:00:00', '0000-00-00 00:00:00'),
(308, 25, '0000-00-00 00:00:00', '0000-00-00 00:00:00'),
(308, 28, '0000-00-00 00:00:00', '0000-00-00 00:00:00'),
(308, 31, '0000-00-00 00:00:00', '0000-00-00 00:00:00'),
(308, 32, '0000-00-00 00:00:00', '0000-00-00 00:00:00'),
(308, 39, '0000-00-00 00:00:00', '0000-00-00 00:00:00'),
(308, 40, '0000-00-00 00:00:00', '0000-00-00 00:00:00'),
(321, 1, '0000-00-00 00:00:00', '0000-00-00 00:00:00'),
(321, 5, '0000-00-00 00:00:00', '0000-00-00 00:00:00'),
(321, 10, '0000-00-00 00:00:00', '0000-00-00 00:00:00'),
(321, 12, '0000-00-00 00:00:00', '0000-00-00 00:00:00'),
(321, 28, '0000-00-00 00:00:00', '0000-00-00 00:00:00'),
(321, 36, '0000-00-00 00:00:00', '0000-00-00 00:00:00'),
(309, 4, '0000-00-00 00:00:00', '0000-00-00 00:00:00'),
(309, 33, '0000-00-00 00:00:00', '0000-00-00 00:00:00'),
(332, 37, '0000-00-00 00:00:00', '0000-00-00 00:00:00'),
(332, 41, '0000-00-00 00:00:00', '0000-00-00 00:00:00'),
(25, 4, '0000-00-00 00:00:00', '0000-00-00 00:00:00'),
(25, 7, '0000-00-00 00:00:00', '0000-00-00 00:00:00'),
(25, 9, '0000-00-00 00:00:00', '0000-00-00 00:00:00'),
(25, 10, '0000-00-00 00:00:00', '0000-00-00 00:00:00'),
(25, 13, '0000-00-00 00:00:00', '0000-00-00 00:00:00'),
(25, 18, '0000-00-00 00:00:00', '0000-00-00 00:00:00'),
(25, 19, '0000-00-00 00:00:00', '0000-00-00 00:00:00'),
(25, 20, '0000-00-00 00:00:00', '0000-00-00 00:00:00'),
(25, 23, '0000-00-00 00:00:00', '0000-00-00 00:00:00'),
(25, 27, '0000-00-00 00:00:00', '0000-00-00 00:00:00'),
(25, 28, '0000-00-00 00:00:00', '0000-00-00 00:00:00'),
(25, 31, '0000-00-00 00:00:00', '0000-00-00 00:00:00'),
(25, 32, '0000-00-00 00:00:00', '0000-00-00 00:00:00'),
(25, 36, '0000-00-00 00:00:00', '0000-00-00 00:00:00'),
(25, 39, '0000-00-00 00:00:00', '0000-00-00 00:00:00'),
(331, 1, '0000-00-00 00:00:00', '0000-00-00 00:00:00');

-- --------------------------------------------------------

--
-- Estructura de tabla para la tabla `pedido`
--

CREATE TABLE IF NOT EXISTS `pedido` (
  `id` int(11) NOT NULL AUTO_INCREMENT,
  `cantidad` double DEFAULT NULL,
  `estado` varchar(45) DEFAULT NULL,
  `envio` int(1) NOT NULL DEFAULT '0',
  `cliente_id` int(11) NOT NULL,
  `tipo_vianda_id` int(11) NOT NULL,
  `fecha_pedido` date DEFAULT NULL,
  `cobrado` int(1) NOT NULL DEFAULT '0',
  `precio_vianda` double NOT NULL DEFAULT '0',
  `precio_envio` double NOT NULL DEFAULT '0',
  `created_at` timestamp NOT NULL DEFAULT CURRENT_TIMESTAMP ON UPDATE CURRENT_TIMESTAMP,
  `deleted_at` timestamp NULL DEFAULT NULL,
  `updated_at` timestamp NOT NULL DEFAULT '0000-00-00 00:00:00',
  `cadete_id` int(11) DEFAULT NULL,
  `empresa_id` int(11) DEFAULT NULL,
  `observaciones` varchar(45) DEFAULT NULL,
  PRIMARY KEY (`id`),
  KEY `fk_pedido_cliente1_idx` (`cliente_id`),
  KEY `fk_pedido_tipo_vianda1_idx` (`tipo_vianda_id`),
  KEY `fk_pedido_cadete` (`cadete_id`),
  KEY `FK_pedido_empresa` (`empresa_id`)
) ENGINE=InnoDB  DEFAULT CHARSET=latin1 AUTO_INCREMENT=3 ;

--
-- Volcado de datos para la tabla `pedido`
--

INSERT INTO `pedido` (`id`, `cantidad`, `estado`, `envio`, `cliente_id`, `tipo_vianda_id`, `fecha_pedido`, `cobrado`, `precio_vianda`, `precio_envio`, `created_at`, `deleted_at`, `updated_at`, `cadete_id`, `empresa_id`, `observaciones`) VALUES
(1, 1, NULL, 0, 306, 9, '2016-07-06', 1, 65, 0, '2016-07-06 07:45:09', NULL, '2016-07-06 07:45:09', NULL, NULL, ''),
(2, 1, NULL, 1, 306, 2, '2016-07-11', 1, 65, 6, '2016-07-11 19:30:06', NULL, '2016-07-11 19:30:06', 6, NULL, '');

-- --------------------------------------------------------

--
-- Estructura de tabla para la tabla `tipo_alimento`
--

CREATE TABLE IF NOT EXISTS `tipo_alimento` (
  `id` int(11) NOT NULL AUTO_INCREMENT,
  `nombre` varchar(45) DEFAULT NULL,
  `descripcion` varchar(45) DEFAULT NULL,
  `created_at` timestamp NULL DEFAULT NULL,
  `updated_at` timestamp NULL DEFAULT NULL,
  `deleted_at` timestamp NULL DEFAULT NULL,
  PRIMARY KEY (`id`)
) ENGINE=InnoDB  DEFAULT CHARSET=latin1 AUTO_INCREMENT=13 ;

--
-- Volcado de datos para la tabla `tipo_alimento`
--

INSERT INTO `tipo_alimento` (`id`, `nombre`, `descripcion`, `created_at`, `updated_at`, `deleted_at`) VALUES
(3, 'Carnes Rojas', 'Carnes rojas', '2015-10-08 20:29:50', '2016-02-13 00:49:46', NULL),
(4, 'Pescados', 'Pescados', '2015-10-20 15:56:00', '2016-02-13 00:49:34', NULL),
(5, 'Pastas', 'Pastas', '2016-02-10 06:09:09', '2016-02-10 06:09:09', NULL),
(6, 'Legumbres', 'Legumbres', '2016-02-10 06:09:21', '2016-02-13 00:49:23', NULL),
(7, 'Vegetales', 'Vegetales', '2016-02-10 06:09:38', '2016-02-10 06:09:38', NULL),
(9, 'Frutas', 'Frutas', '2016-02-10 06:09:46', '2016-02-10 06:09:46', NULL),
(10, 'Pollo', 'Pollo', '2016-02-13 00:48:48', '2016-02-13 00:48:48', NULL),
(11, 'Cerdo', 'Cerdo', '2016-02-13 00:49:09', '2016-02-13 00:49:09', NULL),
(12, 'lacteos / Fiambres', 'lacteos / Fiambres', '2016-02-17 16:52:52', '2016-02-17 16:52:52', NULL);

-- --------------------------------------------------------

--
-- Estructura de tabla para la tabla `tipo_gasto`
--

CREATE TABLE IF NOT EXISTS `tipo_gasto` (
  `id` int(11) NOT NULL AUTO_INCREMENT,
  `descripcion` varchar(45) NOT NULL,
  `created_at` timestamp NOT NULL DEFAULT CURRENT_TIMESTAMP ON UPDATE CURRENT_TIMESTAMP,
  `updated_at` timestamp NULL DEFAULT NULL,
  `deleted_at` timestamp NULL DEFAULT NULL,
  PRIMARY KEY (`id`),
  UNIQUE KEY `descripcion_UNIQUE` (`descripcion`)
) ENGINE=InnoDB  DEFAULT CHARSET=latin1 AUTO_INCREMENT=3 ;

--
-- Volcado de datos para la tabla `tipo_gasto`
--

INSERT INTO `tipo_gasto` (`id`, `descripcion`, `created_at`, `updated_at`, `deleted_at`) VALUES
(2, 'Varios', '2015-11-04 17:29:46', '2015-11-04 17:29:46', NULL);

-- --------------------------------------------------------

--
-- Estructura de tabla para la tabla `tipo_vianda`
--

CREATE TABLE IF NOT EXISTS `tipo_vianda` (
  `id` int(11) NOT NULL AUTO_INCREMENT,
  `nombre` varchar(45) DEFAULT NULL,
  `descripcion` varchar(45) DEFAULT NULL,
  `precio` varchar(45) DEFAULT NULL,
  `created_at` datetime NOT NULL,
  `updated_at` datetime NOT NULL,
  PRIMARY KEY (`id`)
) ENGINE=InnoDB  DEFAULT CHARSET=latin1 AUTO_INCREMENT=12 ;

--
-- Volcado de datos para la tabla `tipo_vianda`
--

INSERT INTO `tipo_vianda` (`id`, `nombre`, `descripcion`, `precio`, `created_at`, `updated_at`) VALUES
(1, 'Light', 'Light', '65', '2015-10-13 00:50:37', '2016-02-13 12:07:21'),
(2, 'Saludable', 'Saludable', '65', '2015-10-13 00:51:35', '2016-02-13 12:07:33'),
(4, 'Tradicional', 'Tradicional', '65', '2016-02-10 03:07:52', '2016-02-13 12:07:07'),
(5, '1 y 1/2 - Saludable', '1,5 Saludable', '98', '2016-02-13 12:08:42', '2016-02-24 03:25:09'),
(6, 'Media Tradicional', 'Media Tradicional', '45', '2016-02-27 14:27:05', '2016-02-27 14:46:33'),
(7, 'Noche', 'Noche', '45', '2016-02-27 14:28:16', '2016-02-27 14:28:16'),
(8, 'Noche completa', 'Noche ', '65', '2016-02-27 14:28:51', '2016-02-27 14:28:51'),
(9, 'Vegetariana', 'Vegetariana', '65', '2016-02-27 14:45:56', '2016-02-27 14:45:56'),
(10, 'Media Light', 'Media Light', '45', '2016-03-12 13:34:33', '2016-03-12 13:34:59'),
(11, '1 y 1/2 Tradicional', '1,5 Tradicional', '110', '2016-03-30 20:10:16', '2016-03-30 20:10:16');

-- --------------------------------------------------------

--
-- Estructura de tabla para la tabla `users`
--

CREATE TABLE IF NOT EXISTS `users` (
  `id` int(11) NOT NULL AUTO_INCREMENT,
  `name` varchar(45) DEFAULT NULL,
  `password` varchar(60) DEFAULT NULL,
  `email` varchar(45) DEFAULT NULL,
  `created_at` timestamp NULL DEFAULT NULL,
  `updated_at` timestamp NULL DEFAULT NULL,
  `remember_token` varchar(100) DEFAULT NULL,
  PRIMARY KEY (`id`)
) ENGINE=InnoDB  DEFAULT CHARSET=latin1 AUTO_INCREMENT=2 ;

--
-- Volcado de datos para la tabla `users`
--

INSERT INTO `users` (`id`, `name`, `password`, `email`, `created_at`, `updated_at`, `remember_token`) VALUES
(1, 'admin', '$2y$10$3A6W85T4Z1t74urPprjSuudeiikYYBPEbVMYyXcc6iAT3cU8disey', NULL, NULL, '2016-04-20 17:34:04', 'SpphOhNOHd8ZTlZNRPvoyI70ERSGgI1tISQ7gM70DLUpZb0vHl4BXbl0aLoi');

--
-- Restricciones para tablas volcadas
--

--
-- Filtros para la tabla `alimento`
--
ALTER TABLE `alimento`
  ADD CONSTRAINT `fk_alimento_tipo_alimento1` FOREIGN KEY (`tipo_alimento_id`) REFERENCES `tipo_alimento` (`id`) ON DELETE NO ACTION ON UPDATE NO ACTION;

--
-- Filtros para la tabla `cliente`
--
ALTER TABLE `cliente`
  ADD CONSTRAINT `fk_emp` FOREIGN KEY (`idempresa`) REFERENCES `empresa` (`id`) ON DELETE NO ACTION ON UPDATE NO ACTION,
  ADD CONSTRAINT `fk_loca` FOREIGN KEY (`idlocalidad`) REFERENCES `localidad` (`id`) ON DELETE NO ACTION ON UPDATE NO ACTION;

--
-- Filtros para la tabla `cliente_dia`
--
ALTER TABLE `cliente_dia`
  ADD CONSTRAINT `fk_cliente_has_dia_semana_cliente1` FOREIGN KEY (`cliente_id`) REFERENCES `cliente` (`id`) ON DELETE CASCADE ON UPDATE CASCADE,
  ADD CONSTRAINT `fk_cliente_has_dia_semana_dia_semana1` FOREIGN KEY (`dia_semana_id`) REFERENCES `dia_semana` (`id`) ON DELETE NO ACTION,
  ADD CONSTRAINT `fk_cliente_has_dia_semana_tipo_vianda1` FOREIGN KEY (`tipo_vianda_id`) REFERENCES `tipo_vianda` (`id`) ON DELETE NO ACTION ON UPDATE NO ACTION;

--
-- Filtros para la tabla `empresa`
--
ALTER TABLE `empresa`
  ADD CONSTRAINT `fk_loc` FOREIGN KEY (`idlocalidad`) REFERENCES `localidad` (`id`) ON DELETE NO ACTION ON UPDATE NO ACTION;

--
-- Filtros para la tabla `empresa_vianda`
--
ALTER TABLE `empresa_vianda`
  ADD CONSTRAINT `fk_empresa` FOREIGN KEY (`empresa_id`) REFERENCES `empresa` (`id`) ON DELETE CASCADE ON UPDATE NO ACTION,
  ADD CONSTRAINT `fk_tipo_vianda` FOREIGN KEY (`tipo_vianda_id`) REFERENCES `tipo_vianda` (`id`) ON DELETE CASCADE ON UPDATE NO ACTION;

--
-- Filtros para la tabla `gasto`
--
ALTER TABLE `gasto`
  ADD CONSTRAINT `fk_tipo_gasto` FOREIGN KEY (`idtipo_gasto`) REFERENCES `tipo_gasto` (`id`) ON DELETE NO ACTION ON UPDATE NO ACTION;

--
-- Filtros para la tabla `no_me_gusta`
--
ALTER TABLE `no_me_gusta`
  ADD CONSTRAINT `fk_no_me_gusta_alimento1` FOREIGN KEY (`alimento_id`) REFERENCES `alimento` (`id`) ON DELETE NO ACTION ON UPDATE NO ACTION,
  ADD CONSTRAINT `fk_no_me_gusta_cliente` FOREIGN KEY (`cliente_id`) REFERENCES `cliente` (`id`) ON DELETE CASCADE ON UPDATE CASCADE;

--
-- Filtros para la tabla `pedido`
--
ALTER TABLE `pedido`
  ADD CONSTRAINT `FK_pedido_empresa` FOREIGN KEY (`empresa_id`) REFERENCES `empresa` (`id`),
  ADD CONSTRAINT `fk_pedido_cadete` FOREIGN KEY (`cadete_id`) REFERENCES `cadete` (`id`),
  ADD CONSTRAINT `fk_pedido_cliente1` FOREIGN KEY (`cliente_id`) REFERENCES `cliente` (`id`) ON DELETE NO ACTION ON UPDATE NO ACTION,
  ADD CONSTRAINT `fk_pedido_tipo_vianda1` FOREIGN KEY (`tipo_vianda_id`) REFERENCES `tipo_vianda` (`id`) ON DELETE NO ACTION ON UPDATE NO ACTION;

/*!40101 SET CHARACTER_SET_CLIENT=@OLD_CHARACTER_SET_CLIENT */;
/*!40101 SET CHARACTER_SET_RESULTS=@OLD_CHARACTER_SET_RESULTS */;
/*!40101 SET COLLATION_CONNECTION=@OLD_COLLATION_CONNECTION */;
