-- phpMyAdmin SQL Dump
-- version 4.0.10.15
-- http://www.phpmyadmin.net
--
-- Servidor: localhost
-- Tiempo de generación: 21-11-2016 a las 20:24:47
-- Versión del servidor: 5.6.26-log
-- Versión de PHP: 5.2.17

SET SQL_MODE = "NO_AUTO_VALUE_ON_ZERO";
SET time_zone = "+00:00";


/*!40101 SET @OLD_CHARACTER_SET_CLIENT=@@CHARACTER_SET_CLIENT */;
/*!40101 SET @OLD_CHARACTER_SET_RESULTS=@@CHARACTER_SET_RESULTS */;
/*!40101 SET @OLD_COLLATION_CONNECTION=@@COLLATION_CONNECTION */;
/*!40101 SET NAMES utf8 */;

--
-- Base de datos: `c2000031_vianda3`
--

-- --------------------------------------------------------

--
-- Estructura de tabla para la tabla `alimento`
--

CREATE TABLE IF NOT EXISTS `alimento` (
  `id` int(11) NOT NULL AUTO_INCREMENT,
  `nombre` varchar(45) DEFAULT NULL,
  `descripcion` varchar(45) DEFAULT NULL,
  `tipo_alimento_id` int(11) NOT NULL,
  `created_at` timestamp NULL DEFAULT NULL,
  `updated_at` timestamp NULL DEFAULT NULL,
  `deleted_at` timestamp NULL DEFAULT NULL,
  PRIMARY KEY (`id`),
  KEY `fk_alimento_tipo_alimento1_idx` (`tipo_alimento_id`)
) ENGINE=InnoDB  DEFAULT CHARSET=latin1 AUTO_INCREMENT=58 ;

--
-- Volcado de datos para la tabla `alimento`
--

INSERT INTO `alimento` (`id`, `nombre`, `descripcion`, `tipo_alimento_id`, `created_at`, `updated_at`, `deleted_at`) VALUES
(1, 'Lechuga', 'Verduras', 7, NULL, '2016-02-13 00:26:05', NULL),
(2, 'Berenjena', 'Verduras', 7, '2015-10-15 08:13:55', '2016-02-13 00:26:34', NULL),
(3, 'Zanahoria', 'Verduras', 7, '2015-10-20 15:56:18', '2016-02-13 00:27:00', NULL),
(4, 'Esparragos', 'Verduras', 7, '2016-02-10 06:11:04', '2016-02-13 00:27:18', NULL),
(5, 'Tomate', 'Verduras', 7, '2016-02-13 00:27:38', '2016-02-13 00:27:38', NULL),
(6, 'Cebolla', 'Verduras', 7, '2016-02-13 00:27:53', '2016-02-13 00:27:53', NULL),
(7, 'Pepino', 'Verduras', 7, '2016-02-13 00:28:10', '2016-02-13 00:28:10', NULL),
(9, 'Pimiento', 'Verduras', 7, '2016-02-13 00:28:34', '2016-02-13 00:37:52', NULL),
(10, 'Achicoria', 'Verduras', 7, '2016-02-13 00:29:57', '2016-02-13 00:29:57', NULL),
(11, 'Coliflor', 'Verduras', 7, '2016-02-13 00:30:47', '2016-02-13 00:30:47', NULL),
(12, 'Ajo', 'Verduras', 7, '2016-02-13 00:31:07', '2016-02-13 00:31:07', NULL),
(13, 'Berro', 'Verduras', 7, '2016-02-13 00:31:28', '2016-02-13 00:31:28', NULL),
(14, 'Acelga', 'Verduras', 7, '2016-02-13 00:31:59', '2016-02-13 00:31:59', NULL),
(15, 'Champignon', 'Verduras', 7, '2016-02-13 00:32:25', '2016-02-13 00:32:25', NULL),
(16, 'Calabaza', 'Verduras', 7, '2016-02-13 00:32:45', '2016-02-13 00:32:45', NULL),
(17, 'Remolacha', 'Verduras', 7, '2016-02-13 00:33:01', '2016-02-13 00:33:01', NULL),
(18, 'Apio', 'Verduras', 7, '2016-02-13 00:33:16', '2016-02-13 00:33:16', NULL),
(19, 'Espinaca', 'Verduras', 7, '2016-02-13 00:33:43', '2016-02-13 00:33:43', NULL),
(20, 'Zapallo', 'Verduras', 7, '2016-02-13 00:34:04', '2016-02-13 00:34:04', NULL),
(21, 'Huevo', 'Verduras', 7, '2016-02-13 00:34:24', '2016-02-13 00:34:24', NULL),
(22, 'Choclo', 'Verduras', 7, '2016-02-13 00:34:45', '2016-02-13 00:34:45', NULL),
(23, 'Batata', 'Verduras', 7, '2016-02-13 00:34:59', '2016-02-13 00:34:59', NULL),
(24, 'Papa', 'Verduras', 7, '2016-02-13 00:35:12', '2016-02-13 00:35:12', NULL),
(25, 'Brotes de soja', 'Verduras', 7, '2016-02-13 00:35:30', '2016-02-13 00:35:30', NULL),
(26, 'Brocoli', 'Verduras', 7, '2016-02-13 00:35:49', '2016-02-13 00:35:49', NULL),
(27, 'Morron', 'Verduras', 7, '2016-02-13 00:36:00', '2016-02-13 00:36:00', NULL),
(28, 'Rucula', 'Verduras', 7, '2016-02-13 00:36:17', '2016-02-13 00:36:17', NULL),
(29, 'Chaucha', 'Verduras', 7, '2016-02-13 00:36:32', '2016-02-13 00:36:32', NULL),
(30, 'Repollo', 'Verduras', 7, '2016-02-13 00:36:47', '2016-02-13 00:36:47', NULL),
(31, 'Garbanzo', '', 6, '2016-02-13 00:37:06', '2016-02-13 00:37:06', NULL),
(32, 'Lenteja', '', 6, '2016-02-13 00:37:27', '2016-02-13 00:37:27', NULL),
(33, 'Soja', '', 6, '2016-02-13 00:38:06', '2016-02-13 00:38:06', NULL),
(34, 'Arveja', '', 6, '2016-02-13 00:38:25', '2016-02-13 00:38:25', NULL),
(36, 'Poroto', '', 6, '2016-02-13 00:38:40', '2016-02-13 00:38:40', NULL),
(37, 'Carnes rojas', '', 3, '2016-02-13 00:39:01', '2016-02-13 00:39:19', NULL),
(38, 'Pollo', '', 3, '2016-02-13 00:40:06', '2016-02-13 00:40:06', NULL),
(39, 'Pescado de Mar', '', 4, '2016-02-13 00:40:54', '2016-02-13 20:54:47', NULL),
(40, 'Pescado de Rio', '', 4, '2016-02-13 00:41:15', '2016-02-13 20:55:34', NULL),
(41, 'Cerdo', '', 3, '2016-02-13 00:41:45', '2016-02-13 00:41:45', NULL),
(42, 'Tallarines', '', 5, '2016-02-13 00:42:01', '2016-02-13 00:42:01', NULL),
(43, 'Ravioles', '', 5, '2016-02-13 00:42:14', '2016-02-13 00:42:14', NULL),
(44, 'Ñoquis', '', 5, '2016-02-13 00:42:30', '2016-02-13 00:42:30', NULL),
(45, 'Sorrentinos', '', 5, '2016-02-13 00:42:42', '2016-02-13 00:42:42', NULL),
(46, 'Capeletinis', '', 5, '2016-02-13 00:42:58', '2016-02-13 00:42:58', NULL),
(47, 'Agnolotis', '', 5, '2016-02-13 00:43:12', '2016-02-13 00:43:12', NULL),
(48, 'Canelones de Verdura', '', 5, '2016-02-13 00:43:44', '2016-02-13 21:17:58', NULL),
(49, 'Canelones de Pescado', '', 5, '2016-02-13 00:43:46', '2016-02-13 21:18:23', NULL),
(50, 'Canelones de Ricota', '', 5, '2016-02-13 00:44:02', '2016-02-13 21:18:46', NULL),
(51, 'Lasagna', '', 5, '2016-02-13 00:44:19', '2016-08-30 22:55:28', NULL),
(52, 'Aceituna', '', 6, '2016-02-17 15:24:16', '2016-02-17 15:24:16', NULL),
(53, 'Queso Cremoso', '', 12, '2016-02-17 16:53:15', '2016-02-17 16:53:15', NULL),
(54, 'Queso tybo', '', 12, '2016-02-17 16:53:27', '2016-02-17 16:53:27', NULL),
(55, 'Ricotta', '', 12, '2016-02-17 16:53:38', '2016-02-17 16:53:38', NULL),
(56, 'Jamon', '', 12, '2016-02-17 16:53:47', '2016-02-17 16:53:47', NULL),
(57, 'Agridulce', 'Agridulce', 13, '2016-08-30 18:58:27', '2016-08-30 18:58:27', NULL);

-- --------------------------------------------------------

--
-- Estructura de tabla para la tabla `cadete`
--

CREATE TABLE IF NOT EXISTS `cadete` (
  `id` int(11) NOT NULL AUTO_INCREMENT,
  `nombre` varchar(255) NOT NULL,
  `apellido` varchar(255) NOT NULL,
  `telefono` varchar(11) NOT NULL,
  `email` varchar(11) NOT NULL,
  `created_at` datetime NOT NULL,
  `updated_at` datetime NOT NULL,
  `deleted_at` datetime DEFAULT NULL,
  PRIMARY KEY (`id`)
) ENGINE=InnoDB  DEFAULT CHARSET=latin1 AUTO_INCREMENT=14 ;

--
-- Volcado de datos para la tabla `cadete`
--

INSERT INTO `cadete` (`id`, `nombre`, `apellido`, `telefono`, `email`, `created_at`, `updated_at`, `deleted_at`) VALUES
(6, 'Martin', 'Cadete', '15589919', '', '2016-03-04 20:14:00', '2016-10-14 21:00:57', '2016-10-14 21:00:57'),
(7, 'Alexis', 'Blanco', '15523892', '', '2016-03-04 20:14:50', '2016-07-20 00:20:04', NULL),
(8, 'Yanina', 'Aguirre', '3482539840', '', '2016-03-04 20:17:53', '2016-10-29 02:39:23', '2016-10-29 02:39:23'),
(9, 'Camilo', 'Bonora', '', '', '2016-07-20 00:19:45', '2016-10-14 21:01:16', '2016-10-14 21:01:16'),
(10, 'Francisco', 'Cadete', '', '', '2016-10-14 21:01:54', '2016-10-14 21:01:54', NULL),
(11, 'Eder ', 'Curuchett', '3482549405', '', '2016-10-14 21:03:15', '2016-10-14 21:03:15', NULL),
(12, 'Aldana', 'Silvestri', '', '', '2016-10-14 21:04:30', '2016-10-14 21:04:30', NULL),
(13, 'Camilo', 'Bonora', '', '', '2016-10-29 02:39:41', '2016-10-29 02:39:41', NULL);

-- --------------------------------------------------------

--
-- Estructura de tabla para la tabla `cliente`
--

CREATE TABLE IF NOT EXISTS `cliente` (
  `id` int(11) NOT NULL AUTO_INCREMENT,
  `nombre` varchar(45) DEFAULT NULL,
  `apellido` varchar(45) DEFAULT NULL,
  `dni` int(11) DEFAULT NULL,
  `domicilio` varchar(45) DEFAULT NULL,
  `telefono` varchar(255) NOT NULL,
  `email` varchar(45) DEFAULT NULL,
  `estado_deuda` varchar(45) DEFAULT NULL,
  `valor_deuda` varchar(45) DEFAULT NULL,
  `estado` varchar(45) DEFAULT NULL,
  `deleted_at` timestamp NULL DEFAULT NULL,
  `updated_at` timestamp NULL DEFAULT NULL,
  `created_at` timestamp NOT NULL DEFAULT '0000-00-00 00:00:00',
  `idlocalidad` int(11) NOT NULL,
  `idempresa` int(11) DEFAULT NULL,
  `envio` int(11) NOT NULL DEFAULT '0',
  `idcadete` int(11) DEFAULT NULL,
  PRIMARY KEY (`id`),
  KEY `fk_emp_idx` (`idempresa`),
  KEY `fk_loca_idx` (`idlocalidad`)
) ENGINE=InnoDB  DEFAULT CHARSET=latin1 AUTO_INCREMENT=529 ;

--
-- Volcado de datos para la tabla `cliente`
--

INSERT INTO `cliente` (`id`, `nombre`, `apellido`, `dni`, `domicilio`, `telefono`, `email`, `estado_deuda`, `valor_deuda`, `estado`, `deleted_at`, `updated_at`, `created_at`, `idlocalidad`, `idempresa`, `envio`, `idcadete`) VALUES
(18, 'Valentina', 'Monzon', 0, 'Rivadavia n° 333', '15627444', 'valentinamonzon66@gmail.com', NULL, NULL, NULL, '2016-09-05 22:42:21', '2016-09-05 22:42:21', '2016-02-13 20:46:24', 3, NULL, 0, NULL),
(19, 'Leonor', 'Degusti', 0, 'Rivadavia n° 1554', '428743', '', NULL, NULL, NULL, '2016-11-19 00:27:22', '2016-11-19 00:27:22', '2016-02-13 20:50:22', 3, NULL, 1, 7),
(20, 'Juan Manuel', 'Bocco', 0, 'Iriondo n° 949', '0342-155366786', 'jmbocconicuesa@gmail.com', NULL, NULL, NULL, '2016-08-01 23:51:46', '2016-08-01 23:51:46', '2016-02-13 21:02:03', 3, NULL, 0, NULL),
(21, 'Hilda', 'Buyatti', 0, 'Freyre n° 457', '15417212', '', NULL, NULL, NULL, NULL, '2016-02-13 21:03:19', '2016-02-13 21:03:19', 3, NULL, 0, NULL),
(22, 'Micaela', 'Berzero', 0, 'Club de campo "LA RURAL"', '15542229', 'micaelaberzero@hotmail.com', NULL, NULL, NULL, NULL, '2016-02-27 01:03:30', '2016-02-13 21:03:49', 3, NULL, 0, NULL),
(24, 'Amelia y Abel', 'Cian', 0, 'Rivadavia n° 955', '0342-154352658', '', NULL, NULL, NULL, NULL, '2016-05-26 02:36:10', '2016-02-13 21:11:59', 3, NULL, 0, NULL),
(25, 'Natalia', 'Villalba', 0, 'Lucas Funes n° 759 (depto 3)', '15419557', 'natlalo@hotmail.com', NULL, NULL, NULL, NULL, '2016-11-02 15:19:39', '2016-02-13 21:21:54', 3, NULL, 1, 13),
(26, 'Juan Carlos', 'Casanova', 0, 'Pueyrredon n° 1010 (puerta blanca)', '15449100 - 15569031', '', NULL, NULL, NULL, '2016-08-26 19:34:58', '2016-08-26 19:34:58', '2016-02-13 21:25:28', 3, NULL, 0, NULL),
(27, 'Yamila', 'Marega', 0, 'Freyre n° 1286', '15652480', 'yami_m007@hotmail.com', NULL, NULL, NULL, NULL, '2016-02-13 21:26:45', '2016-02-13 21:26:45', 3, NULL, 0, NULL),
(28, 'Claudia', 'Buyatti', 0, 'Obligado n° 1072', '15406158', '', NULL, NULL, NULL, '2016-11-17 00:29:30', '2016-11-17 00:29:30', '2016-02-13 21:30:13', 3, NULL, 0, NULL),
(29, 'Marilin', 'Velazquez', 0, 'Brown n° 1643', '15311237', 'marilinluz2009@hotmail.com', NULL, NULL, NULL, NULL, '2016-02-13 21:34:03', '2016-02-13 21:34:03', 3, NULL, 0, NULL),
(30, 'Analia', 'Muchut', 0, 'Calle 13 n° 984', '15303288', 'manalia@trcnet.com.ar', NULL, NULL, NULL, NULL, '2016-10-15 00:21:52', '2016-02-13 21:35:18', 1, NULL, 1, 10),
(31, 'Mercedes', 'Domingorena', 0, 'Iriondo n° 141', '426691 - 15440396', 'mdomingorena@hotmail.com', NULL, NULL, NULL, '2016-05-14 23:29:34', '2016-05-14 23:29:34', '2016-02-13 21:36:33', 3, NULL, 0, NULL),
(32, 'Maria Claudia', 'Nallip', 0, 'Obligado n° 1437 o Escuela Comercio', '421203 - 15633071', 'mcnallip@trcnet.com.ar', NULL, NULL, NULL, NULL, '2016-10-15 00:59:21', '2016-02-13 21:38:06', 3, NULL, 1, 11),
(33, 'Marta', 'Obregon', 0, '25 de mayo n°  (clinica del ojo)', '15415110', 'marta_colombo@hotmail.com', NULL, NULL, NULL, '2016-04-22 15:57:37', '2016-04-22 15:57:37', '2016-02-13 21:39:58', 3, NULL, 1, NULL),
(34, 'Silvana', 'Lucci', 0, 'Lucas Funes n° 963', '421981 - 15441887', 'sileliza2007@hotmail.com', NULL, NULL, NULL, NULL, '2016-10-18 00:10:27', '2016-02-13 21:41:20', 3, NULL, 1, 11),
(37, 'Hermelinda', 'Aguilar', 0, 'Pasaje 23-25 n° 2046 (b° parque)', '426580 - 15635472', '', NULL, NULL, NULL, NULL, '2016-10-15 00:53:13', '2016-02-13 21:46:39', 3, NULL, 1, 11),
(38, 'Yina', 'Yapurt', 0, 'Bolivar n° 569', '429183', '', NULL, NULL, NULL, '2016-04-22 15:58:59', '2016-04-22 15:58:59', '2016-02-17 14:16:46', 3, NULL, 1, NULL),
(39, 'Norberto Luis', 'Diaz', 0, 'Mitre 1366', '421478 - 15620803', 'beto.diaz@vicentin.com.ar', NULL, NULL, NULL, '2016-05-26 02:41:46', '2016-05-26 02:41:46', '2016-02-17 14:22:11', 3, NULL, 0, NULL),
(40, 'Beatriz Susana', 'Cabas', 0, 'mi', '421478 - 15405085', '', NULL, NULL, NULL, '2016-04-21 23:52:34', '2016-04-21 23:52:34', '2016-02-17 15:07:11', 3, NULL, 0, NULL),
(41, 'Juliana', 'Venica', 0, '', '15538080', 'julivenica@hotmail.como', NULL, NULL, NULL, '2016-04-22 15:57:18', '2016-04-22 15:57:18', '2016-02-17 15:09:58', 3, NULL, 0, NULL),
(42, 'Nicolas', 'Venica', 0, 'Amenabar nº 380', '15429659', 'nicolasmvenica@hotmail.com', NULL, NULL, NULL, '2016-04-22 15:57:53', '2016-04-22 15:57:53', '2016-02-17 15:38:43', 3, NULL, 0, NULL),
(43, 'Marianela', 'Barreta', 0, 'Obliado nº 952 1ª "A" - laboral: roca nº 925 ', '03492-15676933', 'mbarretta@santanderrio.com.ar', NULL, NULL, NULL, '2016-04-21 23:52:02', '2016-04-21 23:52:02', '2016-02-17 15:44:45', 3, NULL, 1, NULL),
(44, 'Maria Rosa', 'Yapur', 0, '25 de mayo nº 669', '429119 - 15533141', 'mariarosayapur@hotmail.com', NULL, NULL, NULL, '2016-11-16 00:20:02', '2016-11-16 00:20:02', '2016-02-17 15:46:02', 3, NULL, 0, NULL),
(45, 'Solange', 'Capozzolo', 0, 'Obligado nª952 Dpto 3ª  "B"', '15695496', 'solcapozzolo@hotmail.com', NULL, NULL, NULL, '2016-09-28 23:29:58', '2016-09-28 23:29:58', '2016-02-17 15:48:45', 3, NULL, 0, NULL),
(46, 'Alejandra', 'Segretin', 0, 'Brown nº 1747', '15559607', 'azorzon@trcnet.com.ar', NULL, NULL, NULL, '2016-03-04 16:17:11', '2016-03-04 16:17:11', '2016-02-17 15:51:01', 3, NULL, 0, NULL),
(47, 'Carina', 'Monserrat', 0, 'Pasaje 14/16 nª 2132 (en frente vecinal bª ch', '422323', 'carinagabriela@live.com', NULL, NULL, NULL, '2016-03-04 15:49:39', '2016-03-04 15:49:39', '2016-02-17 15:53:46', 3, NULL, 1, NULL),
(48, 'Agostina', 'Habegger', 0, 'Constituyente nª 1340 (pasillo)', '15671106', '', NULL, NULL, NULL, '2016-03-04 15:38:21', '2016-03-04 15:38:21', '2016-02-17 15:55:02', 3, NULL, 1, NULL),
(49, 'Natalia', 'Fabbro', 0, 'Iturraspe nº 1559', '15536778', 'natyfab@hotmail.com', NULL, NULL, NULL, '2016-03-04 15:17:11', '2016-03-04 15:17:11', '2016-02-17 15:58:12', 3, NULL, 0, NULL),
(50, 'Jose', 'Muchiut', 0, '', '15310632', '', NULL, NULL, NULL, '2016-11-11 00:00:24', '2016-11-11 00:00:24', '2016-02-17 15:59:53', 3, NULL, 0, NULL),
(51, 'Ernesto', 'Gallo', 0, 'mzna 3 casa 49 planta bara (bº 314 viviendas)', '', '', NULL, NULL, NULL, NULL, '2016-08-23 00:23:37', '2016-02-17 16:01:17', 3, NULL, 0, NULL),
(52, 'Raul', 'Fabrisin', 0, 'Roca Nº 1196', '420709', '', NULL, NULL, NULL, '2016-04-22 15:59:58', '2016-04-22 15:59:58', '2016-02-17 16:01:45', 3, NULL, 0, NULL),
(53, 'Giovanna', 'salami', 0, 'Patricio Diez Nº 175', '15583179', 'giovanna.s89@hotmail.com', NULL, NULL, NULL, '2016-03-04 16:15:52', '2016-03-04 16:15:52', '2016-02-17 16:05:11', 3, NULL, 1, NULL),
(54, 'Raul', 'Cataño', 0, '', '', '', NULL, NULL, NULL, '2016-07-07 03:38:47', '2016-07-07 03:38:47', '2016-02-17 16:06:31', 3, NULL, 0, NULL),
(55, 'Maria Grisela', 'Grisela', 0, 'Olessio nº 2533 (bª obligado)', '15223560', 'mariagrisela@hotmail.com', NULL, NULL, NULL, '2016-11-03 23:55:46', '2016-11-03 23:55:46', '2016-02-17 16:08:27', 3, NULL, 0, NULL),
(56, 'Camila', 'Lovey', 0, 'Moreno Nª 1426', '428481 - 15534827', '', NULL, NULL, NULL, '2016-03-04 15:39:25', '2016-03-04 15:39:25', '2016-02-17 16:12:51', 3, NULL, 0, NULL),
(57, 'Miryan Mabel ', 'Mendoza de Longhi', 0, 'Obligado nº 276', '429707', '', NULL, NULL, NULL, '2016-04-22 15:42:14', '2016-04-22 15:42:14', '2016-02-17 16:15:18', 3, NULL, 1, NULL),
(58, 'Alberto', 'Buyatti', 0, 'Alvear Nº 667', '429382', '', NULL, NULL, NULL, '2016-07-07 03:36:43', '2016-07-07 03:36:43', '2016-02-17 16:17:38', 3, NULL, 0, NULL),
(59, 'Joana', 'Aldrian', 0, 'Roca Nº 944', '15601244', 'joa_aldrian@hotmail.com', NULL, NULL, NULL, '2016-04-21 23:51:31', '2016-04-21 23:51:31', '2016-02-17 16:19:15', 3, NULL, 1, NULL),
(60, 'Mauro', 'Buyatti', 0, 'Roca Nº 944', '15302111', 'mbuyatti@transatlantica.com.ar', NULL, NULL, NULL, '2016-04-21 23:53:16', '2016-04-21 23:53:16', '2016-02-17 16:21:22', 3, NULL, 1, NULL),
(63, 'Virginia ', 'Barreto', 0, 'Dispensario Bº Chapero', '', '', NULL, NULL, NULL, '2016-04-21 23:52:18', '2016-04-21 23:52:18', '2016-02-17 16:27:04', 3, NULL, 1, NULL),
(64, 'Viviana', 'Cisera', 0, 'Mitre Nº 786 (galeria del paseo)', '421572', '', NULL, NULL, NULL, NULL, '2016-10-15 00:36:58', '2016-02-17 16:28:29', 3, NULL, 1, 7),
(66, 'Romina', 'Suarez', 0, 'Calle 85 Nº 237 (carmen luisa)', '15572018', '', NULL, NULL, NULL, '2016-03-04 16:17:26', '2016-03-04 16:17:26', '2016-02-17 16:35:07', 3, NULL, 1, NULL),
(67, 'Fabricio', 'Weiss', 0, 'Rivadavia Nª 157', '15237002', 'weissfabri@gmail.com', NULL, NULL, NULL, '2016-04-22 16:01:12', '2016-04-22 16:01:12', '2016-02-17 16:43:21', 3, NULL, 0, NULL),
(68, 'Maria Belen', 'De Mondesert', 0, '9 de Julio Nª 1055 (7ª piso)', '15651038', '', NULL, NULL, NULL, '2016-04-22 15:27:29', '2016-04-22 15:27:29', '2016-02-17 16:45:58', 3, NULL, 0, NULL),
(69, 'Gisela', 'Buyatti', 0, '25 de mayo nº 730', '15605413', 'gievebuy@hotmail.com', NULL, NULL, NULL, '2016-04-22 15:59:36', '2016-04-22 15:59:36', '2016-02-17 16:52:11', 3, NULL, 1, NULL),
(70, 'Alejandro', 'Alvarez', 0, 'Pasaje 24/26 Bis Nº 3054 (Bº Unidos)', '15448682', 'amalvarez@santafe.gov.ar', NULL, NULL, NULL, NULL, '2016-02-17 16:55:53', '2016-02-17 16:55:53', 3, NULL, 0, NULL),
(71, 'Andrea', 'Reyes', 0, 'Calle 83 nº 638 (bª lorenzon)', '15397213', 'andrealorenareyes@yahoo.com.ar', NULL, NULL, NULL, '2016-05-26 04:08:06', '2016-05-26 04:08:06', '2016-02-17 16:58:52', 3, NULL, 0, NULL),
(74, 'Luciana', 'Magi', 0, '', '', '', NULL, NULL, NULL, '2016-04-22 15:41:55', '2016-04-22 15:41:55', '2016-02-17 17:01:48', 3, NULL, 0, NULL),
(75, 'Leticia', 'Lorenzon', 0, '', '', '', NULL, NULL, NULL, '2016-05-14 23:14:12', '2016-05-14 23:14:12', '2016-02-17 17:03:51', 1, 2, 0, NULL),
(76, 'Ana Paula', 'Pietropaolo', 0, '', '15555513', 'anapietropaolo@hotmail.com', NULL, NULL, NULL, NULL, '2016-03-04 16:19:16', '2016-02-17 17:05:52', 3, NULL, 0, NULL),
(77, 'Rodri', 'Vera', 0, '', '15617267', 'rodrigosvera@hotmail.com', NULL, NULL, NULL, '2016-07-09 16:36:16', '2016-07-09 16:36:16', '2016-02-17 17:08:34', 3, NULL, 0, NULL),
(78, 'Angelica', 'Buyatti', 0, 'Belgrano nº 1081', '420473', '', NULL, NULL, NULL, '2016-05-14 23:27:19', '2016-05-14 23:27:19', '2016-02-17 17:12:59', 3, NULL, 1, NULL),
(79, 'Maria Ceciia', 'Aguirre', 0, 'Calle 22 Nº 933', '480228 - 15445960', 'mcecilia.aguirre@hotmail.com', NULL, NULL, NULL, '2016-04-21 23:51:45', '2016-04-21 23:51:45', '2016-02-17 17:14:23', 1, NULL, 0, NULL),
(81, 'Andrea', 'Chicharro', 0, 'Moreno Nº 1347', '15236503', 'andreachicharro@hotmail.com', NULL, NULL, NULL, NULL, '2016-10-31 15:35:53', '2016-02-17 17:15:55', 3, NULL, 0, NULL),
(82, 'Graciela', 'Farollch', 0, 'Pasaje 53/55 - Casa 111 (bª america)', '428628 - 15311296', '', NULL, NULL, NULL, '2016-07-07 03:47:49', '2016-07-07 03:47:49', '2016-02-17 17:19:58', 3, NULL, 0, NULL),
(83, 'Fernando', 'Gonzalez', 0, 'Lucas Funes Nº 229', '15204658', '', NULL, NULL, NULL, '2016-03-04 15:33:33', '2016-03-04 15:33:33', '2016-02-17 17:22:14', 3, NULL, 1, NULL),
(84, 'Rebeca', 'Bandeo', 0, 'Bolivar Nº 3036', '15311774', 'rebecabandeo@hotmail.com', NULL, NULL, NULL, NULL, '2016-08-25 02:00:20', '2016-02-17 17:25:04', 3, NULL, 0, NULL),
(85, 'Ariel', 'Borda', 0, 'Ituzaingo Nº 1521', '15628222', 'monoborda@hotmail.com', NULL, NULL, NULL, '2016-04-21 23:50:20', '2016-04-21 23:50:20', '2016-02-17 17:29:00', 3, NULL, 1, NULL),
(86, 'Anto', 'Scarel', 0, 'Ituzaingo Nº 1521', '', '', NULL, NULL, NULL, '2016-04-22 15:56:53', '2016-04-22 15:56:53', '2016-02-17 17:30:11', 3, NULL, 1, NULL),
(87, 'Sofia', 'Gueler', 0, 'Obligado Nª 1123 - piso 9', '0341 - 152524321', '', NULL, NULL, NULL, '2016-05-05 01:02:31', '2016-05-05 01:02:31', '2016-02-17 17:33:43', 3, NULL, 0, NULL),
(88, 'Maria del Carmen', 'Vicentin', 0, 'CAlle 16 Nº 468', '15443171', 'marivice@trcnet.com.ar', NULL, NULL, NULL, '2016-05-26 04:19:57', '2016-05-26 04:19:57', '2016-02-17 17:35:05', 1, NULL, 1, NULL),
(89, 'Sandra', 'Redigonda', 0, 'Rivadavia Nª 923', '15543329', 'redigondasandra@hotmail.com', NULL, NULL, NULL, NULL, '2016-02-17 17:36:38', '2016-02-17 17:36:38', 3, NULL, 0, NULL),
(90, 'Alicia', 'Forlin / Nahel', 0, '9 de Julio Nª 1310', '426038', 'organizacion.nea@hotmail.com', NULL, NULL, NULL, NULL, '2016-05-26 02:50:13', '2016-02-17 17:40:29', 3, NULL, 0, NULL),
(92, 'Alejandra', 'Gatti', 0, '', '', '', NULL, NULL, NULL, '2016-05-14 23:13:05', '2016-05-14 23:13:05', '2016-02-27 00:46:31', 1, 2, 0, NULL),
(93, 'Alejandro', 'Manzur', 0, '', '', '', NULL, NULL, NULL, '2016-05-14 23:14:27', '2016-05-14 23:14:27', '2016-02-27 00:46:59', 1, 2, 0, NULL),
(94, 'Miguel', 'Suligoy', 0, '', '', '', NULL, NULL, NULL, '2016-05-14 23:15:25', '2016-05-14 23:15:25', '2016-02-27 00:47:46', 1, 2, 0, NULL),
(95, 'Sergio', 'Nardelli', 0, '', '', '', NULL, NULL, NULL, '2016-05-14 23:14:58', '2016-05-14 23:14:58', '2016-02-27 00:48:10', 1, 2, 0, NULL),
(96, 'Beatriz', 'Vicentin', 0, '', '', '', NULL, NULL, NULL, '2016-05-14 23:15:41', '2016-05-14 23:15:41', '2016-02-27 00:48:41', 1, 2, 0, NULL),
(97, 'Adalberto', 'Cabral', 0, '', '', '', NULL, NULL, NULL, '2016-03-04 23:21:06', '2016-03-04 23:21:06', '2016-02-27 00:49:21', 1, 2, 0, NULL),
(98, 'Marcos', 'Fumo', 0, '', '', '', NULL, NULL, NULL, '2016-05-14 23:12:46', '2016-05-14 23:12:46', '2016-02-27 00:50:08', 1, 2, 0, NULL),
(99, 'Nino', 'Franzoy', 0, '', '', '', NULL, NULL, NULL, '2016-05-14 23:12:15', '2016-05-14 23:12:15', '2016-02-27 00:50:31', 1, 2, 0, NULL),
(100, 'Osvaldo', 'Fleitas', 0, '', '', '', NULL, NULL, NULL, '2016-05-14 23:11:55', '2016-05-14 23:11:55', '2016-02-27 00:50:55', 1, 2, 0, NULL),
(101, 'ICBC', 'Banco', 0, 'San Martin y Habegger', '', '', NULL, NULL, NULL, '2016-05-06 00:38:09', '2016-05-06 00:38:09', '2016-03-04 23:36:09', 3, 3, 0, NULL),
(102, 'Sandra ', 'Salame', 0, 'Roca n° 2315', '15647103', 'copitel@hotmail.com.ar', NULL, NULL, NULL, '2016-05-26 04:14:15', '2016-05-26 04:14:15', '2016-03-04 23:38:49', 3, NULL, 1, NULL),
(103, 'Jose', 'Isla', 0, 'San Martin 1019', '3482661622', 'islajose64@gmail.com', NULL, NULL, NULL, NULL, '2016-10-15 01:06:25', '2016-03-04 23:41:23', 3, NULL, 1, 12),
(104, 'Mauricio', 'Martelossi', 0, 'Loteo Martelossi', '15577309', 'mdmartelossi@gmail.com', NULL, NULL, NULL, NULL, '2016-08-25 02:31:07', '2016-03-05 15:40:17', 3, NULL, 0, NULL),
(105, 'Gisela', 'Cainelli', 0, 'Mitre 1720 B° Parque', '15308038', '', NULL, NULL, NULL, '2016-04-22 15:26:58', '2016-04-22 15:26:58', '2016-03-05 15:45:16', 3, NULL, 1, NULL),
(106, 'Alicia', 'Vera', 0, 'Habegger n° 398', '15624465', 'alegahn@hotmail.com', NULL, NULL, NULL, '2016-04-22 15:58:13', '2016-04-22 15:58:13', '2016-03-06 15:37:05', 3, NULL, 0, NULL),
(107, 'Martin', 'Aupperle', 0, 'Belgrano n° 1141', '15644238', 'martin.aupperle@vicentin.com.ar', NULL, NULL, NULL, '2016-08-10 00:25:35', '2016-08-10 00:25:35', '2016-03-06 15:40:39', 3, NULL, 0, NULL),
(108, 'Nelci', 'Nardelli', 0, '9 de Julio n° 686', '425932 - 154603835', '', NULL, NULL, NULL, '2016-05-26 03:53:01', '2016-05-26 03:53:01', '2016-03-06 15:44:32', 1, NULL, 1, NULL),
(134, 'Carolina', 'Fernandez', 0, 'Pueyrredon n° 946', '', '', NULL, NULL, NULL, '2016-05-25 22:53:34', '2016-05-25 22:53:34', '2016-03-12 05:23:22', 1, NULL, 0, NULL),
(135, 'Claudia', 'Rodriguez', 0, 'Alvear n° 1771', '', '', NULL, NULL, NULL, '2016-10-21 16:32:25', '2016-10-21 16:32:25', '2016-03-12 16:36:33', 3, NULL, 0, NULL),
(136, 'Diego', 'Pighin', 0, '', '', '', NULL, NULL, NULL, NULL, '2016-03-16 23:51:33', '2016-03-14 23:34:24', 3, NULL, 0, NULL),
(137, 'Elba ', 'Fernandez', 0, '', '', '', NULL, NULL, NULL, '2016-04-22 15:28:55', '2016-04-22 15:28:55', '2016-03-14 23:41:29', 3, NULL, 0, NULL),
(138, 'Elvia', 'Villanueva', 0, '', '', '', NULL, NULL, NULL, NULL, '2016-10-29 04:58:29', '2016-03-14 23:48:19', 3, NULL, 0, NULL),
(140, 'Graciela ', 'Nardelli', 0, '', '', '', NULL, NULL, NULL, NULL, '2016-03-16 23:07:03', '2016-03-16 23:07:03', 3, NULL, 0, NULL),
(141, 'Ivana', 'Fernandez', 0, '', '', '', NULL, NULL, NULL, NULL, '2016-03-16 23:43:30', '2016-03-16 23:43:30', 3, NULL, 0, NULL),
(142, 'Julieta ', 'Menichelli', 0, 'Club de campo "LA RURAL"', '3482506075', '', NULL, NULL, NULL, NULL, '2016-11-02 15:25:39', '2016-03-16 23:54:07', 3, NULL, 1, 13),
(143, 'Aridna', 'Martinez', 0, '', '', '', NULL, NULL, NULL, '2016-04-22 15:54:03', '2016-04-22 15:54:03', '2016-03-18 23:03:55', 3, NULL, 0, NULL),
(144, 'Elida ', 'Rodriguez', 0, '', '', '', NULL, NULL, NULL, '2016-05-26 04:10:29', '2016-05-26 04:10:29', '2016-03-18 23:09:34', 3, NULL, 0, NULL),
(145, 'Lider', 'Marega', 0, 'San Lorenzo N° 403', '', '', NULL, NULL, NULL, NULL, '2016-03-18 23:13:09', '2016-03-18 23:13:09', 3, NULL, 0, NULL),
(146, 'Mariela', 'Panaderia', 0, '', '', '', NULL, NULL, NULL, '2016-04-22 15:54:28', '2016-04-22 15:54:28', '2016-03-18 23:15:29', 3, NULL, 0, NULL),
(147, 'Marita', 'Massin', 0, '', '', '', NULL, NULL, NULL, NULL, '2016-08-02 00:23:10', '2016-03-18 23:17:06', 3, NULL, 0, NULL),
(148, 'Martina', 'Garnero', 0, '', '', '', NULL, NULL, NULL, NULL, '2016-03-18 23:18:32', '2016-03-18 23:18:32', 3, NULL, 0, NULL),
(149, 'Natalia', 'Delettieres', 0, '', '', '', NULL, NULL, NULL, '2016-04-22 15:28:15', '2016-04-22 15:28:15', '2016-03-18 23:30:23', 3, NULL, 0, NULL),
(152, 'Natalia', 'Zancada', 0, '', '', '', NULL, NULL, NULL, NULL, '2016-03-30 00:00:53', '2016-03-18 23:37:04', 3, NULL, 0, NULL),
(153, 'Patricia', 'Raffin', 0, '', '', '', NULL, NULL, NULL, NULL, '2016-03-30 23:02:54', '2016-03-18 23:40:00', 3, NULL, 0, NULL),
(154, 'Silvana', 'Rossi', 0, '', '', '', NULL, NULL, NULL, '2016-11-14 01:29:21', '2016-11-14 01:29:21', '2016-03-18 23:41:54', 3, NULL, 0, NULL),
(155, 'Valeria', 'Ferreyra', 0, '', '', '', NULL, NULL, NULL, '2016-04-22 15:29:22', '2016-04-22 15:29:22', '2016-03-21 15:28:53', 3, NULL, 0, NULL),
(156, 'Alexis', 'Gahn', 0, '', '', '', NULL, NULL, NULL, '2016-04-22 15:40:43', '2016-04-22 15:40:43', '2016-03-21 15:31:12', 3, NULL, 0, NULL),
(157, 'Angeles', 'Reyero', 0, '', '', '', NULL, NULL, NULL, NULL, '2016-05-31 23:40:43', '2016-03-21 23:30:58', 3, NULL, 0, NULL),
(158, 'Amaro', 'Ramoa', 0, '', '', '', NULL, NULL, NULL, NULL, '2016-03-21 23:36:07', '2016-03-21 23:36:07', 3, NULL, 0, NULL),
(159, 'Nardelli', 'Eduardo', 0, '', '', '', NULL, NULL, NULL, '2016-04-22 15:28:33', '2016-04-22 15:28:33', '2016-03-21 23:38:59', 3, NULL, 0, NULL),
(160, 'Gloria', 'Diaz', 0, '', '', '', NULL, NULL, NULL, '2016-05-14 23:35:51', '2016-05-14 23:35:51', '2016-03-21 23:42:12', 3, NULL, 0, NULL),
(161, 'Bianchini', 'Gustavo', 0, '', '', '', NULL, NULL, NULL, '2016-04-22 15:54:47', '2016-04-22 15:54:47', '2016-03-21 23:44:54', 3, NULL, 0, NULL),
(162, 'Gabriela', 'Lorenzini', 0, '', '', '', NULL, NULL, NULL, NULL, '2016-03-30 23:01:05', '2016-03-21 23:47:19', 3, NULL, 0, NULL),
(163, 'Manuel', 'Arzamendia', 0, '', '', '', NULL, NULL, NULL, NULL, '2016-03-21 23:50:27', '2016-03-21 23:50:27', 3, NULL, 0, NULL),
(164, 'Marcos', 'Dito', 0, '', '', '', NULL, NULL, NULL, '2016-05-06 00:39:10', '2016-05-06 00:39:10', '2016-03-21 23:52:20', 3, NULL, 0, NULL),
(165, 'Paula', 'Zanuttini', 0, '', '', '', NULL, NULL, NULL, '2016-08-01 23:06:47', '2016-08-01 23:06:47', '2016-03-30 00:01:15', 3, NULL, 0, NULL),
(167, 'Maria Cecilia', 'Di Leo', 0, '', '', '', NULL, NULL, NULL, '2016-08-02 00:00:48', '2016-08-02 00:00:48', '2016-03-30 00:24:47', 3, NULL, 0, NULL),
(168, 'Amiga', 'Luisi', 0, '', '', '', NULL, NULL, NULL, '2016-04-22 15:41:37', '2016-04-22 15:41:37', '2016-03-30 00:26:46', 3, NULL, 0, NULL),
(169, 'Jose Carlos', 'Agustini', 0, '', '', '', NULL, NULL, NULL, NULL, '2016-03-30 00:31:57', '2016-03-30 00:28:37', 3, NULL, 0, NULL),
(170, 'Arley', 'Kainel', 0, '', '', '', NULL, NULL, NULL, NULL, '2016-03-30 00:35:34', '2016-03-30 00:35:34', 3, NULL, 0, NULL),
(171, 'Natalia', 'Fabro', 0, '', '', '', NULL, NULL, NULL, '2016-05-06 00:40:05', '2016-05-06 00:40:05', '2016-03-30 00:37:50', 3, NULL, 0, NULL),
(172, 'Belen', 'Gueler', 0, '', '', '', NULL, NULL, NULL, '2016-08-10 23:20:56', '2016-08-10 23:20:56', '2016-03-30 00:39:30', 3, NULL, 0, NULL),
(173, 'Alba', 'Zarza', 0, '', '', '', NULL, NULL, NULL, NULL, '2016-03-30 00:40:55', '2016-03-30 00:40:55', 3, NULL, 0, NULL),
(175, 'Dalila', 'Yunez', 0, '', '', '', NULL, NULL, NULL, NULL, '2016-10-15 17:13:38', '2016-03-30 00:44:29', 3, NULL, 0, NULL),
(176, 'Juliana', 'Arzamendia', 0, '', '', '', NULL, NULL, NULL, NULL, '2016-03-30 00:48:03', '2016-03-30 00:48:03', 3, NULL, 0, NULL),
(177, 'Emiliano', 'Braida', 0, '', '', '', NULL, NULL, NULL, NULL, '2016-08-25 01:43:38', '2016-03-30 00:57:50', 3, NULL, 0, NULL),
(178, 'Luis', 'Mores', 0, '', '', '', NULL, NULL, NULL, NULL, '2016-03-30 01:02:52', '2016-03-30 01:02:52', 3, NULL, 0, NULL),
(179, 'Marcelo', 'Duran', 0, '', '', '', NULL, NULL, NULL, '2016-05-06 00:39:39', '2016-05-06 00:39:39', '2016-03-30 01:04:03', 3, NULL, 0, NULL),
(180, 'Matias', 'Babor', 0, '', '', '', NULL, NULL, NULL, NULL, '2016-03-30 01:05:07', '2016-03-30 01:05:07', 3, NULL, 0, NULL),
(181, 'Micaela', 'Cabral', 0, '', '', '', NULL, NULL, NULL, '2016-07-07 03:38:08', '2016-07-07 03:38:08', '2016-03-30 01:07:19', 3, NULL, 0, NULL),
(182, 'Oscar', 'Ibarra', 0, '', '', '', NULL, NULL, NULL, NULL, '2016-03-30 01:08:44', '2016-03-30 01:08:44', 3, NULL, 0, NULL),
(183, 'Olga', 'Sturla', 0, '', '', '', NULL, NULL, NULL, '2016-07-09 16:34:34', '2016-07-09 16:34:34', '2016-03-30 01:09:55', 3, NULL, 0, NULL),
(184, 'Susana', 'Soto', 0, '', '', '', NULL, NULL, NULL, '2016-05-26 04:15:49', '2016-05-26 04:15:49', '2016-03-30 01:11:20', 3, NULL, 0, NULL),
(186, 'Cabral', 'Micaela', 0, '', '', '', NULL, NULL, NULL, '2016-07-09 01:27:28', '2016-07-09 01:27:28', '2016-03-30 23:08:05', 3, NULL, 0, NULL),
(187, 'Susana', 'Piccoli', 0, '', '', '', NULL, NULL, NULL, NULL, '2016-03-30 23:12:56', '2016-03-30 23:12:56', 3, NULL, 0, NULL),
(188, 'Cristian', 'Bieri', 0, '', '', '', NULL, NULL, NULL, '2016-11-19 00:26:57', '2016-11-19 00:26:57', '2016-03-30 23:15:03', 3, NULL, 0, NULL),
(189, 'Daniela', 'Carnelutti', 0, '', '', '', NULL, NULL, NULL, '2016-04-22 15:27:13', '2016-04-22 15:27:13', '2016-03-30 23:16:47', 3, NULL, 0, NULL),
(190, 'Agostina', 'Montoya', 0, '', '', '', NULL, NULL, NULL, '2016-04-22 15:55:36', '2016-04-22 15:55:36', '2016-03-30 23:34:52', 3, NULL, 0, NULL),
(191, 'Alberto', 'Braida', 0, '', '', '', NULL, NULL, NULL, '2016-08-01 23:08:59', '2016-08-01 23:08:59', '2016-03-30 23:36:03', 3, NULL, 0, NULL),
(193, 'Analia', 'Manzur', 0, '', '', '', NULL, NULL, NULL, NULL, '2016-03-30 23:44:32', '2016-03-30 23:44:32', 3, NULL, 0, NULL),
(194, 'Hugo', 'Marin', 0, '', '', '', NULL, NULL, NULL, '2016-05-06 00:40:40', '2016-05-06 00:40:40', '2016-03-30 23:47:39', 3, NULL, 0, NULL),
(195, 'Laura', 'Massin (familia)', 0, '', '', '', NULL, NULL, NULL, '2016-05-26 03:41:00', '2016-05-26 03:41:00', '2016-03-30 23:49:57', 3, NULL, 0, NULL),
(196, 'Mariela', 'Massin  ', 0, '', '', '', NULL, NULL, NULL, NULL, '2016-03-30 23:54:35', '2016-03-30 23:54:35', 3, NULL, 0, NULL),
(197, 'Mariela', 'Sandoval', 0, '', '', '', NULL, NULL, NULL, NULL, '2016-11-11 00:11:37', '2016-03-30 23:58:42', 3, NULL, 0, NULL),
(198, 'Natalia', 'Muchiut', 0, '', '', '', NULL, NULL, NULL, '2016-04-22 16:00:30', '2016-04-22 16:00:30', '2016-03-31 00:05:32', 3, NULL, 0, NULL),
(199, 'Pablo', 'Ramos', 0, '', '', '', NULL, NULL, NULL, '2016-04-22 15:55:58', '2016-04-22 15:55:58', '2016-03-31 00:09:47', 3, NULL, 0, NULL),
(201, 'Valeria', 'Gomez', 0, '', '', '', NULL, NULL, NULL, '2016-04-22 15:41:12', '2016-04-22 15:41:12', '2016-03-31 00:14:05', 3, NULL, 0, NULL),
(202, 'Griselda', 'Zupel', 0, '', '', '', NULL, NULL, NULL, NULL, '2016-03-31 00:16:02', '2016-03-31 00:16:02', 3, NULL, 0, NULL),
(203, 'Osvaldo', 'Vicentin', 0, '', '', '', NULL, NULL, NULL, '2016-05-14 23:16:17', '2016-05-14 23:16:17', '2016-04-21 23:35:17', 1, 2, 0, NULL),
(204, 'Juan Pablo', 'Vicentin', 0, '', '', '', NULL, NULL, NULL, '2016-05-14 23:16:38', '2016-05-14 23:16:38', '2016-04-21 23:40:30', 1, 2, 0, NULL),
(205, 'Mario', 'Gregoret', 0, '', '', '', NULL, NULL, NULL, '2016-05-14 23:13:35', '2016-05-14 23:13:35', '2016-04-21 23:43:56', 1, 2, 0, NULL),
(206, 'Doris', 'Vicentin', 0, '', '', '', NULL, NULL, NULL, '2016-05-14 23:17:10', '2016-05-14 23:17:10', '2016-04-21 23:46:23', 1, 2, 0, NULL),
(207, 'Hermana Analia', 'Muchiut', 0, '', '', '', NULL, NULL, NULL, '2016-07-09 01:30:34', '2016-07-09 01:30:34', '2016-04-21 23:48:44', 1, NULL, 1, NULL),
(208, 'Betiana', 'Ortiz', 0, '', '', '', NULL, NULL, NULL, '2016-07-09 01:33:52', '2016-07-09 01:33:52', '2016-04-22 23:07:47', 3, NULL, 0, NULL),
(209, 'Walter', 'Cattanzariti', 0, '', '', '', NULL, NULL, NULL, '2016-10-11 15:14:29', '2016-10-11 15:14:29', '2016-04-22 23:31:15', 3, NULL, 0, NULL),
(210, 'Gerardo', 'Carrasco', 0, '', '', '', NULL, NULL, NULL, '2016-07-07 03:37:31', '2016-07-07 03:37:31', '2016-04-22 23:33:15', 3, NULL, 0, NULL),
(211, 'Andrea', 'Biancolini', 0, '', '', '', NULL, NULL, NULL, '2016-05-14 23:26:54', '2016-05-14 23:26:54', '2016-04-22 23:34:39', 3, NULL, 0, NULL),
(212, 'Flavia', 'Maglione', 0, '', '15407768', '', NULL, NULL, NULL, NULL, '2016-07-20 00:45:37', '2016-04-22 23:36:49', 3, NULL, 0, NULL),
(213, 'Nora', 'Lopez', 0, '', '', '', NULL, NULL, NULL, '2016-09-05 22:41:58', '2016-09-05 22:41:58', '2016-04-22 23:44:48', 3, NULL, 0, NULL),
(214, 'Mirta', 'Stangaferro', 0, 'Chacabuco n° 1639', '15417384', '', NULL, NULL, NULL, '2016-10-29 04:51:06', '2016-10-29 04:51:06', '2016-04-22 23:48:15', 3, NULL, 0, NULL),
(215, 'Luciano', 'Fernandez', 0, '', '', '', NULL, NULL, NULL, '2016-05-26 02:46:11', '2016-05-26 02:46:11', '2016-04-22 23:51:55', 3, NULL, 0, NULL),
(216, 'Tere', 'Silvestre', 0, '', '', '', NULL, NULL, NULL, NULL, '2016-05-31 23:36:12', '2016-04-22 23:54:47', 3, NULL, 0, NULL),
(217, 'Niclis', 'Angelica', 0, 'Obligado n° 429', '', '', NULL, NULL, NULL, '2016-05-14 23:26:23', '2016-05-14 23:26:23', '2016-04-23 00:00:43', 3, NULL, 1, NULL),
(218, 'Cintia', 'Vallejos', 0, 'Calle 59 n° 536 (B° America)', '', '', NULL, NULL, NULL, '2016-07-09 16:35:23', '2016-07-09 16:35:23', '2016-04-23 00:03:28', 3, NULL, 1, NULL),
(219, 'Gisela', 'Ludueña', 0, 'Calle 43 n° 135', '3482408538', '', NULL, NULL, NULL, NULL, '2016-10-15 00:47:52', '2016-04-23 02:22:35', 3, NULL, 1, 7),
(221, 'Gladys', 'Pucheta', 0, 'Almafuerte n° 451', '', '', NULL, NULL, NULL, NULL, '2016-11-02 15:20:23', '2016-04-23 02:24:52', 3, NULL, 1, 13),
(222, 'Ines', 'Leguizamon', 0, 'Calle 77 n° 239', '', '', NULL, NULL, NULL, '2016-10-29 03:13:09', '2016-10-29 03:13:09', '2016-04-23 02:26:29', 3, NULL, 1, 7),
(223, 'Leila', 'A', 0, 'YPF', '', '', NULL, NULL, NULL, '2016-08-10 00:20:47', '2016-08-10 00:20:47', '2016-04-23 02:27:43', 3, NULL, 1, NULL),
(224, 'Luli', 'A', 0, 'Iturraspe n° 1060', '', '', NULL, NULL, NULL, '2016-09-28 23:15:10', '2016-09-28 23:15:10', '2016-04-23 02:28:56', 3, NULL, 1, NULL),
(225, 'Matilde', 'Marega', 0, 'Habegger n° 331 ', '', '', NULL, NULL, NULL, '2016-11-02 16:04:18', '2016-11-02 16:04:18', '2016-04-23 02:30:19', 3, NULL, 1, 8),
(226, 'Natalia', 'Tregar', 0, 'Calle 41 n° 986 (B° Chapero)', '', '', NULL, NULL, NULL, '2016-07-09 16:35:07', '2016-07-09 16:35:07', '2016-04-23 02:32:59', 3, NULL, 1, NULL),
(227, 'Nicolas ', 'Spessot', 0, 'Chacabuco n° 647', '', '', NULL, NULL, NULL, '2016-09-29 00:51:14', '2016-09-29 00:51:14', '2016-04-23 02:35:20', 3, NULL, 1, NULL),
(228, 'Sergio', 'Raffin', 0, 'Obligado n° 967 (Banco Macro)', '', '', NULL, NULL, NULL, NULL, '2016-11-02 15:20:48', '2016-04-23 02:37:07', 3, NULL, 1, 13),
(229, 'Silvia', 'Dal Lago', 0, 'Lisandro de la Torre n° 1173', '', '', NULL, NULL, NULL, NULL, '2016-10-15 00:52:16', '2016-04-23 02:38:32', 3, NULL, 1, 7),
(230, 'Cali', 'Benitez', 0, 'Patricio Diez n° 176', '', '', NULL, NULL, NULL, NULL, '2016-10-15 00:51:25', '2016-04-23 02:40:04', 3, NULL, 1, 7),
(231, 'Claudia', 'Martinelli', 0, 'Amenabar esq. Newbery', '', '', NULL, NULL, NULL, NULL, '2016-10-15 00:32:09', '2016-04-23 02:41:54', 3, NULL, 1, 10),
(232, 'Marta', 'Fabrissin', 0, '25 de Mayo n° 1454', '', '', NULL, NULL, NULL, NULL, '2016-10-15 00:31:25', '2016-04-23 02:44:14', 3, NULL, 1, 10),
(233, 'Monica', 'Zanel', 0, 'Habegger n° 1346 (pasillo)', '', '', NULL, NULL, NULL, '2016-08-01 23:07:05', '2016-08-01 23:07:05', '2016-04-23 02:45:47', 3, NULL, 1, NULL),
(234, 'Miriam', 'Videla', 0, 'Banco Santa Fe', '', '', NULL, NULL, NULL, NULL, '2016-11-15 16:45:34', '2016-04-23 02:47:13', 3, NULL, 1, 13),
(235, 'Sandra', 'Perez', 0, 'Moreno n° 725', '', '', NULL, NULL, NULL, '2016-07-09 16:27:54', '2016-07-09 16:27:54', '2016-04-23 02:48:50', 3, NULL, 1, NULL),
(236, 'A', 'Ojeda', 0, 'Iriondo n° 686', '', '', NULL, NULL, NULL, '2016-09-29 00:39:10', '2016-09-29 00:39:10', '2016-04-23 02:50:21', 3, NULL, 1, NULL),
(237, 'Laura', 'Massin', 0, 'Fe Salud', '', '', NULL, NULL, NULL, '2016-05-14 23:36:48', '2016-05-14 23:36:48', '2016-04-23 02:51:51', 3, NULL, 1, NULL),
(238, 'Carmen', 'Agustini', 0, 'Iriondo n° 1055', '', '', NULL, NULL, NULL, NULL, '2016-11-02 15:17:40', '2016-04-23 02:54:06', 3, NULL, 1, 13),
(239, 'Daniela', 'Alegre', 0, 'San Lorenzo n° 246', '', '', NULL, NULL, NULL, NULL, '2016-10-15 00:54:51', '2016-04-23 02:55:26', 3, NULL, 1, 11),
(240, 'Marianela', 'Ru', 0, 'Sarmiento n° 1369', '', '', NULL, NULL, NULL, '2016-08-01 22:58:22', '2016-08-01 22:58:22', '2016-04-23 02:57:13', 3, NULL, 1, NULL),
(241, 'Maria Del Carmen', 'Cataño', 0, 'Ituzaingo n° 873 dpto 4', '', '', NULL, NULL, NULL, '2016-09-30 17:32:11', '2016-09-30 17:32:11', '2016-04-23 02:59:18', 3, NULL, 1, NULL),
(242, 'Maria Luz', 'Muchiut', 0, 'Calle 315 n° 903', '15240101', '', NULL, NULL, NULL, NULL, '2016-10-15 00:28:23', '2016-04-23 03:00:42', 1, NULL, 1, 10),
(243, 'Patricia', 'Longhi', 0, 'Iturraspe n° 55', '', '', NULL, NULL, NULL, NULL, '2016-10-15 00:38:19', '2016-04-23 03:01:56', 3, NULL, 1, 7),
(244, 'Raul', 'Gazze', 0, 'Alvear n° 414', '', '', NULL, NULL, NULL, '2016-08-02 00:05:20', '2016-08-02 00:05:20', '2016-04-23 03:03:14', 3, NULL, 1, NULL),
(245, 'Sandra', 'Garcia', 0, 'Iriondo n° 520', '', '', NULL, NULL, NULL, NULL, '2016-11-02 15:18:05', '2016-04-23 03:04:18', 3, NULL, 1, 13),
(246, 'Diego', 'Lanteri', 0, 'Olessio n°739', '', '', NULL, NULL, NULL, '2016-05-14 23:31:41', '2016-05-14 23:31:41', '2016-04-23 03:06:03', 3, NULL, 1, NULL),
(247, 'Evelyn', 'Cano', 0, 'Pasaje 55 - 57 (B° America)', '', '', NULL, NULL, NULL, '2016-05-26 02:33:30', '2016-05-26 02:33:30', '2016-04-23 03:08:30', 3, NULL, 1, NULL),
(248, 'Gabriel ', 'Lanteri', 0, '9 de Julio n° 2271 (B° Chapero)', '', '', NULL, NULL, NULL, NULL, '2016-10-15 00:59:42', '2016-04-23 03:10:07', 3, NULL, 1, 11),
(249, 'Graciela', 'G', 0, 'Olessio n° 2621', '', '', NULL, NULL, NULL, '2016-07-09 01:11:31', '2016-07-09 01:11:31', '2016-04-23 03:12:12', 3, NULL, 1, NULL),
(250, 'Liliana', 'Goldaraz', 0, '9 de Julio n° 640', '', '', NULL, NULL, NULL, NULL, '2016-11-02 15:51:51', '2016-04-23 03:14:26', 3, NULL, 1, 12),
(251, 'Rosana', 'Difilippo', 0, 'Bolivar n° 3027', '', '', NULL, NULL, NULL, NULL, '2016-10-15 00:50:31', '2016-04-23 03:16:48', 3, NULL, 1, 7),
(252, 'Kiosco', 'Kiosco', 0, '9 de Julio n° 1940', '', '', NULL, NULL, NULL, '2016-08-02 00:13:29', '2016-08-02 00:13:29', '2016-04-23 03:19:11', 3, NULL, 1, NULL),
(253, 'Amelia ', 'Loubiere', 0, 'Belgrano n° 671', '', '', NULL, NULL, NULL, '2016-07-09 01:18:28', '2016-07-09 01:18:28', '2016-04-24 22:03:17', 3, NULL, 1, NULL),
(254, 'Lorena', 'Benitez', 0, 'Calle 40 n° 3245', '', '', NULL, NULL, NULL, NULL, '2016-08-25 23:27:23', '2016-04-27 16:05:42', 3, NULL, 0, NULL),
(255, 'Elisa', 'Voegeli', 0, '', '', '', NULL, NULL, NULL, '2016-07-09 16:37:08', '2016-07-09 16:37:08', '2016-04-27 16:07:21', 3, NULL, 0, NULL),
(256, 'Sebastian', 'Gomez', 0, '', '', '', NULL, NULL, NULL, NULL, '2016-04-27 16:14:35', '2016-04-27 16:14:35', 3, NULL, 0, NULL),
(257, 'Haydee', 'Bandeo', 0, '', '', '', NULL, NULL, NULL, NULL, '2016-04-27 19:17:58', '2016-04-27 19:17:58', 3, NULL, 0, NULL),
(258, 'Negra', 'De Felix', 0, 'Iturraspe n° 255', '', '', NULL, NULL, NULL, NULL, '2016-10-15 00:39:09', '2016-04-29 19:41:57', 3, NULL, 1, 7),
(259, 'Gabriela', 'Mai', 0, '', '', '', NULL, NULL, NULL, '2016-10-15 16:27:44', '2016-10-15 16:27:44', '2016-05-05 00:57:59', 3, NULL, 0, NULL),
(260, 'Josefina', 'Marconi', 0, '', '', '', NULL, NULL, NULL, '2016-07-09 01:21:41', '2016-07-09 01:21:41', '2016-05-05 00:59:11', 3, NULL, 0, NULL),
(261, 'Milena', 'Daran', 0, '', '', '', NULL, NULL, NULL, NULL, '2016-05-05 01:00:06', '2016-05-05 01:00:06', 1, NULL, 0, NULL),
(262, 'Gisela', 'Bressan', 0, '', '', '', NULL, NULL, NULL, '2016-05-06 00:27:07', '2016-05-06 00:27:07', '2016-05-05 01:04:30', 3, NULL, 0, NULL),
(263, 'Agostina', 'Ruiz Diaz', 0, 'Freyre n° 1264', '', '', NULL, NULL, NULL, '2016-08-02 00:32:09', '2016-08-02 00:32:09', '2016-05-06 00:25:46', 3, NULL, 1, NULL),
(264, 'Federico', 'Dickey', 0, 'Olessio n° 1468', '', '', NULL, NULL, NULL, '2016-08-02 00:02:14', '2016-08-02 00:02:14', '2016-05-06 00:27:57', 3, NULL, 1, NULL),
(265, 'Matias', 'Victor', 0, 'Moreno n° 755', '', '', NULL, NULL, NULL, '2016-07-09 16:36:29', '2016-07-09 16:36:29', '2016-05-06 00:29:34', 3, NULL, 1, NULL),
(266, 'Griselda', 'Torres', 0, 'Cernadas n° 1986', '', '', NULL, NULL, NULL, '2016-08-02 00:35:44', '2016-08-02 00:35:44', '2016-05-06 00:32:22', 3, NULL, 1, NULL),
(267, 'Eva ', 'Palud', 0, 'Alvear n° 683', '', '', NULL, NULL, NULL, '2016-05-26 03:57:05', '2016-05-26 03:57:05', '2016-05-06 00:33:59', 3, NULL, 1, NULL),
(268, 'AFIP', 'AFIP', 0, 'Mitre n° 845', '', '', NULL, NULL, NULL, NULL, '2016-05-06 00:44:10', '2016-05-06 00:44:10', 3, NULL, 1, NULL),
(269, 'Valentino', 'Martinez', 0, 'Calle 9 n° 375 Bco. Nacion', '', '', NULL, NULL, NULL, '2016-08-02 00:27:34', '2016-08-02 00:27:34', '2016-05-06 00:46:11', 1, NULL, 1, NULL),
(270, 'Silvana', 'Fiameni', 0, 'Olessio n° 811', '', '', NULL, NULL, NULL, '2016-08-01 23:12:44', '2016-08-01 23:12:44', '2016-05-06 00:48:15', 3, NULL, 1, NULL),
(271, 'Susana', 'Goy', 0, 'Iturraspe n° 654', '', '', NULL, NULL, NULL, '2016-07-07 03:50:31', '2016-07-07 03:50:31', '2016-05-07 04:46:36', 3, NULL, 1, NULL),
(272, 'Angeles', 'Reyero', 0, '', '', '', NULL, NULL, NULL, '2016-07-09 16:29:47', '2016-07-09 16:29:47', '2016-05-28 22:22:20', 3, NULL, 0, NULL),
(273, 'Roberto', 'Gonzalez', 0, '', '', '', NULL, NULL, NULL, NULL, '2016-05-28 22:23:53', '2016-05-28 22:23:53', 3, NULL, 0, NULL),
(274, 'Mariana', 'Bergallo', 0, '', '', '', NULL, NULL, NULL, '2016-08-01 23:08:34', '2016-08-01 23:08:34', '2016-05-28 22:25:07', 3, NULL, 0, NULL),
(275, 'Soledad', 'Burella', 0, 'Calle 312 y 303', '', '', NULL, NULL, NULL, NULL, '2016-05-28 22:27:07', '2016-05-28 22:27:07', 1, NULL, 0, NULL),
(276, 'Alicia', 'Buyatti', 0, '', '', '', NULL, NULL, NULL, '2016-07-07 03:37:09', '2016-07-07 03:37:09', '2016-05-28 22:28:47', 3, NULL, 0, NULL),
(277, 'Andrea', 'Speranza', 0, '', '', '', NULL, NULL, NULL, '2016-08-10 16:18:59', '2016-08-10 16:18:59', '2016-05-28 22:31:42', 3, NULL, 0, NULL),
(278, 'Carolina', 'Zurco', 0, 'Chacabuco n° 955', '15536596', '', NULL, NULL, NULL, '2016-07-09 16:39:07', '2016-07-09 16:39:07', '2016-05-28 22:32:55', 3, NULL, 0, NULL),
(279, 'Vanina', 'Antolin', 0, '', '', '', NULL, NULL, NULL, '2016-07-09 01:02:47', '2016-07-09 01:02:47', '2016-05-28 22:34:42', 3, NULL, 0, NULL),
(280, 'Jose Luis', 'Estevez', 0, '', '', '', NULL, NULL, NULL, '2016-07-07 03:47:27', '2016-07-07 03:47:27', '2016-05-28 22:35:51', 3, NULL, 0, NULL),
(281, 'Analia', 'Mai Novero', 0, 'Lucas Funes n° 506', '15453125', '', NULL, NULL, NULL, '2016-08-10 01:04:20', '2016-08-10 01:04:20', '2016-05-31 22:57:28', 3, NULL, 0, NULL),
(282, 'Comagro', 'Comagro', 0, 'Ruta A 009 KM.11.2', '', '', NULL, NULL, NULL, NULL, '2016-10-15 00:48:35', '2016-05-31 23:10:16', 3, NULL, 1, 7),
(283, 'Maria Delia', 'Nuñez', 0, 'Bv. Peron 1720', '3483430312', '', NULL, NULL, NULL, NULL, '2016-10-15 00:50:07', '2016-05-31 23:12:01', 3, NULL, 1, 7),
(284, 'Micaela', 'Morzan', 0, 'Habegger n° 339', '', '', NULL, NULL, NULL, '2016-07-09 01:29:28', '2016-07-09 01:29:28', '2016-05-31 23:13:19', 3, NULL, 1, NULL),
(285, 'Mirta', 'Buyatti', 0, 'Oficina Buyatti', '', '', NULL, NULL, NULL, NULL, '2016-10-15 00:54:00', '2016-05-31 23:14:37', 3, NULL, 1, 11),
(286, 'Romina', 'Pighin', 0, 'Habergger n° 331', '', '', NULL, NULL, NULL, '2016-07-09 16:28:37', '2016-07-09 16:28:37', '2016-05-31 23:15:44', 3, NULL, 1, NULL),
(287, 'Viviana', 'Barolin', 0, 'Bolivar n° 564', '', '', NULL, NULL, NULL, NULL, '2016-11-04 00:28:51', '2016-05-31 23:17:23', 3, NULL, 0, 0),
(288, 'Lorena', 'Zunini', 0, 'Lucas Funes n° 315', '', '', NULL, NULL, NULL, '2016-07-09 16:38:51', '2016-07-09 16:38:51', '2016-05-31 23:20:27', 3, NULL, 1, NULL),
(290, 'Victorino', 'Lovey', 0, 'Chacabuco n° 1336', '', '', NULL, NULL, NULL, '2016-10-15 16:20:30', '2016-10-15 16:20:30', '2016-05-31 23:28:03', 3, NULL, 1, NULL),
(291, 'Patricia', 'Marconi', 0, 'San Martin n° 861', '', '', NULL, NULL, NULL, '2016-07-09 01:21:22', '2016-07-09 01:21:22', '2016-05-31 23:29:58', 3, NULL, 1, NULL),
(292, 'Silvina', 'Di Leo', 0, '', '', '', NULL, NULL, NULL, NULL, '2016-10-17 23:36:25', '2016-05-31 23:32:30', 3, NULL, 0, NULL),
(293, 'Antonio ', 'Miceli', 0, 'Calle 61 n° 1341 B° Villa Dolores', '15624701', '', NULL, NULL, NULL, '2016-07-09 01:26:58', '2016-07-09 01:26:58', '2016-06-03 00:38:14', 3, NULL, 1, NULL),
(295, 'Walter', 'Paredes', 0, '', '', '', NULL, NULL, NULL, '2016-07-09 16:25:33', '2016-07-09 16:25:33', '2016-06-09 02:08:41', 3, NULL, 0, NULL),
(296, 'Guillermo', 'Nardelli', 0, '', '', '', NULL, NULL, NULL, '2016-07-09 01:32:42', '2016-07-09 01:32:42', '2016-06-09 02:26:05', 3, NULL, 0, NULL),
(297, 'Cristian ', 'Benitez', 0, '', '', '', NULL, NULL, NULL, '2016-09-28 23:24:34', '2016-09-28 23:24:34', '2016-06-09 02:30:14', 3, NULL, 0, NULL),
(298, 'Pablo', 'Sarantonelli', 0, '', '', '', NULL, NULL, NULL, '2016-10-19 23:37:29', '2016-10-19 23:37:29', '2016-06-09 02:35:38', 3, NULL, 0, NULL),
(300, 'Matias', 'Pacheco', 0, 'Lovato n° 435', '', '', NULL, NULL, NULL, '2016-07-09 16:25:09', '2016-07-09 16:25:09', '2016-06-09 05:12:45', 3, NULL, 1, NULL),
(301, 'Nelci', 'Niclis', 0, 'Newbery n° 891 depto 3', '', '', NULL, NULL, NULL, '2016-07-09 01:33:31', '2016-07-09 01:33:31', '2016-06-09 05:17:34', 3, NULL, 1, NULL),
(302, 'Marta', 'Lopez', 0, 'Habegger n° 535', '', '', NULL, NULL, NULL, '2016-11-04 00:32:50', '2016-11-04 00:32:50', '2016-06-09 05:19:23', 3, NULL, 0, NULL),
(303, 'Mariela', 'Colussi', 0, 'Calle 18 n° 1035', '', '', NULL, NULL, NULL, '2016-08-25 00:45:53', '2016-08-25 00:45:53', '2016-06-09 05:21:32', 1, NULL, 1, NULL),
(304, 'Mireya', 'Nardelli', 0, 'Rivadavia n° 843', '', '', NULL, NULL, NULL, '2016-07-09 01:33:05', '2016-07-09 01:33:05', '2016-06-09 05:24:13', 3, NULL, 1, NULL),
(305, 'Marcelo', 'Canteros', 0, 'Gral. Lopez n° 1467', '', '', NULL, NULL, NULL, '2016-07-07 03:37:49', '2016-07-07 03:37:49', '2016-06-09 15:17:49', 3, NULL, 1, NULL),
(306, 'Prueba 1', 'Prueba 1', 213123, '123213', '23123', 'aasdadasa.com@asdad-.com', NULL, NULL, NULL, '2016-10-29 04:43:29', '2016-10-29 04:43:29', '2016-07-06 07:44:06', 1, NULL, 1, NULL),
(307, 'Betiana', 'Ortiz', 0, '', '', '', NULL, NULL, NULL, NULL, '2016-07-09 16:52:30', '2016-07-09 16:52:30', 3, NULL, 0, NULL),
(308, 'Camila', 'Cian', 0, 'Lucas Funes n° 1590', '03482537857', '', NULL, NULL, NULL, '2016-11-11 23:42:19', '2016-11-11 23:42:19', '2016-07-09 17:11:34', 3, NULL, 0, NULL),
(309, 'Ester', 'Lutz', 0, 'San Martin n° 4025', '03482409554', '', NULL, NULL, NULL, '2016-10-29 03:19:58', '2016-10-29 03:19:58', '2016-07-09 17:13:11', 3, NULL, 0, NULL),
(310, 'Graciela', 'Farollch', 0, '', '', '', NULL, NULL, NULL, NULL, '2016-07-09 17:14:44', '2016-07-09 17:14:44', 3, NULL, 0, NULL),
(311, 'Maru', 'Muchiut', 0, '', '3482310638', '', NULL, NULL, NULL, '2016-09-29 00:38:28', '2016-09-29 00:38:28', '2016-07-09 17:18:05', 3, NULL, 0, NULL),
(312, 'Soledad', 'Salazar', 0, '', '', '', NULL, NULL, NULL, NULL, '2016-07-09 17:21:07', '2016-07-09 17:21:07', 3, NULL, 0, NULL),
(313, 'Carolina', 'Zurco', 0, '', '', '', NULL, NULL, NULL, '2016-08-11 15:13:09', '2016-08-11 15:13:09', '2016-07-09 17:23:03', 3, NULL, 0, NULL),
(314, 'Danilo', 'Rivero', 0, '', '', '', NULL, NULL, NULL, NULL, '2016-07-09 17:25:01', '2016-07-09 17:25:01', 3, NULL, 0, NULL),
(315, 'Laura', 'Bagnoli', 0, '', '', '', NULL, NULL, NULL, '2016-08-25 00:16:30', '2016-08-25 00:16:30', '2016-07-09 17:26:39', 3, NULL, 0, NULL),
(316, 'Milvana', 'Maran', 0, '', '', '', NULL, NULL, NULL, NULL, '2016-07-09 17:27:47', '2016-07-09 17:27:47', 3, NULL, 0, NULL),
(317, 'Claudia', 'Caballero', 0, '', '', '', NULL, NULL, NULL, '2016-08-10 00:32:25', '2016-08-10 00:32:25', '2016-07-09 17:29:00', 3, NULL, 0, NULL),
(318, 'Micaela', 'Cabral', 0, '', '', '', NULL, NULL, NULL, '2016-07-09 17:31:18', '2016-07-09 17:31:18', '2016-07-09 17:30:23', 3, NULL, 0, NULL),
(319, 'Laura', 'Castests', 0, '', '', '', NULL, NULL, NULL, '2016-08-01 23:54:52', '2016-08-01 23:54:52', '2016-07-09 17:36:17', 3, NULL, 0, NULL),
(320, 'Martin', 'Sandrigo', 0, '', '', '', NULL, NULL, NULL, NULL, '2016-07-09 17:38:45', '2016-07-09 17:38:45', 3, NULL, 0, NULL),
(321, 'Melina', 'Aquino', 0, 'Rivadavia n° 238', '03482230255', '', NULL, NULL, NULL, '2016-08-30 16:52:31', '2016-08-30 16:52:31', '2016-07-09 17:40:32', 3, NULL, 0, NULL),
(322, 'A', 'Soto', 0, '', '', '', NULL, NULL, NULL, '2016-08-10 01:14:12', '2016-08-10 01:14:12', '2016-07-09 17:41:42', 3, NULL, 0, NULL),
(323, 'Gabriela', 'Alegre', 0, 'Calle 45 n° 721', '15217432', '', NULL, NULL, NULL, '2016-08-10 00:23:04', '2016-08-10 00:23:04', '2016-07-10 00:42:58', 3, NULL, 1, NULL),
(324, 'Dolgy', 'Meister', 0, 'Newbery n° 633 ', '', '', NULL, NULL, NULL, '2016-10-21 20:15:05', '2016-10-21 20:15:05', '2016-07-10 00:46:55', 3, NULL, 1, 8),
(325, 'Gabriela', 'Maidana', 0, 'Iriondo n° 845', '', '', NULL, NULL, NULL, '2016-09-02 16:12:45', '2016-09-02 16:12:45', '2016-07-10 00:48:48', 3, NULL, 1, NULL),
(326, 'Marianela', 'A', 0, 'Calle 47 - Mzna 5 - Lote 24', '', '', NULL, NULL, NULL, '2016-08-10 00:21:25', '2016-08-10 00:21:25', '2016-07-10 00:53:55', 3, NULL, 1, NULL),
(327, 'Marisela', 'Cabral', 0, 'Oficina Vicentin', '', '', NULL, NULL, NULL, NULL, '2016-10-15 00:23:51', '2016-07-10 00:56:47', 1, NULL, 1, 10),
(328, 'Hiper pollos', 'Marino', 0, 'hiper pollos', '', '', NULL, NULL, NULL, NULL, '2016-10-15 01:04:47', '2016-07-10 00:58:23', 3, NULL, 1, 12),
(329, 'a', 'Quintana', 0, 'Freyre n° 442', '', '', NULL, NULL, NULL, '2016-08-02 00:30:52', '2016-08-02 00:30:52', '2016-07-10 00:59:40', 3, NULL, 1, NULL),
(330, 'A', 'Sanchez', 0, 'Calle 95 n° 433', '', '', NULL, NULL, NULL, NULL, '2016-11-02 15:25:11', '2016-07-10 01:01:05', 3, NULL, 1, 13),
(331, 'Susana', 'Machin', 0, 'Moreno n° 1178', '', '', NULL, NULL, NULL, '2016-08-26 19:40:15', '2016-08-26 19:40:15', '2016-07-10 01:02:05', 3, NULL, 1, NULL),
(332, 'Daniela', 'Achaval', 0, 'Hospital Reconquista', '3482408279', '', NULL, NULL, NULL, '2016-09-28 23:16:34', '2016-09-28 23:16:34', '2016-07-10 01:03:09', 3, NULL, 1, NULL),
(333, 'Elida', 'Pividori', 0, 'Bolivar n° 332', '', '', NULL, NULL, NULL, '2016-10-15 16:50:09', '2016-10-15 16:50:09', '2016-07-10 01:05:16', 3, NULL, 1, 11),
(334, 'Gaston', 'Lovisa', 0, '', 'Calle 5 n° 679', '', NULL, NULL, NULL, NULL, '2016-10-15 00:22:57', '2016-07-10 01:08:03', 1, NULL, 0, 0),
(335, 'Juanchi', 'Foschiatti', 0, 'Calle 28 n°655 ', '', '', NULL, NULL, NULL, NULL, '2016-10-15 00:28:45', '2016-07-10 01:09:31', 1, NULL, 1, 10),
(336, 'Sergio', 'Ghan', 0, 'Newbery n° 536', '', '', NULL, NULL, NULL, '2016-08-10 00:46:17', '2016-08-10 00:46:17', '2016-07-10 01:10:43', 3, NULL, 1, NULL),
(337, 'Tomas', 'Ledesma', 0, '25 de Mayo n° 3160', '03482684763', '', NULL, NULL, NULL, '2016-10-31 15:06:35', '2016-10-31 15:06:35', '2016-07-10 01:12:19', 3, NULL, 1, 12),
(338, 'Alfredo', 'Segado', 0, 'Patricio Diez n° 985', '', '', NULL, NULL, NULL, NULL, '2016-11-02 15:26:21', '2016-07-10 01:14:59', 3, NULL, 1, 13),
(340, 'Monica ', 'Toledo', 0, 'Lucas Funes n° 198', '', '', NULL, NULL, NULL, '2016-08-02 00:34:37', '2016-08-02 00:34:37', '2016-07-10 01:19:54', 3, NULL, 1, NULL),
(341, 'Graciela', 'Bacca', 0, 'Fray Rossi n° 2378', '', '', NULL, NULL, NULL, '2016-08-01 23:25:45', '2016-08-01 23:25:45', '2016-07-10 01:21:49', 3, NULL, 1, NULL),
(342, 'Liliana', 'Hacen', 0, 'Pasaje 8 n°  74', '', '', NULL, NULL, NULL, '2016-08-02 00:11:46', '2016-08-02 00:11:46', '2016-07-10 01:24:11', 1, NULL, 1, NULL),
(343, 'Vanina', 'Lopez', 0, 'Fray Rossi n° 2884', '03482635417', '', NULL, NULL, NULL, NULL, '2016-10-15 01:03:14', '2016-07-10 01:26:01', 3, NULL, 1, 12),
(344, 'Laura', 'Massin', 0, 'Mitre n° 269', '', '', NULL, NULL, NULL, '2016-10-19 23:37:05', '2016-10-19 23:37:05', '2016-07-11 15:05:05', 3, NULL, 0, NULL),
(345, 'Mari', 'Vicentin', 0, 'Edificio Alal 3° piso', '3482442800', '', NULL, NULL, NULL, '2016-10-15 17:00:13', '2016-10-15 17:00:13', '2016-07-11 15:16:25', 3, NULL, 1, NULL),
(346, 'Vanina', 'Cainelli', 0, '', '', '', NULL, NULL, NULL, '2016-08-01 23:13:17', '2016-08-01 23:13:17', '2016-07-13 22:55:36', 3, NULL, 0, NULL),
(347, 'Torterolla', 'Torterolla', 0, '', '', '', NULL, NULL, NULL, '2016-08-10 16:20:20', '2016-08-10 16:20:20', '2016-07-13 22:56:36', 3, NULL, 0, NULL),
(348, 'Analia', 'Bouchard', 0, '', '', '', NULL, NULL, NULL, '2016-07-19 23:17:18', '2016-07-19 23:17:18', '2016-07-13 22:57:53', 3, NULL, 0, NULL),
(350, 'Rolando', 'Ferrari', 0, '', '', '', NULL, NULL, NULL, '2016-08-01 23:11:14', '2016-08-01 23:11:14', '2016-07-13 23:19:22', 3, NULL, 0, NULL),
(351, 'Joana', 'Sosa', 0, '', '', '', NULL, NULL, NULL, '2016-08-01 23:06:07', '2016-08-01 23:06:07', '2016-07-13 23:22:23', 3, NULL, 0, NULL),
(352, 'Laura', 'Yones', 0, '', '', '', NULL, NULL, NULL, '2016-08-10 16:22:01', '2016-08-10 16:22:01', '2016-07-13 23:24:21', 3, NULL, 0, NULL),
(353, 'Elvio', 'Tourtul', 0, 'Ituzaingo n° 426', '', '', NULL, NULL, NULL, '2016-08-01 23:07:44', '2016-08-01 23:07:44', '2016-07-13 23:27:22', 3, NULL, 1, NULL),
(354, 'Laura', 'Ganchier', 0, 'Hospital Reconquista 1° Piso', '', '', NULL, NULL, NULL, '2016-07-19 23:23:46', '2016-07-19 23:23:46', '2016-07-13 23:28:48', 3, NULL, 1, NULL),
(355, 'Fabiana', 'Cabral', 0, 'Oficina Vicentin', '', '', NULL, NULL, NULL, '2016-09-30 15:32:55', '2016-09-30 15:32:55', '2016-07-13 23:30:47', 1, NULL, 1, NULL),
(356, 'Fabian', 'Gil', 0, 'Mitre n° 657', '', '', NULL, NULL, NULL, NULL, '2016-11-11 23:45:29', '2016-07-13 23:32:44', 3, NULL, 1, NULL),
(357, 'M. Angelica', 'Benitez', 0, 'Calle 10 bis n° 2720', '', '', NULL, NULL, NULL, '2016-10-06 20:13:30', '2016-10-06 20:13:30', '2016-07-13 23:34:53', 3, NULL, 1, NULL),
(358, 'Longhi', 'Longhi', 0, 'Iriondo n° 123', '', '', NULL, NULL, NULL, NULL, '2016-10-15 01:00:08', '2016-07-13 23:36:20', 3, NULL, 1, 11),
(359, 'Ivana', 'Sotelo', 0, 'Bv. Lovato n° 1313', '', '', NULL, NULL, NULL, '2016-09-29 00:51:41', '2016-09-29 00:51:41', '2016-07-13 23:38:37', 3, NULL, 1, NULL),
(360, 'Mariana', 'Zalazar', 0, '', '', '', NULL, NULL, NULL, '2016-08-02 00:37:28', '2016-08-02 00:37:28', '2016-07-14 17:12:56', 3, NULL, 0, NULL),
(362, 'Valeria', 'Lorenzon', 0, 'Tucuman e Iturraspe n° 596', '3482691701', '', NULL, NULL, NULL, NULL, '2016-10-15 00:33:16', '2016-07-15 15:14:24', 3, NULL, 1, 10),
(364, 'Macarena', 'Garnero', 0, 'Ley 1420 n° 335', '', '', NULL, NULL, NULL, NULL, '2016-10-15 00:58:42', '2016-07-15 15:18:26', 3, NULL, 1, 11),
(365, 'Gerardo', 'Batistuta', 0, 'Ley 1420 n° 356', '3482645880', '', NULL, NULL, NULL, '2016-08-23 00:24:42', '2016-08-23 00:24:42', '2016-07-15 15:22:41', 1, NULL, 1, NULL),
(366, 'Liliana', 'Bianchi', 0, '', '', '', NULL, NULL, NULL, NULL, '2016-07-15 19:35:22', '2016-07-15 19:35:22', 3, NULL, 0, NULL),
(367, 'Mario ', 'Calvo', 0, 'Moreno n° 541', '', '', NULL, NULL, NULL, '2016-08-01 23:53:32', '2016-08-01 23:53:32', '2016-07-18 15:47:22', 3, NULL, 1, NULL),
(368, 'Graciela', 'Borghetto', 0, 'Chacabuco n° 546', '3483464490', '', NULL, NULL, NULL, '2016-09-28 23:25:48', '2016-09-28 23:25:48', '2016-07-19 22:45:18', 3, NULL, 0, NULL),
(369, 'Damian', 'Schpeir', 0, '', '', '', NULL, NULL, NULL, '2016-09-29 00:46:47', '2016-09-29 00:46:47', '2016-07-19 22:47:56', 3, NULL, 0, NULL),
(370, 'Raul y Maria', 'Castets', 0, 'Iriondo n° 914', '15640756', '', NULL, NULL, NULL, NULL, '2016-10-04 15:33:22', '2016-07-19 22:53:21', 3, NULL, 0, NULL),
(371, 'Ailen', 'Reniero', 0, '', '', '', NULL, NULL, NULL, '2016-10-29 04:45:27', '2016-10-29 04:45:27', '2016-07-19 23:08:59', 3, NULL, 0, NULL),
(372, 'Gustavo', 'Aranda', 0, '', '', '', NULL, NULL, NULL, NULL, '2016-07-19 23:11:30', '2016-07-19 23:11:30', 3, NULL, 0, NULL),
(373, 'Amalia', 'Gonzalez', 0, '', '', '', NULL, NULL, NULL, '2016-08-25 00:57:34', '2016-08-25 00:57:34', '2016-07-19 23:18:09', 3, NULL, 0, NULL),
(374, 'Miguel y Alejandra', 'Castets', 0, '9 de Julio n° 986', '15405866', '', NULL, NULL, NULL, NULL, '2016-09-03 02:25:45', '2016-07-20 00:31:30', 3, NULL, 0, NULL),
(375, 'Victoria', 'Nieto', 0, 'Iturraspe n° 869', '429938', '', NULL, NULL, NULL, '2016-08-25 01:11:43', '2016-08-25 01:11:43', '2016-07-20 01:23:30', 3, NULL, 1, NULL),
(376, 'Adriana ', 'Ingaramo', 0, 'Municipalidad Reconquista', '', '', NULL, NULL, NULL, NULL, '2016-10-15 00:51:53', '2016-07-20 02:55:27', 3, NULL, 1, 7),
(377, 'Zulma', 'Segovia', 0, 'Iriondo n° 1967', '', '', NULL, NULL, NULL, NULL, '2016-10-15 00:34:46', '2016-07-20 03:03:59', 3, NULL, 1, 10),
(378, 'Teresa ', 'Bianco', 0, 'Belgrano n° 450', '', '', NULL, NULL, NULL, NULL, '2016-11-02 15:19:17', '2016-07-20 03:08:58', 3, NULL, 1, 13),
(379, 'Vargas', 'Pablo', 0, '', '15680910', '', NULL, NULL, NULL, '2016-08-02 00:28:23', '2016-08-02 00:28:23', '2016-07-20 15:46:15', 3, NULL, 0, NULL),
(380, 'Anahi', 'Gutierrez', 0, '', '', '', NULL, NULL, NULL, '2016-08-10 00:48:39', '2016-08-10 00:48:39', '2016-08-01 22:55:33', 3, NULL, 0, NULL),
(381, 'Carlos', 'De Arberas', 0, 'Club de Campo La Rural', '', '', NULL, NULL, NULL, NULL, '2016-11-14 01:31:55', '2016-08-01 23:04:50', 3, NULL, 0, NULL),
(384, 'Analia', 'Quiroz', 0, '', '', '', NULL, NULL, NULL, '2016-10-29 04:44:18', '2016-10-29 04:44:18', '2016-08-02 16:07:13', 3, NULL, 0, NULL),
(385, 'Guillermo', 'Angaramo', 0, '', '', '', NULL, NULL, NULL, NULL, '2016-08-02 16:10:51', '2016-08-02 16:10:51', 3, NULL, 0, NULL),
(387, 'Guillermo', 'Cian', 0, '', '', '', NULL, NULL, NULL, NULL, '2016-08-02 16:15:18', '2016-08-02 16:15:18', 3, NULL, 0, NULL);
INSERT INTO `cliente` (`id`, `nombre`, `apellido`, `dni`, `domicilio`, `telefono`, `email`, `estado_deuda`, `valor_deuda`, `estado`, `deleted_at`, `updated_at`, `created_at`, `idlocalidad`, `idempresa`, `envio`, `idcadete`) VALUES
(388, 'Adriana', 'Marcon', 0, 'Calle 18 n° 826', '', '', NULL, NULL, NULL, '2016-11-11 23:40:09', '2016-11-11 23:40:09', '2016-08-02 16:17:16', 1, NULL, 0, NULL),
(389, 'Gloria', 'Bouchard', 0, '', '', '', NULL, NULL, NULL, '2016-10-06 20:11:27', '2016-10-06 20:11:27', '2016-08-02 16:20:20', 3, NULL, 0, NULL),
(390, 'Aldo ', 'Cordoba', 0, 'San Martin n° 3174', '', '', NULL, NULL, NULL, '2016-10-06 20:13:02', '2016-10-06 20:13:02', '2016-08-02 16:25:40', 3, NULL, 1, NULL),
(391, 'Florencia', 'Pando', 0, 'Corrales de Nicanor', '', '', NULL, NULL, NULL, '2016-08-10 01:10:16', '2016-08-10 01:10:16', '2016-08-02 16:27:57', 3, NULL, 1, NULL),
(392, 'Miguel', 'Gazze', 0, '25 de Mayo n°930', '', '', NULL, NULL, NULL, '2016-08-10 00:45:59', '2016-08-10 00:45:59', '2016-08-02 16:29:30', 3, NULL, 1, NULL),
(393, 'Maximiliano', 'Cuesta', 0, 'Calle 4 lote 39 Parque Industrial', '', '', NULL, NULL, NULL, '2016-09-28 23:33:07', '2016-09-28 23:33:07', '2016-08-02 16:33:02', 1, NULL, 1, NULL),
(394, 'Valeria', 'Bacca', 0, 'Iturraspe n° 1142', '', '', NULL, NULL, NULL, '2016-10-14 16:20:38', '2016-10-14 16:20:38', '2016-08-02 16:35:06', 3, NULL, 1, NULL),
(395, 'Betty', 'Guglielmi', 0, 'Colon n° 1461', '', '', NULL, NULL, NULL, '2016-08-23 00:27:52', '2016-08-23 00:27:52', '2016-08-02 16:37:14', 3, NULL, 1, NULL),
(396, 'Jose', 'Donatelli', 0, 'Ituzaingo n° 779', '', '', NULL, NULL, NULL, '2016-11-18 00:11:31', '2016-11-18 00:11:31', '2016-08-02 16:48:17', 3, NULL, 1, 11),
(397, 'Evelyn ', 'Grand', 0, 'Edificio Alal piso 7 depto B', '', '', NULL, NULL, NULL, NULL, '2016-11-02 15:20:01', '2016-08-02 16:50:34', 3, NULL, 1, 13),
(398, 'Marielina', 'Romero', 0, 'Brown n°475', '', '', NULL, NULL, NULL, NULL, '2016-10-15 00:33:56', '2016-08-02 16:52:27', 3, NULL, 1, 10),
(399, 'Cainelli', 'Cainelli', 0, 'Bv. Peron n° 1800', '', '', NULL, NULL, NULL, NULL, '2016-10-15 00:50:51', '2016-08-02 16:54:09', 3, NULL, 1, 7),
(400, 'Debora', 'Della Rosa', 0, 'Colon n° 685', '', '', NULL, NULL, NULL, '2016-08-25 00:51:25', '2016-08-25 00:51:25', '2016-08-02 16:57:33', 3, NULL, 1, NULL),
(401, 'Kiosco Negro el 8', 'Kiosco', 0, 'Pietropaolo', '', '', NULL, NULL, NULL, '2016-08-26 14:50:59', '2016-08-26 14:50:59', '2016-08-02 16:59:50', 3, NULL, 1, NULL),
(402, 'Cuello', 'Isabel', 0, '', '', '', NULL, NULL, NULL, '2016-08-10 00:55:33', '2016-08-10 00:55:33', '2016-08-03 16:09:20', 3, NULL, 0, NULL),
(403, 'Gutierrez', 'Lorena', 0, '', '', '', NULL, NULL, NULL, '2016-08-29 15:46:45', '2016-08-29 15:46:45', '2016-08-03 16:11:05', 3, NULL, 0, NULL),
(404, 'Camila', 'Fain', 0, 'Pasaje 55/57 n° 1891 Barrio Center', '15330109', '', NULL, NULL, NULL, NULL, '2016-08-10 16:26:08', '2016-08-10 16:26:08', 3, NULL, 0, NULL),
(405, 'Daniela', 'Nardelli', 0, '', '', '', NULL, NULL, NULL, NULL, '2016-08-10 16:27:55', '2016-08-10 16:27:55', 3, NULL, 0, NULL),
(406, 'Adriana', 'Barbosa', 0, '', '', '', NULL, NULL, NULL, NULL, '2016-08-23 00:24:19', '2016-08-10 16:29:37', 3, NULL, 0, NULL),
(408, 'Marisa', 'Gregoret', 0, '', '', '', NULL, NULL, NULL, '2016-08-10 23:19:44', '2016-08-10 23:19:44', '2016-08-10 16:32:45', 3, NULL, 0, NULL),
(409, 'Roberto', 'Baccarezza', 0, '', '', '', NULL, NULL, NULL, NULL, '2016-08-10 16:34:55', '2016-08-10 16:34:55', 3, NULL, 0, NULL),
(410, 'Romina', 'A ', 0, 'Habbeger n° 331', '', '', NULL, NULL, NULL, '2016-11-03 23:51:22', '2016-11-03 23:51:22', '2016-08-10 16:38:08', 3, NULL, 1, 8),
(411, 'Elida', 'Quintana', 0, 'Freyre n°442', '', '', NULL, NULL, NULL, NULL, '2016-10-15 00:52:37', '2016-08-10 16:39:50', 3, NULL, 1, 11),
(412, 'Florencia', 'Bertoni', 0, '', '', '', NULL, NULL, NULL, NULL, '2016-08-10 23:13:04', '2016-08-10 23:13:04', 3, NULL, 0, NULL),
(413, 'Centro Emplado de Comercio', 'Centro', 0, 'San Martin n° 830', '', '', NULL, NULL, NULL, '2016-09-28 23:31:25', '2016-09-28 23:31:25', '2016-08-10 23:28:33', 3, NULL, 1, NULL),
(414, 'Lucrecia', 'Guibert', 0, 'Calle 43 n° 1800', '', '', NULL, NULL, NULL, '2016-11-11 23:48:21', '2016-11-11 23:48:21', '2016-08-10 23:30:53', 3, NULL, 1, 7),
(415, 'Teti', 'Crosetto', 0, 'Club de Campo La Rural', '', '', NULL, NULL, NULL, '2016-08-25 00:50:16', '2016-08-25 00:50:16', '2016-08-10 23:35:04', 3, NULL, 1, NULL),
(416, 'Horacio ', 'Braidot', 0, 'Calle 15 n° 1421', '', '', NULL, NULL, NULL, NULL, '2016-10-15 00:24:18', '2016-08-10 23:38:23', 1, NULL, 1, 10),
(417, 'Marilina', 'Agustini', 0, 'Calle 67 n° 322', '', '', NULL, NULL, NULL, '2016-10-29 00:47:05', '2016-10-29 00:47:05', '2016-08-11 15:00:45', 3, NULL, 1, 7),
(418, 'Lucas ', 'Batistuta', 0, '', '', '', NULL, NULL, NULL, '2016-09-28 23:23:15', '2016-09-28 23:23:15', '2016-08-23 00:36:58', 3, NULL, 0, NULL),
(419, 'Cintia', 'Montiel', 0, '', '', '', NULL, NULL, NULL, '2016-11-10 23:53:09', '2016-11-10 23:53:09', '2016-08-25 01:46:56', 3, NULL, 0, NULL),
(420, 'Maria Alejandra', 'Luna', 0, '', '', '', NULL, NULL, NULL, NULL, '2016-08-25 01:49:07', '2016-08-25 01:49:07', 3, NULL, 0, NULL),
(421, 'Fernando', 'Torterolla', 0, '', '', '', NULL, NULL, NULL, '2016-09-29 00:52:17', '2016-09-29 00:52:17', '2016-08-25 01:51:27', 3, NULL, 0, NULL),
(422, 'Veronica', 'Maidana', 0, '', '', '', NULL, NULL, NULL, '2016-11-16 00:37:02', '2016-11-16 00:37:02', '2016-08-25 01:53:33', 3, NULL, 0, NULL),
(423, 'Diana', 'Dean', 0, '', '', '', NULL, NULL, NULL, NULL, '2016-08-25 01:55:05', '2016-08-25 01:55:05', 3, NULL, 0, NULL),
(424, 'Luciana', 'Gasparotti', 0, '', '', '', NULL, NULL, NULL, NULL, '2016-09-03 02:42:11', '2016-08-25 01:57:42', 3, NULL, 0, NULL),
(425, 'Graciela', 'Caceres', 0, 'Pasaje 23/25 n°2061', '', '', NULL, NULL, NULL, '2016-10-21 20:15:25', '2016-10-21 20:15:25', '2016-08-25 02:05:38', 3, NULL, 1, 11),
(426, 'A', 'Gauna', 0, 'Rossi y calle 53', '', '', NULL, NULL, NULL, '2016-09-29 00:16:20', '2016-09-29 00:16:20', '2016-08-25 02:08:18', 3, NULL, 1, NULL),
(427, 'Fabian ', 'Ramirez', 0, 'Calle 117 n° 905, B° Zulema', '', '', NULL, NULL, NULL, '2016-09-05 16:31:01', '2016-09-05 16:31:01', '2016-08-25 02:10:36', 3, NULL, 1, NULL),
(429, 'Icbc', 'Icbc', 0, 'Habegger y San martin', '', '', NULL, NULL, NULL, NULL, '2016-10-15 00:47:27', '2016-08-25 02:14:59', 3, NULL, 1, 7),
(430, 'Claudia', 'Machado', 0, '', '', '', NULL, NULL, NULL, '2016-10-19 23:36:25', '2016-10-19 23:36:25', '2016-08-29 15:47:19', 3, NULL, 0, NULL),
(431, 'Elvira', 'Gazze', 0, 'Roca n° 1039', '', '', NULL, NULL, NULL, NULL, '2016-10-15 00:57:08', '2016-08-29 15:49:03', 3, NULL, 1, 11),
(432, 'Camila', 'Sandrigo', 0, 'Banco Nacion', '', '', NULL, NULL, NULL, NULL, '2016-11-02 15:21:14', '2016-08-30 15:10:57', 3, NULL, 1, 13),
(434, 'Erica', 'Schtuker', 0, '', '', '', NULL, NULL, NULL, '2016-09-29 00:47:20', '2016-09-29 00:47:20', '2016-08-31 14:57:22', 3, NULL, 0, NULL),
(435, 'Julian ', 'Fabrissin', 0, '25 de Mayo n° 1425', '', '', NULL, NULL, NULL, NULL, '2016-11-02 15:24:14', '2016-08-31 15:41:20', 3, NULL, 1, 13),
(436, 'Marcela', 'Silva', 0, 'Olessio y Angelelli', '15653454', '', NULL, NULL, NULL, NULL, '2016-10-15 01:03:50', '2016-09-02 16:19:39', 1, NULL, 1, 12),
(437, 'Horacio', 'Faris', 0, '', '', '', NULL, NULL, NULL, '2016-10-29 01:07:51', '2016-10-29 01:07:51', '2016-09-03 02:30:33', 3, NULL, 0, NULL),
(438, 'Belen', 'Gamarra', 0, '', '', '', NULL, NULL, NULL, '2016-10-07 14:50:37', '2016-10-07 14:50:37', '2016-09-03 02:39:18', 3, NULL, 0, NULL),
(439, 'Noelia', 'Clemenzo', 0, '', '', '', NULL, NULL, NULL, NULL, '2016-09-05 22:37:33', '2016-09-05 22:37:33', 3, NULL, 0, NULL),
(440, 'Ayelen', 'Costas', 0, '', '', '', NULL, NULL, NULL, '2016-11-17 00:28:47', '2016-11-17 00:28:47', '2016-09-05 22:39:00', 3, NULL, 0, 0),
(441, 'Romina', 'Corgnali', 0, '', '', '', NULL, NULL, NULL, NULL, '2016-10-15 01:07:08', '2016-09-05 22:40:24', 3, NULL, 0, 12),
(442, 'Luisina', 'Garay', 0, '', '', '', NULL, NULL, NULL, '2016-09-06 01:45:51', '2016-09-06 01:45:51', '2016-09-05 22:43:09', 3, NULL, 0, NULL),
(443, 'Vane', 'Massin', 0, 'Calle 9 n° 375 Banco Nacion', '', '', NULL, NULL, NULL, NULL, '2016-10-15 00:22:19', '2016-09-05 22:51:31', 1, NULL, 1, 10),
(444, 'Natali', 'Armendia', 0, 'San Martin n° 1017 PB', '', '', NULL, NULL, NULL, NULL, '2016-10-15 01:05:36', '2016-09-05 22:54:11', 3, NULL, 1, 12),
(445, 'Sergio', 'Manzur', 0, 'Ituzaingo n° 873 Depto 1', '', '', NULL, NULL, NULL, '2016-11-14 16:48:40', '2016-11-14 16:48:40', '2016-09-05 22:58:43', 3, NULL, 1, 11),
(446, 'Estefania', 'Armango', 0, 'Mitre n° 176', '', '', NULL, NULL, NULL, NULL, '2016-10-15 00:58:11', '2016-09-05 23:09:00', 3, NULL, 1, 11),
(447, 'Patricia', 'Della Rosa', 0, 'Chacabuco e iriondo.inst.san geronimo', '', '', NULL, NULL, NULL, '2016-10-07 20:14:39', '2016-10-07 20:14:39', '2016-09-09 13:51:48', 3, NULL, 1, NULL),
(448, 'Victoria', 'Petroli', 0, 'Irigoyen n° 785', '', '', NULL, NULL, NULL, NULL, '2016-11-02 15:31:15', '2016-09-13 21:11:08', 3, NULL, 1, 10),
(449, 'Leila', 'Sartor', 0, 'Chacabuco n°1211', '421230', '', NULL, NULL, NULL, '2016-09-30 19:49:19', '2016-09-30 19:49:19', '2016-09-16 20:36:53', 3, NULL, 1, NULL),
(450, 'Alicia', 'Ledesma', 0, '', '', '', NULL, NULL, NULL, '2016-10-29 03:12:45', '2016-10-29 03:12:45', '2016-09-30 01:27:06', 3, NULL, 0, NULL),
(451, 'Cristina', 'Peresson', 0, '', '', '', NULL, NULL, NULL, NULL, '2016-09-30 01:28:55', '2016-09-30 01:28:55', 3, NULL, 0, NULL),
(452, 'Mariana', 'Roman', 0, '', '', '', NULL, NULL, NULL, '2016-10-29 04:47:13', '2016-10-29 04:47:13', '2016-09-30 01:30:26', 3, NULL, 0, NULL),
(453, 'Ivan', 'Romero', 0, '', '', '', NULL, NULL, NULL, '2016-10-06 02:52:06', '2016-10-06 02:52:06', '2016-09-30 01:31:57', 3, NULL, 0, NULL),
(454, 'Marcela', 'Antolin', 0, '', '', '', NULL, NULL, NULL, NULL, '2016-09-30 01:38:07', '2016-09-30 01:38:07', 3, NULL, 0, NULL),
(455, 'Nadia', 'Davies', 0, '', '', '', NULL, NULL, NULL, NULL, '2016-09-30 01:39:42', '2016-09-30 01:39:42', 3, NULL, 0, NULL),
(456, 'Mercedes', 'Domingorena', 0, '', '', '', NULL, NULL, NULL, NULL, '2016-09-30 01:41:34', '2016-09-30 01:41:34', 3, NULL, 0, NULL),
(457, 'Luciana', 'Abbet', 0, '', '', '', NULL, NULL, NULL, NULL, '2016-09-30 01:43:59', '2016-09-30 01:43:59', 3, NULL, 0, NULL),
(458, 'Valeria', 'Noe', 0, '', '', '', NULL, NULL, NULL, NULL, '2016-09-30 01:45:31', '2016-09-30 01:45:31', 3, NULL, 0, NULL),
(459, 'Lautaro', 'Romanutti', 0, '', '', '', NULL, NULL, NULL, NULL, '2016-10-31 15:15:52', '2016-09-30 01:46:53', 3, NULL, 0, NULL),
(460, 'Rodolfo', 'Salazar', 0, '', '', '', NULL, NULL, NULL, NULL, '2016-09-30 01:48:43', '2016-09-30 01:48:43', 3, NULL, 0, NULL),
(461, 'Betiana', 'Zorzon', 0, '', '', '', NULL, NULL, NULL, NULL, '2016-09-30 01:50:20', '2016-09-30 01:50:20', 3, NULL, 0, NULL),
(462, 'Carolina', 'Toledo', 0, '', '', '', NULL, NULL, NULL, '2016-10-29 04:52:03', '2016-10-29 04:52:03', '2016-09-30 01:53:13', 3, NULL, 0, NULL),
(463, 'Walter', 'Petroli', 0, '', '', '', NULL, NULL, NULL, '2016-10-21 20:05:52', '2016-10-21 20:05:52', '2016-09-30 02:00:43', 3, NULL, 0, NULL),
(464, 'Noelia', 'Corgnali', 0, 'Lucas Funes N°539', '', '', NULL, NULL, NULL, '2016-11-18 00:07:34', '2016-11-18 00:07:34', '2016-09-30 02:06:28', 3, NULL, 1, 12),
(465, 'Horacio', 'Roldan', 0, 'Lucas Funes N°1439', '', '', NULL, NULL, NULL, '2016-10-15 00:00:19', '2016-10-15 00:00:19', '2016-09-30 02:09:43', 3, NULL, 1, NULL),
(466, 'Sergio', 'Noguera', 0, 'Fabrica Buyatti', '', '', NULL, NULL, NULL, '2016-09-30 19:48:48', '2016-09-30 19:48:48', '2016-09-30 02:13:28', 3, NULL, 1, NULL),
(467, 'Marcelo', 'Salinas', 0, 'Rivadavia N°465', '011-1530732984', '', NULL, NULL, NULL, '2016-10-12 16:11:27', '2016-10-12 16:11:27', '2016-09-30 02:16:00', 3, NULL, 1, NULL),
(468, 'Hernan', 'Marega', 0, 'España N°266', '', '', NULL, NULL, NULL, '2016-10-07 20:17:01', '2016-10-07 20:17:01', '2016-09-30 02:22:28', 3, NULL, 1, NULL),
(469, 'Marita', 'Gonzalez', 0, '', '', '', NULL, NULL, NULL, '2016-10-15 00:56:43', '2016-10-15 00:56:43', '2016-09-30 02:25:33', 3, NULL, 0, NULL),
(470, 'Fabiana', 'De  Basile', 0, '', '', '', NULL, NULL, NULL, '2016-10-15 16:03:19', '2016-10-15 16:03:19', '2016-09-30 02:27:06', 3, NULL, 0, 8),
(471, 'Fabiana', 'De  Basile', 0, 'Chubut N° 127, vivienda 18.B°America', '', '', NULL, NULL, NULL, NULL, '2016-11-02 15:24:47', '2016-09-30 02:27:40', 3, NULL, 1, 13),
(472, 'Cecilia', 'Gonzalez', 0, 'Calle 14 N°581', '', '', NULL, NULL, NULL, NULL, '2016-10-15 00:24:42', '2016-09-30 02:29:53', 1, NULL, 1, 10),
(473, 'Agostina', 'Calvo Deiber', 0, 'Pasaje 45/47 n° 851', '3482652613', '', NULL, NULL, NULL, NULL, '2016-10-03 16:18:46', '2016-10-03 16:18:46', 3, NULL, 0, NULL),
(474, 'Cecilia', 'Perez', 0, '', '', '', NULL, NULL, NULL, NULL, '2016-10-03 16:21:48', '2016-10-03 16:21:48', 3, NULL, 0, NULL),
(475, 'Aldo', 'Chavez', 0, '', '', '', NULL, NULL, NULL, NULL, '2016-10-03 16:25:24', '2016-10-03 16:25:24', 3, NULL, 0, NULL),
(476, 'Ileana', 'Ovando', 0, '', '', '', NULL, NULL, NULL, '2016-10-14 15:59:24', '2016-10-14 15:59:24', '2016-10-04 15:16:19', 3, NULL, 0, NULL),
(477, 'Maximiliano', 'Flores', 0, '', '', '', NULL, NULL, NULL, '2016-11-11 00:10:31', '2016-11-11 00:10:31', '2016-10-04 15:17:55', 3, NULL, 0, NULL),
(478, 'Ornela', 'Pratto', 0, '', '', '', NULL, NULL, NULL, NULL, '2016-10-04 15:19:59', '2016-10-04 15:19:59', 3, NULL, 0, NULL),
(479, 'Maria Ines', 'Buyatti', 0, 'Ludueña n° 1267', '', '', NULL, NULL, NULL, '2016-11-04 00:29:42', '2016-11-04 00:29:42', '2016-10-04 16:41:31', 3, NULL, 1, 8),
(480, 'Silvana', 'Favatier', 0, '', '', '', NULL, NULL, NULL, '2016-10-14 15:53:30', '2016-10-14 15:53:30', '2016-10-06 20:03:11', 3, NULL, 0, NULL),
(481, 'Julia', 'Lotero', 0, '', '', '', NULL, NULL, NULL, '2016-11-17 00:16:00', '2016-11-17 00:16:00', '2016-10-06 20:04:26', 3, NULL, 0, NULL),
(482, 'Sandra', 'Raffin', 0, 'Calle 45/47 n° 1436', '', '', NULL, NULL, NULL, NULL, '2016-10-06 20:09:04', '2016-10-06 20:09:04', 3, NULL, 0, NULL),
(483, 'Julia', 'Nardelli', 0, 'Chacabuco n° 851', '', '', NULL, NULL, NULL, NULL, '2016-11-02 15:23:50', '2016-10-11 15:04:59', 3, NULL, 1, 13),
(484, 'Juan Ignacio', 'Toselli', 0, '', '', '', NULL, NULL, NULL, NULL, '2016-10-31 17:55:25', '2016-10-12 15:58:20', 3, NULL, 0, NULL),
(485, 'Antonela', 'Armua', 0, '', '', '', NULL, NULL, NULL, '2016-10-14 15:57:58', '2016-10-14 15:57:58', '2016-10-12 16:00:42', 3, NULL, 0, NULL),
(486, 'Sarita', 'Gonzalez', 0, 'Chacabuco n° 593', '3482683215', '', NULL, NULL, NULL, '2016-10-15 16:14:46', '2016-10-15 16:14:46', '2016-10-12 16:12:49', 1, NULL, 1, 8),
(487, 'Sarita', 'Gonzalez', 0, 'Chacabuco n° 593', '3482683215', '', NULL, NULL, NULL, NULL, '2016-11-02 15:22:07', '2016-10-12 16:12:54', 3, NULL, 1, 13),
(488, 'Fernando', 'Franzoy', 0, '', '', '', NULL, NULL, NULL, NULL, '2016-10-14 16:00:47', '2016-10-14 16:00:47', 3, NULL, 0, 0),
(489, 'Claudia', 'Rodriguez', 0, '', '', '', NULL, NULL, NULL, '2016-10-15 16:54:59', '2016-10-15 16:54:59', '2016-10-14 16:03:36', 3, NULL, 0, 0),
(490, 'Maria del Carmen', 'Cataneo', 0, 'Ituzaingo n° 873 depto 4', '', '', NULL, NULL, NULL, NULL, '2016-10-29 00:57:04', '2016-10-15 01:13:38', 3, NULL, 1, 11),
(491, 'Marita', 'Franco', 0, '', '', '', NULL, NULL, NULL, NULL, '2016-10-15 17:08:15', '2016-10-15 17:08:15', 3, NULL, 0, 0),
(492, 'Jacke', 'Galaz', 0, '', '', '', NULL, NULL, NULL, '2016-10-29 03:02:02', '2016-10-29 03:02:02', '2016-10-15 17:10:14', 3, NULL, 0, 0),
(493, 'Marta', 'Bandeo', 0, 'Mitre n° 244', '', '', NULL, NULL, NULL, NULL, '2016-10-15 17:15:07', '2016-10-15 17:15:07', 3, NULL, 0, 0),
(494, 'Romina', 'Vega', 0, '', '', '', NULL, NULL, NULL, '2016-10-29 04:53:42', '2016-10-29 04:53:42', '2016-10-17 23:37:47', 3, NULL, 0, 0),
(495, 'Debora', 'Gonzalez', 0, '', '', '', NULL, NULL, NULL, NULL, '2016-10-17 23:40:45', '2016-10-17 23:40:45', 3, NULL, 0, 0),
(496, 'Maria Rosa', 'Ponce', 0, 'Iriondo n° 315', '', '', NULL, NULL, NULL, NULL, '2016-10-18 00:19:36', '2016-10-17 23:47:43', 3, NULL, 1, 12),
(497, 'Natalia', 'Fabro', 0, 'Iturraspe n° 1559', '', '', NULL, NULL, NULL, '2016-11-19 00:28:26', '2016-11-19 00:28:26', '2016-10-17 23:49:14', 3, NULL, 1, 11),
(498, 'Maria Jose', 'Pividori', 0, 'San Lorenzo n° 532', '', '', NULL, NULL, NULL, NULL, '2016-10-19 23:41:00', '2016-10-18 00:32:13', 3, NULL, 1, 12),
(499, 'Graciela', 'Martyn', 0, 'España n° 2050', '', '', NULL, NULL, NULL, NULL, '2016-10-19 23:41:28', '2016-10-18 00:37:25', 3, NULL, 1, 7),
(500, 'Eliana', 'Micheloud', 0, 'Club de Campo La Rural', '', '', NULL, NULL, NULL, NULL, '2016-10-29 04:56:15', '2016-10-29 04:56:15', 3, NULL, 0, 0),
(501, 'Guillermina', 'Bacca', 0, '', '', '', NULL, NULL, NULL, NULL, '2016-10-29 04:59:07', '2016-10-29 04:59:07', 3, NULL, 0, 0),
(502, 'Angeles', 'Figueroa', 0, 'Chacabuco n° 109', '', '', NULL, NULL, NULL, NULL, '2016-11-18 00:13:13', '2016-10-29 05:17:10', 3, NULL, 1, 13),
(503, 'Marta', 'Martinez', 0, 'Pasaje 22/24 n° 2268', '', '', NULL, NULL, NULL, '2016-11-11 00:33:36', '2016-11-11 00:33:36', '2016-10-29 05:19:09', 3, NULL, 1, 7),
(504, 'Elsa', 'Locatelli', 0, 'Ludueña n° 768', '', '', NULL, NULL, NULL, '2016-11-14 16:29:43', '2016-11-14 16:29:43', '2016-11-01 15:15:11', 3, NULL, 0, 0),
(505, 'Silvina', 'Sotelo', 0, '', '', '', NULL, NULL, NULL, '2016-11-11 00:01:12', '2016-11-11 00:01:12', '2016-11-01 15:18:08', 3, NULL, 0, 0),
(506, 'Rocio', 'Scarel', 0, '', '', '', NULL, NULL, NULL, '2016-11-18 00:34:58', '2016-11-18 00:34:58', '2016-11-01 15:28:27', 3, NULL, 0, 0),
(507, 'Daniela', 'Guasch', 0, 'Calle 85 n° 953', '', '', NULL, NULL, NULL, NULL, '2016-11-01 15:40:16', '2016-11-01 15:40:16', 3, NULL, 1, 7),
(508, 'Jeronimo', 'Eleonori', 0, '', '', '', NULL, NULL, NULL, '2016-11-04 00:30:40', '2016-11-04 00:30:40', '2016-11-02 14:54:36', 3, NULL, 0, 0),
(509, 'Daia', 'Lis', 0, 'Agrupada 1 Piso 2 Depto 2', '', '', NULL, NULL, NULL, '2016-11-11 00:23:12', '2016-11-11 00:23:12', '2016-11-02 15:01:16', 3, NULL, 1, 12),
(510, 'Gabriela', 'Bressan', 0, 'Calle 40 n° 371', '', '', NULL, NULL, NULL, NULL, '2016-11-18 00:01:10', '2016-11-03 23:53:53', 3, NULL, 1, 7),
(511, 'Melina', 'Torterolla', 0, 'Pietropaolo n° 2060', '', '', NULL, NULL, NULL, NULL, '2016-11-04 00:38:07', '2016-11-03 23:57:54', 3, NULL, 1, 12),
(512, 'Rocio', 'Scarel', 0, '', '', '', NULL, NULL, NULL, '2016-11-04 00:37:34', '2016-11-04 00:37:34', '2016-11-03 23:59:24', 3, NULL, 0, 0),
(513, 'Pablo', 'Molina', 0, 'Pasaje 38/40 Depto 595 PB', '', '', NULL, NULL, NULL, '2016-11-12 00:00:06', '2016-11-12 00:00:06', '2016-11-04 00:02:02', 3, NULL, 1, 7),
(514, 'Jose Luis', 'Oviedo', 0, 'Ludueña N° 1072 (EPE)', '', '', NULL, NULL, NULL, '2016-11-18 00:29:37', '2016-11-18 00:29:37', '2016-11-04 20:03:28', 3, NULL, 1, 12),
(515, 'Leila', 'Gazze', 0, '', '', '', NULL, NULL, NULL, NULL, '2016-11-18 00:15:57', '2016-11-04 20:27:34', 3, NULL, 0, 0),
(516, 'Geraldine', 'Becker', 0, 'San lorenzo n° 1346', '', '', NULL, NULL, NULL, NULL, '2016-11-09 19:49:04', '2016-11-09 19:49:04', 1, NULL, 0, 12),
(517, 'Clarisa', 'Capararo', 0, '', '', '', NULL, NULL, NULL, NULL, '2016-11-11 00:04:01', '2016-11-11 00:04:01', 3, NULL, 0, 0),
(518, 'Marta', 'Lopez', 0, '', '', '', NULL, NULL, NULL, NULL, '2016-11-11 00:08:55', '2016-11-11 00:08:55', 3, NULL, 0, 0),
(519, 'Sanchez ', 'Aurelio', 0, 'Freyre n° 1215', '', '', NULL, NULL, NULL, NULL, '2016-11-11 00:29:44', '2016-11-11 00:29:44', 3, NULL, 1, 12),
(520, 'Maria Victoria', 'Cohen', 0, 'Mitre n° 629 5° B', '', '', NULL, NULL, NULL, NULL, '2016-11-11 00:32:00', '2016-11-11 00:32:00', 3, NULL, 1, 7),
(521, 'Mirna', 'Quatrin', 0, 'Bolivar n° 533', '', '', NULL, NULL, NULL, NULL, '2016-11-11 00:36:00', '2016-11-11 00:36:00', 3, NULL, 1, 12),
(522, 'Marcela ', 'Deiber', 0, '', '', '', NULL, NULL, NULL, NULL, '2016-11-14 15:13:52', '2016-11-14 15:13:52', 3, NULL, 0, 0),
(523, 'Micaela', 'Luque', 0, '', 'Calle 12 n° 4118 (Carmen Luisa)', '', NULL, NULL, NULL, '2016-11-21 01:52:25', '2016-11-21 01:52:25', '2016-11-15 23:41:13', 3, NULL, 1, 7),
(524, 'Natalia', 'Torres', 0, 'Habegger  N° 280, Dpto B', '3482695032', '', NULL, NULL, NULL, NULL, '2016-11-17 16:02:14', '2016-11-16 15:45:43', 3, NULL, 1, 0),
(525, 'Ballestero', 'Leandro', 0, '', '', '', NULL, NULL, NULL, NULL, '2016-11-18 00:40:20', '2016-11-18 00:40:20', 3, NULL, 0, 0),
(526, 'Nelci', 'Goldaraz', 0, 'Rivadavia n° 214', '', '', NULL, NULL, NULL, NULL, '2016-11-19 00:22:18', '2016-11-19 00:22:18', 3, NULL, 1, 12),
(527, 'Adrian', 'Martinez', 0, '', '', '', NULL, NULL, NULL, NULL, '2016-11-19 00:25:05', '2016-11-19 00:25:05', 3, NULL, 0, 0),
(528, 'Veronica', 'Silva', 0, 'Calle 135 n° 945 Barrio Asuncion', '', '', NULL, NULL, NULL, NULL, '2016-11-21 15:07:16', '2016-11-21 15:07:16', 3, NULL, 1, 7);

-- --------------------------------------------------------

--
-- Estructura de tabla para la tabla `cliente_dia`
--

CREATE TABLE IF NOT EXISTS `cliente_dia` (
  `cliente_id` int(11) NOT NULL,
  `dia_semana_id` int(11) NOT NULL,
  `tipo_vianda_id` int(11) NOT NULL,
  `cantidad` double NOT NULL DEFAULT '0',
  PRIMARY KEY (`cliente_id`,`dia_semana_id`,`tipo_vianda_id`),
  KEY `fk_cliente_has_dia_semana_dia_semana1_idx` (`dia_semana_id`),
  KEY `fk_cliente_has_dia_semana_cliente1_idx` (`cliente_id`),
  KEY `fk_cliente_has_dia_semana_tipo_vianda1_idx` (`tipo_vianda_id`)
) ENGINE=InnoDB DEFAULT CHARSET=latin1;

--
-- Volcado de datos para la tabla `cliente_dia`
--

INSERT INTO `cliente_dia` (`cliente_id`, `dia_semana_id`, `tipo_vianda_id`, `cantidad`) VALUES
(18, 2, 2, 1),
(18, 4, 2, 1),
(18, 6, 2, 1),
(19, 2, 1, 1),
(19, 2, 2, 1),
(19, 3, 1, 1),
(19, 3, 2, 1),
(19, 4, 1, 1),
(19, 4, 2, 1),
(19, 5, 1, 1),
(19, 5, 2, 1),
(19, 6, 1, 1),
(19, 6, 2, 1),
(20, 2, 4, 1),
(20, 3, 4, 1),
(20, 4, 4, 1),
(20, 5, 4, 1),
(21, 2, 1, 2),
(21, 2, 4, 1),
(21, 3, 1, 2),
(21, 3, 4, 1),
(21, 4, 1, 2),
(21, 4, 4, 1),
(21, 5, 1, 2),
(21, 5, 4, 1),
(21, 6, 1, 2),
(21, 6, 4, 1),
(22, 2, 4, 2),
(22, 4, 4, 2),
(22, 6, 4, 2),
(24, 2, 1, 1),
(24, 2, 4, 1),
(24, 3, 1, 1),
(24, 3, 4, 1),
(24, 4, 1, 1),
(24, 4, 4, 1),
(24, 5, 1, 1),
(24, 5, 4, 1),
(24, 6, 1, 1),
(24, 6, 4, 1),
(25, 2, 1, 1),
(25, 3, 1, 1),
(25, 4, 1, 1),
(26, 2, 1, 1),
(26, 3, 1, 1),
(26, 4, 1, 1),
(26, 5, 1, 1),
(26, 6, 1, 1),
(27, 2, 2, 1),
(27, 4, 2, 1),
(27, 6, 2, 1),
(28, 2, 1, 1),
(28, 3, 1, 1),
(28, 4, 1, 1),
(29, 2, 5, 1),
(29, 3, 5, 1),
(29, 4, 5, 1),
(29, 5, 5, 1),
(29, 6, 5, 1),
(30, 2, 1, 1),
(30, 3, 1, 1),
(30, 4, 1, 1),
(30, 5, 1, 1),
(30, 6, 1, 1),
(31, 2, 2, 1),
(31, 3, 2, 1),
(31, 4, 2, 1),
(31, 5, 2, 1),
(31, 6, 2, 1),
(32, 2, 1, 1),
(32, 3, 1, 1),
(32, 4, 1, 1),
(32, 5, 1, 1),
(32, 6, 1, 1),
(33, 2, 2, 1),
(33, 3, 2, 1),
(33, 4, 2, 1),
(33, 5, 2, 1),
(33, 6, 2, 1),
(34, 2, 1, 2),
(34, 2, 4, 2),
(34, 3, 1, 2),
(34, 3, 4, 2),
(34, 4, 1, 2),
(34, 4, 4, 2),
(34, 5, 1, 2),
(34, 5, 4, 2),
(34, 6, 1, 2),
(34, 6, 4, 2),
(37, 2, 2, 1),
(37, 3, 2, 1),
(37, 4, 2, 1),
(37, 5, 2, 1),
(37, 6, 2, 1),
(38, 2, 2, 1),
(38, 4, 2, 1),
(38, 6, 2, 1),
(40, 2, 2, 2),
(40, 3, 2, 2),
(40, 4, 2, 2),
(40, 5, 2, 2),
(40, 6, 2, 2),
(41, 3, 2, 1),
(41, 5, 2, 1),
(42, 3, 4, 1),
(42, 5, 4, 1),
(43, 2, 1, 1),
(43, 3, 1, 1),
(43, 4, 1, 1),
(43, 5, 1, 1),
(43, 6, 1, 1),
(44, 2, 2, 2),
(44, 3, 2, 2),
(44, 4, 2, 2),
(44, 5, 2, 1),
(44, 6, 2, 1),
(45, 2, 2, 1),
(45, 4, 2, 1),
(45, 6, 2, 1),
(50, 2, 1, 1),
(50, 3, 1, 1),
(50, 4, 1, 1),
(50, 5, 1, 1),
(50, 6, 1, 1),
(50, 6, 4, 1),
(51, 2, 1, 1),
(51, 3, 1, 1),
(51, 4, 1, 1),
(51, 5, 1, 1),
(51, 6, 1, 1),
(52, 2, 2, 1),
(52, 3, 2, 1),
(52, 4, 2, 1),
(52, 5, 2, 1),
(52, 6, 2, 1),
(54, 2, 1, 1),
(54, 3, 1, 1),
(54, 4, 1, 1),
(54, 5, 1, 1),
(54, 6, 1, 1),
(55, 2, 1, 1),
(55, 2, 7, 1),
(55, 3, 1, 1),
(55, 3, 7, 1),
(55, 4, 1, 1),
(55, 4, 7, 1),
(55, 5, 1, 1),
(55, 5, 7, 1),
(55, 6, 1, 1),
(55, 6, 7, 1),
(58, 2, 2, 1),
(58, 3, 2, 1),
(58, 4, 2, 1),
(58, 5, 2, 1),
(58, 6, 2, 1),
(59, 2, 2, 1),
(59, 3, 2, 1),
(59, 4, 2, 1),
(59, 5, 2, 1),
(59, 6, 2, 1),
(60, 2, 2, 1),
(60, 3, 2, 1),
(60, 4, 2, 1),
(60, 5, 2, 1),
(60, 6, 2, 1),
(63, 2, 1, 1),
(63, 3, 1, 1),
(63, 4, 1, 1),
(63, 5, 1, 1),
(63, 6, 1, 1),
(64, 2, 1, 1),
(64, 3, 1, 1),
(64, 4, 1, 1),
(64, 5, 1, 1),
(64, 6, 1, 1),
(68, 2, 4, 1),
(68, 3, 4, 1),
(68, 4, 4, 1),
(68, 5, 4, 1),
(68, 6, 4, 1),
(69, 2, 2, 1),
(69, 3, 2, 1),
(69, 4, 2, 1),
(69, 5, 2, 1),
(69, 6, 2, 1),
(70, 2, 1, 1),
(70, 2, 2, 1),
(70, 3, 1, 1),
(70, 3, 2, 1),
(70, 4, 1, 1),
(70, 4, 2, 1),
(70, 5, 1, 1),
(70, 5, 2, 1),
(70, 6, 1, 1),
(70, 6, 2, 1),
(71, 2, 4, 1),
(71, 3, 4, 1),
(71, 4, 4, 1),
(71, 5, 4, 1),
(71, 6, 4, 1),
(74, 2, 4, 1),
(74, 3, 4, 1),
(74, 4, 4, 1),
(74, 5, 4, 1),
(74, 6, 4, 1),
(75, 2, 1, 1),
(75, 3, 1, 1),
(75, 4, 1, 1),
(75, 5, 1, 1),
(75, 6, 1, 1),
(76, 2, 1, 1),
(76, 2, 2, 1),
(76, 2, 8, 1),
(76, 3, 1, 1),
(76, 3, 2, 1),
(76, 3, 8, 1),
(76, 4, 1, 1),
(76, 4, 2, 1),
(76, 4, 8, 1),
(76, 5, 1, 1),
(76, 5, 2, 1),
(76, 6, 1, 1),
(76, 6, 2, 1),
(78, 2, 1, 2),
(78, 3, 1, 2),
(78, 4, 1, 2),
(78, 5, 1, 2),
(78, 6, 1, 2),
(79, 2, 1, 1),
(79, 3, 1, 1),
(79, 4, 1, 1),
(79, 5, 1, 1),
(79, 6, 1, 1),
(81, 2, 1, 1),
(81, 4, 1, 1),
(81, 6, 1, 1),
(82, 2, 1, 1),
(82, 3, 1, 1),
(82, 4, 1, 1),
(82, 5, 1, 1),
(82, 6, 1, 1),
(84, 2, 1, 1),
(84, 2, 2, 1),
(84, 3, 1, 1),
(84, 3, 2, 1),
(84, 4, 1, 1),
(84, 4, 2, 1),
(84, 5, 1, 1),
(84, 5, 2, 1),
(84, 6, 1, 1),
(84, 6, 2, 1),
(85, 3, 4, 1),
(85, 4, 4, 1),
(85, 5, 4, 1),
(86, 3, 2, 1),
(86, 4, 2, 1),
(86, 5, 2, 1),
(87, 2, 9, 1),
(87, 3, 9, 1),
(87, 4, 9, 1),
(87, 5, 9, 1),
(87, 6, 9, 1),
(88, 2, 1, 1),
(88, 3, 1, 1),
(88, 4, 1, 1),
(88, 5, 1, 1),
(88, 6, 1, 1),
(89, 2, 2, 4),
(89, 3, 4, 4),
(89, 4, 2, 4),
(89, 5, 4, 4),
(89, 6, 2, 4),
(90, 2, 1, 2),
(90, 2, 4, 1),
(90, 3, 1, 2),
(90, 3, 4, 1),
(90, 4, 1, 2),
(90, 4, 4, 1),
(90, 5, 1, 2),
(90, 5, 4, 1),
(90, 6, 1, 2),
(90, 6, 4, 1),
(92, 2, 1, 1),
(92, 3, 1, 1),
(92, 4, 1, 1),
(92, 5, 1, 1),
(92, 6, 1, 1),
(93, 2, 2, 1),
(93, 3, 2, 1),
(93, 4, 2, 1),
(93, 5, 2, 1),
(93, 6, 2, 1),
(94, 2, 2, 1),
(94, 3, 2, 1),
(94, 4, 2, 1),
(94, 5, 2, 1),
(94, 6, 2, 1),
(95, 2, 2, 1),
(96, 2, 2, 1),
(96, 3, 2, 1),
(96, 4, 2, 1),
(96, 5, 2, 1),
(96, 6, 2, 1),
(97, 2, 4, 1),
(97, 3, 4, 1),
(97, 4, 4, 1),
(97, 5, 4, 1),
(97, 6, 4, 1),
(98, 2, 4, 1),
(98, 3, 4, 1),
(98, 4, 4, 1),
(98, 5, 4, 1),
(98, 6, 4, 1),
(99, 2, 4, 1),
(99, 3, 4, 1),
(99, 4, 4, 1),
(99, 5, 4, 1),
(99, 6, 4, 1),
(100, 2, 4, 1),
(100, 3, 4, 1),
(100, 4, 4, 1),
(100, 5, 4, 1),
(100, 6, 4, 1),
(102, 2, 4, 2),
(102, 3, 4, 2),
(102, 4, 4, 2),
(102, 5, 4, 2),
(102, 6, 4, 2),
(103, 2, 2, 1),
(103, 3, 2, 1),
(103, 4, 2, 1),
(103, 5, 2, 1),
(103, 6, 2, 1),
(104, 2, 1, 1),
(104, 3, 1, 1),
(104, 4, 1, 1),
(104, 5, 1, 1),
(104, 6, 1, 1),
(105, 2, 1, 1),
(105, 3, 1, 1),
(105, 4, 1, 1),
(105, 5, 1, 1),
(105, 6, 1, 1),
(107, 2, 2, 1),
(107, 2, 4, 1),
(107, 3, 2, 1),
(107, 3, 4, 1),
(107, 4, 2, 1),
(107, 4, 4, 1),
(107, 5, 2, 1),
(107, 5, 4, 1),
(107, 6, 2, 1),
(107, 6, 4, 1),
(108, 2, 2, 1),
(108, 3, 2, 1),
(108, 4, 2, 1),
(108, 5, 2, 1),
(108, 6, 2, 1),
(134, 2, 1, 1),
(134, 3, 1, 1),
(134, 4, 1, 1),
(134, 5, 1, 1),
(134, 6, 1, 1),
(135, 2, 4, 1),
(135, 3, 4, 1),
(135, 4, 4, 1),
(135, 5, 4, 1),
(135, 6, 4, 1),
(136, 2, 1, 1),
(136, 4, 1, 1),
(136, 6, 1, 1),
(137, 2, 1, 1),
(137, 3, 1, 1),
(137, 4, 1, 1),
(137, 5, 1, 1),
(137, 6, 1, 1),
(138, 2, 1, 1),
(138, 3, 1, 1),
(138, 4, 1, 1),
(138, 5, 1, 1),
(138, 6, 1, 1),
(140, 2, 1, 2),
(140, 3, 1, 2),
(140, 4, 1, 2),
(140, 5, 1, 2),
(140, 6, 1, 2),
(141, 2, 1, 1),
(141, 3, 1, 1),
(141, 4, 1, 1),
(141, 5, 1, 1),
(141, 6, 1, 1),
(142, 2, 1, 1),
(142, 3, 1, 1),
(142, 4, 1, 1),
(142, 5, 1, 1),
(142, 6, 1, 1),
(143, 2, 1, 1),
(143, 3, 1, 1),
(143, 4, 1, 1),
(143, 5, 1, 1),
(144, 2, 1, 1),
(144, 3, 1, 1),
(144, 4, 1, 1),
(144, 5, 1, 1),
(144, 6, 1, 1),
(145, 2, 1, 1),
(145, 3, 1, 1),
(145, 4, 1, 1),
(145, 5, 1, 1),
(145, 6, 1, 1),
(146, 2, 1, 1),
(146, 3, 1, 1),
(146, 4, 1, 1),
(146, 5, 1, 1),
(146, 6, 1, 1),
(147, 2, 1, 1),
(147, 3, 1, 1),
(147, 4, 1, 1),
(147, 5, 1, 1),
(148, 2, 1, 2),
(148, 3, 1, 2),
(148, 4, 1, 2),
(148, 5, 1, 2),
(148, 6, 1, 2),
(149, 2, 1, 1),
(149, 3, 1, 1),
(149, 4, 1, 1),
(149, 5, 1, 1),
(149, 6, 1, 1),
(152, 2, 2, 1),
(152, 4, 2, 1),
(152, 6, 2, 1),
(153, 2, 1, 1),
(153, 4, 1, 1),
(153, 6, 1, 1),
(154, 2, 1, 1),
(154, 3, 1, 1),
(154, 4, 1, 1),
(154, 5, 1, 1),
(154, 6, 1, 1),
(155, 2, 1, 1),
(155, 3, 1, 1),
(155, 4, 1, 1),
(155, 5, 1, 1),
(155, 6, 1, 1),
(156, 2, 2, 1),
(156, 3, 2, 1),
(156, 4, 2, 1),
(157, 2, 1, 1),
(157, 3, 1, 1),
(157, 4, 1, 1),
(157, 5, 1, 1),
(157, 6, 1, 1),
(158, 3, 2, 1),
(158, 4, 2, 1),
(158, 5, 2, 1),
(158, 6, 2, 1),
(159, 2, 2, 1),
(159, 3, 2, 1),
(159, 4, 2, 1),
(159, 5, 2, 1),
(159, 6, 2, 1),
(160, 2, 2, 1),
(160, 3, 2, 1),
(160, 4, 2, 1),
(160, 5, 2, 1),
(160, 6, 2, 1),
(161, 2, 5, 1),
(161, 3, 5, 1),
(161, 4, 5, 1),
(161, 5, 5, 1),
(161, 6, 5, 1),
(162, 2, 2, 1),
(162, 3, 2, 1),
(162, 4, 2, 1),
(162, 5, 2, 1),
(162, 6, 2, 1),
(163, 2, 2, 1),
(163, 3, 2, 1),
(163, 4, 2, 1),
(163, 5, 2, 1),
(163, 6, 2, 1),
(164, 2, 2, 1),
(164, 3, 2, 1),
(164, 4, 2, 1),
(164, 5, 2, 1),
(165, 3, 1, 1),
(165, 5, 1, 1),
(165, 6, 1, 1),
(167, 3, 2, 1),
(167, 4, 2, 1),
(167, 5, 2, 1),
(168, 2, 5, 1),
(168, 3, 5, 1),
(168, 4, 5, 1),
(168, 5, 5, 1),
(168, 6, 5, 1),
(169, 2, 2, 1),
(169, 3, 2, 1),
(169, 4, 2, 1),
(169, 5, 2, 1),
(169, 6, 2, 1),
(170, 2, 2, 1),
(170, 3, 2, 1),
(170, 4, 2, 1),
(170, 5, 2, 1),
(170, 6, 2, 1),
(171, 2, 2, 2),
(171, 3, 2, 2),
(171, 5, 2, 2),
(172, 2, 9, 1),
(172, 3, 9, 1),
(172, 4, 9, 1),
(172, 5, 9, 1),
(172, 6, 9, 1),
(173, 2, 4, 1),
(173, 3, 4, 1),
(173, 4, 4, 1),
(173, 5, 4, 1),
(173, 6, 4, 1),
(175, 2, 4, 1),
(175, 3, 4, 1),
(175, 4, 4, 1),
(175, 5, 4, 1),
(175, 6, 4, 1),
(176, 2, 4, 2),
(176, 4, 4, 2),
(176, 6, 4, 2),
(177, 2, 4, 1),
(177, 3, 4, 1),
(177, 4, 4, 1),
(177, 5, 4, 1),
(177, 6, 4, 1),
(178, 2, 4, 1),
(178, 3, 4, 1),
(178, 4, 4, 1),
(178, 5, 4, 1),
(178, 6, 4, 1),
(179, 2, 4, 1),
(179, 3, 4, 1),
(179, 4, 4, 1),
(179, 5, 4, 1),
(179, 6, 4, 1),
(180, 2, 4, 1),
(180, 3, 4, 1),
(180, 4, 4, 1),
(180, 5, 4, 1),
(180, 6, 4, 1),
(181, 2, 4, 2),
(181, 4, 4, 2),
(181, 6, 4, 2),
(182, 2, 4, 1),
(182, 3, 4, 1),
(182, 4, 4, 1),
(182, 5, 4, 1),
(182, 6, 4, 1),
(183, 2, 4, 2),
(183, 3, 4, 2),
(183, 4, 4, 2),
(183, 5, 4, 2),
(183, 6, 4, 2),
(184, 2, 11, 1),
(184, 3, 11, 1),
(184, 4, 11, 1),
(184, 5, 11, 1),
(184, 6, 11, 1),
(186, 2, 4, 2),
(186, 4, 4, 2),
(186, 6, 4, 2),
(187, 2, 4, 1),
(187, 3, 4, 1),
(187, 4, 4, 1),
(187, 5, 4, 1),
(187, 6, 4, 1),
(188, 2, 11, 1),
(188, 3, 11, 1),
(188, 4, 11, 1),
(188, 5, 11, 1),
(188, 6, 11, 1),
(189, 2, 1, 1),
(189, 2, 4, 1),
(189, 4, 1, 1),
(189, 4, 4, 1),
(189, 6, 1, 1),
(189, 6, 4, 1),
(190, 2, 2, 2),
(190, 2, 4, 1),
(190, 3, 2, 2),
(190, 3, 4, 1),
(190, 4, 2, 2),
(190, 4, 4, 1),
(191, 2, 2, 2),
(191, 2, 4, 2),
(191, 3, 2, 2),
(191, 3, 4, 2),
(191, 4, 2, 2),
(191, 4, 4, 2),
(191, 5, 2, 2),
(191, 5, 4, 2),
(191, 6, 2, 2),
(191, 6, 4, 2),
(193, 2, 1, 1),
(193, 2, 4, 1),
(193, 3, 1, 1),
(193, 3, 4, 1),
(193, 4, 1, 1),
(193, 4, 4, 1),
(193, 5, 1, 1),
(193, 5, 4, 1),
(193, 6, 1, 1),
(193, 6, 4, 1),
(194, 2, 1, 1),
(194, 2, 2, 1),
(194, 3, 1, 1),
(194, 3, 2, 1),
(194, 4, 1, 1),
(194, 4, 2, 1),
(194, 5, 1, 1),
(194, 5, 2, 1),
(194, 6, 1, 1),
(194, 6, 2, 1),
(195, 2, 4, 1),
(195, 2, 9, 1),
(195, 3, 4, 1),
(195, 3, 9, 1),
(195, 4, 4, 1),
(195, 4, 9, 1),
(195, 5, 4, 1),
(195, 5, 9, 1),
(195, 6, 4, 1),
(195, 6, 9, 1),
(196, 2, 1, 1),
(196, 2, 2, 1),
(196, 2, 4, 1),
(196, 3, 1, 1),
(196, 3, 2, 1),
(196, 3, 4, 1),
(196, 4, 1, 1),
(196, 4, 2, 1),
(196, 4, 4, 1),
(196, 5, 1, 1),
(196, 5, 2, 1),
(196, 5, 4, 1),
(196, 6, 1, 1),
(196, 6, 2, 1),
(196, 6, 4, 1),
(197, 2, 2, 1),
(197, 2, 4, 1),
(197, 3, 2, 1),
(197, 3, 4, 1),
(197, 4, 2, 1),
(197, 4, 4, 1),
(197, 5, 2, 1),
(197, 5, 4, 1),
(197, 6, 2, 1),
(197, 6, 4, 1),
(198, 2, 1, 1),
(198, 2, 2, 1),
(198, 3, 1, 1),
(198, 3, 2, 1),
(198, 4, 1, 1),
(198, 4, 2, 1),
(198, 5, 1, 1),
(198, 5, 2, 1),
(198, 6, 1, 1),
(198, 6, 2, 1),
(199, 2, 2, 1),
(199, 2, 4, 1),
(199, 3, 2, 1),
(199, 3, 4, 1),
(199, 4, 2, 1),
(199, 4, 4, 1),
(199, 5, 2, 1),
(199, 5, 4, 1),
(199, 6, 2, 1),
(199, 6, 4, 1),
(201, 2, 1, 1),
(201, 2, 2, 1),
(201, 3, 1, 1),
(201, 3, 2, 1),
(201, 4, 1, 1),
(201, 4, 2, 1),
(201, 5, 1, 1),
(201, 5, 2, 1),
(201, 6, 1, 1),
(201, 6, 2, 1),
(202, 2, 1, 1),
(202, 2, 4, 2),
(202, 3, 1, 1),
(202, 3, 4, 2),
(202, 4, 1, 1),
(202, 4, 4, 2),
(202, 5, 1, 1),
(202, 5, 4, 2),
(202, 6, 1, 1),
(202, 6, 4, 2),
(203, 2, 2, 1),
(203, 3, 2, 1),
(203, 4, 2, 1),
(203, 5, 2, 1),
(203, 6, 2, 1),
(204, 2, 4, 1),
(204, 3, 4, 1),
(204, 4, 4, 1),
(204, 5, 4, 1),
(204, 6, 4, 1),
(205, 2, 4, 1),
(205, 3, 4, 1),
(205, 4, 4, 1),
(205, 5, 4, 1),
(205, 6, 4, 1),
(206, 2, 4, 1),
(206, 3, 4, 1),
(206, 4, 4, 1),
(206, 5, 4, 1),
(206, 6, 4, 1),
(207, 2, 1, 1),
(207, 4, 1, 1),
(207, 6, 1, 1),
(208, 2, 1, 2),
(208, 3, 1, 2),
(208, 4, 1, 2),
(208, 5, 1, 2),
(208, 6, 1, 2),
(209, 2, 1, 2),
(209, 3, 1, 2),
(209, 4, 1, 2),
(209, 5, 1, 2),
(209, 6, 1, 2),
(210, 2, 2, 1),
(210, 3, 2, 1),
(210, 4, 2, 1),
(210, 5, 2, 1),
(210, 6, 2, 1),
(211, 2, 2, 2),
(211, 4, 2, 2),
(212, 2, 2, 2),
(212, 3, 2, 2),
(212, 4, 2, 2),
(212, 5, 2, 2),
(212, 6, 2, 2),
(213, 2, 2, 1),
(213, 4, 2, 1),
(213, 6, 2, 1),
(214, 2, 2, 1),
(214, 3, 2, 1),
(214, 4, 2, 1),
(214, 5, 2, 1),
(214, 6, 2, 1),
(215, 2, 4, 1),
(215, 3, 4, 1),
(215, 4, 4, 1),
(215, 5, 4, 1),
(215, 6, 4, 1),
(216, 2, 4, 1),
(216, 3, 4, 1),
(216, 4, 4, 1),
(216, 5, 4, 1),
(216, 6, 4, 1),
(217, 2, 1, 1),
(217, 3, 1, 1),
(217, 4, 1, 1),
(217, 5, 1, 1),
(217, 6, 1, 1),
(218, 2, 1, 2),
(218, 3, 1, 2),
(218, 4, 1, 2),
(218, 5, 1, 2),
(218, 6, 1, 2),
(219, 2, 1, 1),
(219, 2, 4, 2),
(219, 3, 1, 1),
(219, 3, 4, 2),
(219, 4, 1, 1),
(219, 5, 1, 1),
(219, 5, 4, 2),
(219, 6, 1, 1),
(219, 6, 4, 2),
(221, 2, 4, 1),
(221, 3, 4, 1),
(221, 4, 4, 1),
(221, 5, 4, 1),
(221, 6, 4, 1),
(222, 2, 1, 1),
(222, 3, 1, 1),
(222, 4, 1, 1),
(222, 5, 1, 1),
(222, 6, 1, 1),
(223, 2, 1, 1),
(223, 3, 1, 1),
(223, 4, 1, 1),
(223, 5, 1, 1),
(223, 6, 1, 1),
(224, 2, 1, 1),
(224, 3, 1, 1),
(224, 4, 1, 1),
(224, 5, 1, 1),
(224, 6, 1, 1),
(225, 2, 1, 1),
(225, 3, 1, 1),
(225, 4, 1, 1),
(225, 5, 1, 1),
(225, 6, 1, 1),
(226, 2, 1, 1),
(226, 3, 1, 1),
(226, 4, 1, 1),
(226, 5, 1, 1),
(226, 6, 1, 1),
(227, 2, 1, 1),
(227, 3, 1, 1),
(227, 4, 1, 1),
(227, 5, 1, 1),
(227, 6, 1, 1),
(228, 2, 1, 1),
(228, 3, 1, 1),
(228, 4, 1, 1),
(228, 5, 1, 1),
(228, 6, 1, 1),
(229, 2, 1, 1),
(229, 3, 1, 1),
(229, 4, 1, 1),
(229, 5, 1, 1),
(229, 6, 1, 1),
(230, 2, 2, 1),
(230, 3, 2, 1),
(230, 4, 2, 1),
(230, 5, 2, 1),
(230, 6, 2, 1),
(231, 3, 4, 3),
(231, 5, 4, 3),
(231, 6, 4, 3),
(232, 2, 2, 1),
(232, 3, 2, 1),
(232, 4, 2, 1),
(232, 5, 2, 1),
(232, 6, 2, 1),
(233, 2, 2, 2),
(233, 3, 2, 2),
(233, 4, 2, 2),
(233, 5, 2, 2),
(233, 6, 2, 2),
(234, 2, 2, 1),
(234, 3, 2, 1),
(234, 4, 2, 1),
(234, 5, 2, 1),
(235, 2, 2, 1),
(235, 3, 2, 1),
(235, 4, 2, 1),
(235, 5, 2, 1),
(235, 6, 2, 1),
(236, 2, 2, 1),
(236, 3, 2, 1),
(236, 4, 2, 1),
(236, 5, 2, 1),
(237, 2, 9, 1),
(237, 3, 9, 1),
(237, 4, 9, 1),
(237, 5, 9, 1),
(237, 6, 9, 1),
(238, 2, 2, 1),
(238, 3, 2, 1),
(238, 4, 2, 1),
(238, 5, 2, 1),
(238, 6, 2, 1),
(239, 2, 4, 3),
(239, 3, 4, 3),
(239, 4, 4, 3),
(239, 5, 4, 3),
(239, 6, 4, 3),
(240, 2, 4, 1),
(240, 3, 4, 1),
(240, 4, 4, 1),
(240, 5, 4, 1),
(240, 6, 4, 1),
(241, 2, 2, 1),
(241, 3, 2, 1),
(241, 4, 2, 1),
(241, 5, 2, 1),
(241, 6, 2, 1),
(242, 2, 2, 1),
(242, 2, 4, 1),
(242, 3, 2, 1),
(242, 3, 4, 1),
(242, 4, 2, 1),
(242, 4, 4, 1),
(242, 5, 2, 1),
(242, 5, 4, 1),
(242, 6, 2, 1),
(242, 6, 4, 1),
(243, 2, 4, 1),
(243, 3, 4, 1),
(243, 4, 4, 1),
(243, 6, 4, 1),
(244, 2, 1, 3),
(244, 3, 4, 3),
(244, 4, 4, 3),
(244, 5, 4, 3),
(245, 2, 4, 2),
(245, 3, 4, 2),
(245, 4, 4, 2),
(245, 5, 4, 2),
(245, 6, 4, 2),
(246, 2, 1, 1),
(246, 2, 4, 1),
(246, 3, 1, 1),
(246, 3, 4, 1),
(246, 4, 1, 1),
(246, 4, 4, 1),
(246, 5, 1, 1),
(246, 5, 4, 1),
(246, 6, 1, 1),
(246, 6, 4, 1),
(247, 2, 1, 1),
(247, 2, 4, 1),
(247, 4, 1, 1),
(247, 4, 4, 1),
(247, 5, 1, 1),
(247, 5, 4, 1),
(248, 2, 1, 1),
(248, 2, 4, 1),
(248, 3, 1, 1),
(248, 3, 4, 1),
(248, 4, 1, 1),
(248, 4, 4, 1),
(248, 5, 1, 1),
(248, 5, 4, 1),
(248, 6, 1, 1),
(248, 6, 4, 1),
(249, 2, 1, 1),
(249, 2, 11, 1),
(249, 3, 1, 1),
(249, 3, 11, 1),
(249, 4, 1, 1),
(249, 4, 11, 1),
(249, 5, 1, 1),
(249, 5, 11, 1),
(249, 6, 1, 1),
(249, 6, 11, 1),
(250, 2, 1, 3),
(250, 3, 1, 3),
(250, 4, 1, 3),
(250, 5, 1, 3),
(250, 6, 1, 3),
(251, 2, 1, 1),
(251, 2, 4, 1),
(251, 3, 1, 1),
(251, 3, 4, 1),
(251, 4, 1, 1),
(251, 4, 4, 1),
(251, 5, 1, 1),
(251, 5, 4, 1),
(251, 6, 1, 1),
(251, 6, 4, 1),
(252, 2, 4, 1),
(252, 2, 9, 1),
(252, 3, 4, 1),
(252, 3, 9, 1),
(252, 4, 4, 1),
(252, 4, 9, 1),
(252, 5, 4, 1),
(252, 5, 9, 1),
(252, 6, 4, 1),
(252, 6, 9, 1),
(253, 2, 2, 1),
(253, 3, 2, 1),
(253, 4, 2, 1),
(253, 5, 2, 1),
(253, 6, 2, 1),
(254, 2, 2, 1),
(254, 3, 2, 1),
(254, 4, 2, 1),
(254, 5, 2, 1),
(254, 6, 2, 1),
(255, 2, 1, 2),
(255, 3, 1, 2),
(255, 4, 1, 2),
(255, 5, 1, 2),
(255, 6, 1, 2),
(256, 2, 2, 1),
(256, 3, 2, 1),
(256, 4, 2, 1),
(256, 5, 2, 1),
(256, 6, 2, 1),
(257, 2, 4, 1),
(257, 3, 4, 1),
(257, 4, 4, 1),
(257, 5, 4, 1),
(257, 6, 4, 1),
(258, 2, 1, 1),
(258, 3, 1, 1),
(258, 4, 1, 1),
(258, 5, 1, 1),
(258, 6, 1, 1),
(259, 2, 1, 1),
(259, 3, 1, 1),
(259, 4, 1, 1),
(259, 5, 1, 1),
(259, 6, 1, 1),
(260, 2, 1, 1),
(260, 3, 1, 1),
(260, 4, 1, 1),
(260, 5, 1, 1),
(260, 6, 1, 1),
(261, 2, 1, 1),
(261, 4, 1, 1),
(261, 6, 1, 1),
(262, 2, 1, 1),
(262, 2, 4, 1),
(262, 3, 1, 1),
(262, 3, 4, 1),
(262, 4, 1, 1),
(262, 4, 4, 1),
(262, 5, 1, 1),
(262, 5, 4, 1),
(262, 6, 1, 1),
(262, 6, 4, 1),
(263, 2, 4, 1),
(263, 3, 4, 1),
(263, 4, 4, 1),
(263, 5, 4, 1),
(264, 2, 1, 1),
(264, 3, 1, 1),
(264, 4, 1, 1),
(264, 5, 1, 1),
(264, 6, 1, 1),
(265, 2, 1, 1),
(265, 3, 1, 1),
(265, 4, 1, 1),
(265, 5, 1, 1),
(265, 6, 1, 1),
(266, 2, 2, 1),
(266, 3, 2, 1),
(266, 4, 2, 1),
(266, 5, 2, 1),
(266, 6, 2, 1),
(267, 2, 1, 1),
(267, 3, 1, 1),
(267, 4, 1, 1),
(267, 5, 1, 1),
(267, 6, 1, 1),
(268, 2, 1, 3),
(268, 3, 1, 3),
(268, 4, 1, 3),
(268, 5, 1, 3),
(268, 6, 1, 3),
(269, 2, 1, 1),
(269, 3, 1, 1),
(269, 4, 1, 1),
(269, 5, 1, 1),
(269, 6, 1, 1),
(270, 2, 9, 1),
(270, 3, 9, 1),
(270, 4, 9, 1),
(270, 5, 9, 1),
(270, 6, 9, 1),
(271, 2, 1, 1),
(271, 3, 1, 1),
(271, 4, 1, 1),
(271, 5, 1, 1),
(271, 6, 1, 1),
(272, 2, 1, 1),
(272, 3, 1, 1),
(272, 4, 1, 1),
(272, 5, 1, 1),
(272, 6, 1, 1),
(273, 2, 4, 1),
(273, 3, 4, 1),
(273, 4, 4, 1),
(273, 5, 4, 1),
(273, 6, 4, 1),
(274, 2, 1, 1),
(274, 4, 1, 1),
(274, 6, 1, 1),
(275, 2, 1, 1),
(275, 3, 1, 1),
(275, 4, 1, 1),
(275, 5, 1, 1),
(275, 6, 1, 1),
(276, 2, 1, 1),
(276, 3, 1, 1),
(276, 4, 1, 1),
(276, 5, 1, 1),
(276, 6, 1, 1),
(277, 2, 2, 1),
(277, 3, 2, 1),
(277, 4, 2, 1),
(277, 5, 2, 1),
(277, 6, 2, 1),
(278, 2, 2, 1),
(278, 3, 2, 1),
(278, 4, 2, 1),
(278, 5, 2, 1),
(278, 6, 2, 1),
(279, 2, 2, 2),
(279, 3, 2, 2),
(279, 4, 2, 2),
(279, 5, 2, 2),
(279, 6, 2, 2),
(280, 2, 2, 2),
(280, 3, 2, 2),
(280, 4, 2, 2),
(280, 5, 2, 2),
(280, 6, 2, 2),
(281, 2, 2, 1),
(281, 3, 2, 1),
(281, 4, 2, 1),
(281, 5, 2, 1),
(281, 6, 2, 1),
(282, 2, 1, 2),
(282, 2, 4, 2),
(282, 3, 1, 2),
(282, 3, 4, 2),
(282, 4, 1, 2),
(282, 4, 4, 2),
(282, 5, 1, 2),
(282, 5, 4, 2),
(282, 6, 1, 2),
(282, 6, 4, 2),
(283, 2, 2, 2),
(283, 3, 2, 2),
(283, 4, 2, 2),
(283, 5, 2, 2),
(283, 6, 2, 2),
(284, 2, 1, 1),
(284, 3, 1, 1),
(284, 4, 1, 1),
(284, 5, 1, 1),
(284, 6, 1, 1),
(285, 2, 1, 1),
(285, 3, 1, 1),
(285, 4, 1, 1),
(285, 5, 1, 1),
(286, 2, 1, 1),
(286, 3, 1, 1),
(286, 4, 1, 1),
(286, 5, 1, 1),
(286, 6, 1, 1),
(287, 2, 9, 1),
(287, 3, 9, 1),
(287, 4, 9, 1),
(287, 5, 9, 1),
(287, 6, 9, 1),
(288, 4, 1, 1),
(288, 5, 1, 1),
(290, 2, 4, 1),
(290, 3, 4, 1),
(290, 4, 4, 1),
(290, 5, 4, 1),
(290, 6, 4, 1),
(291, 2, 1, 1),
(291, 2, 4, 1),
(291, 3, 1, 1),
(291, 3, 4, 1),
(291, 4, 1, 1),
(291, 4, 4, 1),
(291, 5, 1, 1),
(291, 5, 4, 1),
(291, 6, 1, 1),
(291, 6, 4, 1),
(292, 2, 2, 2),
(292, 3, 2, 2),
(292, 4, 2, 2),
(292, 5, 2, 2),
(292, 6, 2, 2),
(293, 2, 2, 2),
(293, 3, 2, 2),
(293, 4, 2, 2),
(293, 5, 2, 2),
(293, 6, 2, 2),
(295, 2, 1, 1),
(295, 3, 1, 1),
(295, 4, 1, 1),
(295, 5, 1, 1),
(295, 6, 1, 1),
(296, 2, 2, 1),
(296, 3, 2, 1),
(296, 4, 2, 1),
(296, 5, 2, 1),
(296, 6, 2, 1),
(297, 2, 4, 1),
(297, 3, 4, 1),
(297, 4, 4, 1),
(297, 5, 4, 1),
(297, 6, 4, 1),
(298, 2, 4, 2),
(298, 3, 2, 2),
(298, 4, 4, 2),
(298, 5, 2, 2),
(298, 6, 4, 2),
(300, 2, 1, 1),
(300, 3, 1, 1),
(300, 4, 1, 1),
(300, 5, 1, 1),
(300, 6, 1, 1),
(301, 2, 2, 1),
(301, 3, 2, 1),
(301, 4, 2, 1),
(301, 5, 2, 1),
(301, 6, 2, 1),
(302, 2, 2, 1),
(302, 3, 2, 1),
(302, 4, 2, 1),
(302, 5, 2, 1),
(302, 6, 2, 1),
(303, 2, 4, 2),
(303, 3, 4, 2),
(303, 4, 4, 2),
(303, 5, 4, 2),
(303, 6, 4, 2),
(304, 2, 4, 1),
(304, 4, 4, 1),
(304, 6, 4, 1),
(305, 2, 1, 1),
(305, 3, 1, 1),
(305, 4, 1, 1),
(305, 5, 1, 1),
(305, 6, 1, 1),
(306, 2, 1, 2),
(306, 3, 2, 2),
(307, 2, 1, 1),
(307, 3, 1, 1),
(307, 4, 1, 1),
(307, 5, 1, 1),
(307, 6, 1, 1),
(308, 2, 4, 1),
(308, 3, 4, 1),
(308, 4, 4, 1),
(308, 5, 4, 1),
(309, 2, 1, 1),
(309, 3, 1, 1),
(309, 4, 1, 1),
(309, 5, 1, 1),
(309, 6, 1, 1),
(310, 2, 1, 1),
(310, 3, 1, 1),
(310, 4, 1, 1),
(310, 5, 1, 1),
(310, 6, 1, 1),
(311, 2, 1, 1),
(311, 3, 1, 1),
(311, 4, 1, 1),
(311, 5, 1, 1),
(311, 6, 1, 1),
(312, 2, 1, 1),
(312, 3, 1, 1),
(312, 4, 1, 1),
(312, 5, 1, 1),
(312, 6, 1, 1),
(313, 2, 2, 1),
(313, 3, 2, 1),
(313, 4, 2, 1),
(313, 5, 2, 1),
(313, 6, 2, 1),
(314, 2, 2, 1),
(314, 3, 2, 1),
(314, 4, 2, 1),
(314, 5, 2, 1),
(314, 6, 2, 1),
(315, 2, 2, 1),
(315, 4, 2, 1),
(315, 6, 2, 1),
(316, 2, 2, 1),
(316, 3, 2, 1),
(316, 4, 2, 1),
(316, 5, 2, 1),
(316, 6, 2, 1),
(317, 2, 4, 1),
(317, 3, 4, 1),
(317, 4, 4, 1),
(317, 5, 4, 1),
(317, 6, 4, 1),
(318, 2, 4, 2),
(318, 4, 4, 2),
(318, 6, 4, 2),
(319, 2, 4, 3),
(319, 3, 4, 3),
(319, 4, 4, 3),
(319, 5, 4, 3),
(319, 6, 4, 3),
(320, 2, 1, 1),
(320, 2, 2, 1),
(320, 3, 1, 1),
(320, 3, 2, 1),
(320, 4, 1, 1),
(320, 4, 2, 1),
(320, 5, 1, 1),
(320, 6, 1, 1),
(320, 6, 2, 1),
(321, 2, 1, 1),
(321, 2, 2, 1),
(321, 4, 1, 1),
(321, 4, 2, 1),
(321, 6, 1, 1),
(321, 6, 2, 1),
(322, 2, 2, 1),
(322, 2, 4, 1),
(322, 3, 2, 1),
(322, 3, 4, 1),
(322, 4, 2, 1),
(322, 4, 4, 1),
(322, 5, 2, 1),
(322, 5, 4, 1),
(322, 6, 2, 1),
(322, 6, 4, 1),
(323, 2, 2, 1),
(323, 3, 2, 1),
(323, 4, 2, 1),
(323, 5, 2, 1),
(323, 6, 2, 1),
(324, 2, 1, 1),
(324, 3, 1, 1),
(324, 4, 1, 1),
(324, 5, 1, 1),
(324, 6, 1, 1),
(325, 2, 1, 1),
(325, 3, 1, 1),
(325, 4, 1, 1),
(325, 5, 1, 1),
(325, 6, 1, 1),
(326, 2, 1, 1),
(326, 3, 1, 1),
(326, 4, 1, 1),
(326, 5, 1, 1),
(326, 6, 1, 1),
(327, 3, 1, 1),
(327, 4, 1, 1),
(327, 5, 1, 1),
(327, 6, 1, 1),
(328, 2, 1, 1),
(328, 3, 1, 1),
(328, 4, 1, 1),
(328, 5, 1, 1),
(328, 6, 1, 1),
(329, 2, 1, 1),
(329, 3, 1, 1),
(329, 4, 1, 1),
(329, 5, 1, 1),
(329, 6, 1, 1),
(330, 2, 1, 2),
(330, 3, 1, 2),
(330, 4, 1, 2),
(330, 5, 1, 2),
(330, 6, 1, 2),
(331, 2, 1, 1),
(331, 3, 1, 1),
(331, 4, 1, 1),
(331, 5, 1, 1),
(331, 6, 1, 1),
(332, 3, 1, 1),
(332, 5, 1, 1),
(333, 2, 4, 1),
(333, 3, 4, 1),
(333, 4, 4, 1),
(333, 5, 4, 1),
(333, 6, 4, 1),
(334, 2, 1, 2),
(334, 3, 1, 2),
(334, 4, 1, 2),
(334, 5, 1, 2),
(334, 6, 1, 2),
(335, 2, 2, 1),
(335, 3, 2, 1),
(335, 4, 2, 1),
(335, 5, 2, 1),
(335, 6, 2, 1),
(336, 2, 2, 1),
(336, 3, 2, 1),
(336, 4, 2, 1),
(336, 5, 2, 1),
(336, 6, 2, 1),
(337, 2, 2, 1),
(337, 3, 2, 1),
(337, 4, 2, 1),
(337, 5, 2, 1),
(337, 6, 2, 1),
(338, 2, 4, 1),
(338, 3, 4, 1),
(338, 4, 4, 1),
(338, 5, 4, 1),
(338, 6, 4, 1),
(340, 2, 4, 2),
(340, 3, 4, 2),
(340, 4, 4, 2),
(340, 5, 4, 2),
(340, 6, 4, 2),
(341, 2, 1, 1),
(341, 2, 4, 2),
(341, 3, 1, 1),
(341, 3, 4, 2),
(341, 4, 1, 1),
(341, 4, 4, 2),
(341, 5, 1, 1),
(341, 5, 4, 2),
(341, 6, 1, 1),
(341, 6, 4, 2),
(342, 2, 1, 1),
(342, 2, 4, 2),
(342, 3, 1, 1),
(342, 3, 4, 2),
(342, 4, 1, 1),
(342, 4, 4, 2),
(342, 5, 1, 1),
(342, 5, 4, 2),
(342, 6, 1, 1),
(342, 6, 4, 2),
(343, 2, 2, 1),
(343, 2, 4, 1),
(343, 3, 2, 1),
(343, 3, 4, 1),
(343, 4, 2, 1),
(343, 4, 4, 1),
(343, 5, 2, 1),
(343, 5, 4, 1),
(343, 6, 2, 1),
(343, 6, 4, 1),
(344, 2, 1, 1),
(344, 2, 4, 1),
(344, 3, 1, 1),
(344, 3, 4, 1),
(344, 4, 1, 1),
(344, 4, 4, 1),
(344, 5, 1, 1),
(344, 5, 4, 1),
(344, 6, 1, 1),
(344, 6, 4, 1),
(345, 2, 1, 1),
(345, 3, 1, 1),
(345, 4, 1, 1),
(345, 5, 1, 1),
(345, 6, 1, 1),
(346, 2, 1, 1),
(346, 3, 1, 1),
(346, 4, 1, 1),
(346, 5, 1, 1),
(346, 6, 1, 1),
(347, 2, 1, 2),
(347, 3, 1, 2),
(347, 4, 1, 2),
(347, 5, 1, 2),
(347, 6, 1, 2),
(348, 2, 4, 1),
(348, 3, 4, 1),
(348, 4, 4, 1),
(348, 5, 4, 1),
(348, 6, 4, 1),
(350, 2, 2, 1),
(350, 3, 2, 1),
(350, 4, 2, 1),
(350, 5, 2, 1),
(350, 6, 2, 1),
(351, 2, 1, 1),
(351, 4, 1, 1),
(351, 6, 1, 1),
(352, 2, 9, 1),
(352, 3, 9, 1),
(352, 4, 9, 1),
(352, 5, 9, 1),
(352, 6, 9, 1),
(353, 2, 1, 1),
(353, 3, 1, 1),
(353, 4, 1, 1),
(353, 5, 1, 1),
(353, 6, 1, 1),
(354, 2, 1, 1),
(354, 3, 1, 1),
(354, 4, 1, 1),
(354, 5, 1, 1),
(354, 6, 1, 1),
(355, 3, 1, 1),
(355, 4, 1, 1),
(355, 5, 1, 1),
(355, 6, 1, 1),
(356, 2, 1, 1),
(356, 3, 1, 1),
(356, 4, 1, 1),
(356, 5, 1, 1),
(356, 6, 1, 1),
(357, 2, 1, 1),
(357, 3, 1, 1),
(357, 4, 1, 1),
(357, 5, 1, 1),
(357, 6, 1, 1),
(358, 2, 1, 1),
(358, 3, 1, 1),
(358, 4, 1, 1),
(358, 5, 1, 1),
(358, 6, 1, 1),
(359, 2, 1, 1),
(359, 4, 1, 1),
(359, 5, 1, 1),
(360, 2, 1, 1),
(360, 3, 1, 1),
(360, 4, 1, 1),
(360, 5, 1, 1),
(360, 6, 1, 1),
(362, 2, 1, 1),
(362, 3, 1, 1),
(362, 4, 1, 1),
(362, 5, 1, 1),
(362, 6, 1, 1),
(364, 2, 2, 1),
(364, 2, 4, 1),
(364, 3, 2, 1),
(364, 3, 4, 1),
(364, 4, 2, 1),
(364, 4, 4, 1),
(364, 5, 2, 1),
(364, 5, 4, 1),
(365, 2, 2, 1),
(365, 2, 4, 1),
(365, 4, 2, 1),
(365, 4, 4, 1),
(365, 6, 2, 1),
(365, 6, 4, 1),
(366, 2, 1, 1),
(366, 3, 1, 1),
(366, 4, 1, 1),
(366, 5, 1, 1),
(366, 6, 1, 1),
(367, 2, 2, 1),
(367, 3, 2, 1),
(367, 4, 2, 1),
(367, 5, 2, 1),
(367, 6, 2, 1),
(368, 2, 1, 1),
(368, 3, 1, 1),
(368, 4, 1, 1),
(368, 5, 1, 1),
(368, 6, 1, 1),
(369, 2, 1, 1),
(369, 3, 1, 1),
(369, 4, 1, 1),
(369, 5, 1, 1),
(369, 6, 1, 1),
(370, 2, 2, 2),
(370, 3, 2, 2),
(370, 4, 2, 2),
(370, 5, 2, 2),
(370, 6, 2, 2),
(371, 2, 1, 1),
(371, 3, 1, 1),
(371, 4, 1, 1),
(371, 5, 1, 1),
(371, 6, 1, 1),
(372, 2, 2, 1),
(372, 3, 2, 1),
(372, 4, 2, 1),
(372, 5, 2, 1),
(372, 6, 2, 1),
(373, 2, 2, 1),
(373, 3, 2, 1),
(373, 4, 2, 1),
(373, 5, 2, 1),
(373, 6, 2, 1),
(374, 2, 2, 1),
(374, 2, 4, 1),
(374, 3, 2, 1),
(374, 3, 4, 1),
(374, 4, 2, 1),
(374, 4, 4, 1),
(374, 5, 2, 1),
(374, 5, 4, 1),
(374, 6, 2, 1),
(374, 6, 4, 1),
(375, 2, 1, 1),
(375, 3, 1, 1),
(375, 4, 1, 1),
(375, 5, 1, 1),
(375, 6, 1, 1),
(376, 2, 1, 1),
(376, 3, 1, 1),
(376, 4, 1, 1),
(376, 5, 1, 1),
(376, 6, 1, 2),
(377, 2, 2, 1),
(377, 3, 2, 1),
(377, 4, 2, 1),
(377, 5, 2, 1),
(377, 6, 2, 1),
(378, 2, 2, 1),
(378, 3, 2, 1),
(378, 4, 2, 1),
(378, 6, 2, 1),
(379, 2, 2, 1),
(379, 3, 2, 1),
(379, 4, 2, 1),
(379, 5, 2, 1),
(379, 6, 2, 1),
(380, 2, 1, 1),
(380, 4, 1, 1),
(380, 6, 1, 1),
(381, 2, 1, 2),
(381, 3, 1, 2),
(381, 4, 1, 2),
(381, 5, 1, 2),
(381, 6, 1, 2),
(384, 2, 2, 1),
(384, 3, 2, 1),
(384, 4, 2, 1),
(384, 5, 2, 1),
(384, 6, 2, 1),
(385, 2, 2, 1),
(385, 3, 2, 1),
(385, 4, 2, 1),
(385, 5, 2, 1),
(385, 6, 2, 1),
(387, 2, 2, 1),
(387, 2, 4, 1),
(387, 3, 2, 1),
(387, 3, 4, 1),
(387, 4, 2, 1),
(387, 4, 4, 1),
(387, 5, 2, 1),
(387, 5, 4, 1),
(387, 6, 2, 1),
(387, 6, 4, 1),
(388, 2, 1, 1),
(388, 2, 4, 1),
(388, 3, 1, 1),
(388, 3, 4, 1),
(388, 4, 1, 1),
(388, 4, 4, 1),
(388, 5, 1, 1),
(388, 5, 4, 1),
(388, 6, 1, 1),
(388, 6, 4, 1),
(389, 2, 4, 1),
(389, 3, 4, 1),
(389, 4, 4, 1),
(389, 5, 4, 1),
(389, 6, 4, 1),
(390, 2, 1, 1),
(390, 3, 1, 1),
(390, 4, 1, 1),
(390, 5, 1, 1),
(390, 6, 1, 1),
(391, 2, 1, 1),
(391, 4, 1, 1),
(391, 6, 1, 1),
(392, 2, 1, 1),
(392, 3, 1, 1),
(392, 4, 1, 1),
(392, 5, 1, 1),
(392, 6, 1, 1),
(393, 2, 1, 1),
(393, 3, 1, 1),
(393, 4, 1, 1),
(393, 5, 1, 1),
(393, 6, 1, 1),
(394, 2, 1, 2),
(394, 3, 1, 2),
(394, 4, 1, 2),
(394, 5, 1, 2),
(394, 6, 1, 2),
(395, 2, 2, 1),
(395, 3, 2, 1),
(395, 4, 2, 1),
(395, 5, 2, 1),
(395, 6, 2, 1),
(396, 2, 2, 1),
(396, 3, 2, 1),
(396, 4, 2, 1),
(396, 5, 2, 1),
(396, 6, 2, 1),
(397, 2, 4, 1),
(397, 3, 4, 1),
(397, 4, 4, 1),
(397, 5, 4, 1),
(397, 6, 4, 1),
(398, 2, 4, 1),
(398, 3, 4, 1),
(398, 4, 4, 1),
(398, 5, 4, 1),
(398, 6, 4, 1),
(399, 2, 1, 1),
(399, 2, 4, 2),
(399, 3, 1, 1),
(399, 3, 4, 2),
(399, 4, 1, 1),
(399, 4, 4, 2),
(399, 5, 1, 1),
(399, 5, 4, 2),
(399, 6, 1, 1),
(399, 6, 4, 2),
(400, 2, 1, 1),
(400, 2, 4, 1),
(400, 3, 1, 1),
(400, 3, 4, 1),
(400, 4, 1, 1),
(400, 4, 4, 1),
(400, 5, 1, 1),
(400, 5, 4, 1),
(400, 6, 1, 1),
(400, 6, 4, 1),
(401, 2, 1, 1),
(401, 3, 1, 1),
(401, 4, 1, 1),
(401, 5, 1, 1),
(401, 6, 1, 1),
(402, 2, 2, 2),
(402, 3, 2, 2),
(402, 4, 2, 2),
(402, 5, 2, 2),
(402, 6, 2, 2),
(403, 2, 2, 2),
(403, 3, 2, 2),
(403, 4, 2, 2),
(403, 5, 2, 2),
(404, 2, 1, 1),
(404, 3, 1, 1),
(404, 4, 1, 1),
(404, 5, 1, 1),
(404, 6, 1, 1),
(405, 2, 1, 1),
(405, 3, 1, 1),
(405, 4, 1, 1),
(405, 5, 1, 1),
(405, 6, 1, 1),
(406, 2, 2, 1),
(406, 3, 2, 1),
(406, 4, 2, 1),
(406, 5, 2, 1),
(406, 6, 2, 1),
(408, 2, 5, 1),
(408, 3, 5, 1),
(408, 4, 5, 1),
(408, 5, 5, 1),
(408, 6, 5, 1),
(409, 2, 1, 1),
(409, 2, 4, 1),
(409, 3, 1, 1),
(409, 3, 4, 1),
(409, 4, 1, 1),
(409, 4, 4, 1),
(409, 5, 1, 1),
(409, 5, 4, 1),
(409, 6, 1, 1),
(409, 6, 4, 1),
(410, 2, 1, 1),
(410, 3, 1, 1),
(410, 4, 1, 1),
(410, 5, 1, 1),
(410, 6, 1, 1),
(411, 2, 2, 1),
(411, 3, 2, 1),
(411, 4, 2, 1),
(411, 5, 2, 1),
(411, 6, 2, 1),
(412, 2, 1, 1),
(412, 3, 1, 1),
(412, 4, 1, 1),
(412, 6, 1, 1),
(413, 2, 2, 1),
(413, 3, 2, 1),
(413, 4, 2, 1),
(413, 5, 2, 1),
(413, 6, 2, 1),
(414, 2, 2, 1),
(414, 3, 2, 1),
(415, 2, 1, 1),
(415, 2, 2, 1),
(415, 3, 1, 1),
(415, 3, 2, 1),
(415, 4, 1, 1),
(415, 4, 2, 1),
(415, 5, 1, 1),
(415, 5, 2, 1),
(415, 6, 1, 1),
(415, 6, 2, 1),
(416, 2, 1, 1),
(416, 2, 4, 1),
(416, 3, 1, 1),
(416, 3, 4, 1),
(416, 4, 1, 1),
(416, 4, 4, 1),
(416, 5, 1, 1),
(416, 5, 4, 1),
(416, 6, 1, 1),
(416, 6, 4, 1),
(417, 2, 4, 3),
(417, 3, 4, 3),
(417, 4, 4, 3),
(417, 5, 4, 3),
(417, 6, 4, 3),
(418, 2, 1, 1),
(418, 3, 1, 1),
(418, 4, 1, 1),
(418, 5, 1, 1),
(418, 6, 1, 1),
(419, 2, 1, 1),
(419, 3, 1, 1),
(419, 4, 1, 1),
(419, 5, 1, 1),
(419, 6, 1, 1),
(420, 2, 1, 2),
(420, 3, 1, 2),
(420, 4, 1, 2),
(420, 5, 1, 2),
(420, 6, 1, 2),
(421, 2, 2, 2),
(421, 3, 2, 2),
(421, 4, 2, 2),
(421, 5, 2, 2),
(421, 6, 2, 2),
(422, 2, 2, 1),
(422, 3, 2, 1),
(422, 4, 2, 1),
(422, 5, 2, 1),
(422, 6, 2, 1),
(423, 2, 1, 1),
(423, 2, 6, 1),
(423, 3, 1, 1),
(423, 3, 6, 1),
(423, 4, 1, 1),
(423, 4, 6, 1),
(423, 5, 1, 1),
(423, 5, 6, 1),
(423, 6, 1, 1),
(423, 6, 6, 1),
(424, 2, 4, 3),
(424, 3, 4, 3),
(424, 4, 4, 3),
(424, 5, 4, 3),
(424, 6, 4, 3),
(425, 2, 1, 1),
(425, 3, 1, 1),
(425, 4, 1, 1),
(425, 5, 1, 1),
(425, 6, 1, 1),
(426, 2, 4, 2),
(426, 3, 4, 2),
(426, 4, 4, 2),
(426, 5, 4, 2),
(426, 6, 4, 2),
(427, 2, 1, 1),
(427, 2, 2, 1),
(427, 3, 1, 1),
(427, 3, 2, 1),
(427, 4, 1, 1),
(427, 4, 2, 1),
(427, 5, 1, 1),
(427, 5, 2, 1),
(427, 6, 1, 1),
(427, 6, 2, 1),
(429, 2, 6, 2),
(429, 3, 6, 2),
(429, 4, 6, 2),
(429, 5, 6, 2),
(429, 6, 6, 2),
(430, 2, 1, 1),
(430, 3, 1, 1),
(430, 4, 1, 1),
(430, 5, 1, 1),
(430, 6, 1, 1),
(431, 2, 2, 1),
(431, 3, 2, 1),
(431, 4, 2, 1),
(431, 5, 2, 1),
(431, 6, 2, 1),
(432, 2, 4, 1),
(432, 3, 4, 1),
(432, 4, 4, 1),
(432, 5, 4, 1),
(432, 6, 4, 1),
(434, 2, 1, 1),
(434, 2, 7, 1),
(434, 3, 1, 1),
(434, 3, 7, 1),
(434, 4, 1, 1),
(434, 4, 7, 1),
(434, 5, 1, 1),
(434, 5, 7, 1),
(434, 6, 1, 1),
(434, 6, 7, 1),
(435, 2, 1, 1),
(435, 3, 1, 1),
(435, 4, 1, 1),
(435, 5, 1, 1),
(435, 6, 1, 1),
(436, 2, 2, 1),
(436, 2, 4, 2),
(436, 3, 2, 1),
(436, 3, 4, 2),
(436, 4, 2, 1),
(436, 4, 4, 2),
(436, 5, 2, 1),
(436, 5, 4, 2),
(437, 2, 1, 1),
(437, 3, 1, 1),
(437, 4, 1, 1),
(437, 5, 1, 1),
(437, 6, 1, 1),
(438, 2, 2, 1),
(438, 3, 2, 1),
(438, 4, 2, 1),
(438, 5, 2, 1),
(438, 6, 2, 1),
(439, 2, 1, 1),
(439, 3, 1, 1),
(439, 4, 1, 1),
(439, 5, 1, 1),
(439, 6, 1, 1),
(440, 2, 1, 1),
(440, 3, 1, 1),
(440, 4, 1, 1),
(440, 5, 1, 1),
(440, 6, 1, 1),
(441, 2, 2, 1),
(441, 3, 2, 1),
(441, 4, 2, 1),
(441, 5, 2, 1),
(441, 6, 2, 1),
(442, 2, 2, 1),
(442, 2, 4, 1),
(442, 3, 2, 1),
(442, 3, 4, 1),
(442, 4, 2, 1),
(442, 4, 4, 1),
(442, 5, 2, 1),
(442, 5, 4, 1),
(442, 6, 2, 1),
(442, 6, 4, 1),
(443, 2, 1, 2),
(443, 3, 1, 2),
(443, 4, 1, 2),
(443, 5, 1, 2),
(443, 6, 1, 2),
(444, 2, 1, 1),
(444, 3, 1, 1),
(444, 4, 1, 1),
(444, 5, 1, 1),
(444, 6, 1, 1),
(445, 2, 4, 1),
(445, 3, 4, 1),
(445, 4, 4, 1),
(445, 5, 4, 1),
(445, 6, 4, 1),
(446, 2, 13, 1),
(446, 3, 13, 1),
(446, 4, 13, 1),
(446, 5, 13, 1),
(446, 6, 13, 1),
(447, 2, 1, 1),
(447, 4, 1, 1),
(447, 6, 1, 1),
(448, 2, 1, 2),
(448, 3, 1, 2),
(448, 4, 1, 2),
(448, 5, 1, 2),
(448, 6, 1, 2),
(449, 2, 2, 1),
(449, 3, 2, 1),
(449, 4, 2, 1),
(449, 5, 2, 1),
(449, 6, 2, 1),
(450, 2, 1, 1),
(450, 3, 1, 1),
(450, 4, 1, 1),
(450, 5, 1, 1),
(450, 6, 1, 1),
(451, 2, 1, 1),
(451, 3, 1, 1),
(451, 4, 1, 1),
(451, 5, 1, 1),
(451, 6, 1, 1),
(452, 2, 1, 2),
(452, 3, 1, 2),
(452, 4, 1, 2),
(452, 5, 1, 2),
(452, 6, 1, 2),
(453, 2, 1, 1),
(453, 3, 1, 1),
(453, 4, 1, 1),
(453, 5, 1, 1),
(453, 6, 1, 1),
(454, 2, 1, 1),
(454, 3, 1, 1),
(454, 4, 1, 1),
(454, 5, 1, 1),
(454, 6, 1, 1),
(455, 2, 2, 2),
(455, 3, 2, 2),
(455, 4, 2, 2),
(455, 5, 2, 2),
(455, 6, 2, 2),
(456, 2, 2, 1),
(456, 3, 2, 1),
(456, 4, 2, 1),
(456, 5, 2, 1),
(456, 6, 2, 1),
(457, 2, 1, 1),
(457, 3, 1, 1),
(457, 4, 1, 1),
(457, 5, 1, 1),
(457, 6, 1, 1),
(458, 2, 4, 2),
(458, 4, 4, 2),
(458, 6, 4, 2),
(459, 2, 2, 1),
(459, 3, 2, 1),
(459, 4, 2, 1),
(459, 5, 2, 1),
(459, 6, 2, 1),
(460, 2, 2, 1),
(460, 3, 2, 1),
(460, 4, 2, 1),
(460, 5, 2, 1),
(460, 6, 2, 1),
(461, 2, 2, 1),
(461, 3, 2, 1),
(461, 4, 2, 1),
(461, 5, 2, 1),
(461, 6, 2, 1),
(462, 2, 1, 1),
(462, 2, 7, 1),
(462, 3, 1, 1),
(462, 3, 7, 1),
(462, 4, 1, 1),
(462, 4, 7, 1),
(462, 5, 1, 1),
(462, 5, 7, 1),
(463, 2, 1, 1),
(463, 2, 2, 1),
(463, 3, 1, 1),
(463, 3, 2, 1),
(463, 4, 1, 1),
(463, 4, 2, 1),
(463, 5, 1, 1),
(463, 5, 2, 1),
(463, 6, 1, 1),
(463, 6, 2, 1),
(464, 2, 1, 1),
(464, 3, 1, 1),
(464, 4, 1, 1),
(464, 5, 1, 1),
(464, 6, 1, 1),
(465, 2, 2, 1),
(465, 3, 2, 1),
(465, 4, 2, 1),
(465, 5, 2, 1),
(465, 6, 2, 1),
(466, 2, 4, 1),
(466, 3, 4, 1),
(466, 4, 2, 1),
(466, 5, 4, 1),
(466, 6, 4, 1),
(467, 2, 1, 1),
(467, 2, 2, 1),
(467, 3, 1, 1),
(467, 3, 2, 1),
(467, 4, 1, 1),
(467, 4, 2, 1),
(467, 5, 1, 1),
(467, 5, 2, 1),
(467, 6, 1, 1),
(467, 6, 2, 1),
(468, 2, 4, 2),
(468, 3, 4, 2),
(468, 4, 4, 2),
(468, 5, 4, 2),
(468, 6, 4, 2),
(469, 2, 1, 1),
(469, 3, 1, 1),
(469, 4, 1, 1),
(469, 5, 1, 1),
(469, 6, 1, 1),
(470, 2, 2, 2),
(470, 3, 2, 2),
(470, 4, 2, 2),
(470, 5, 2, 2),
(470, 6, 2, 2),
(471, 2, 2, 2),
(471, 3, 2, 2),
(471, 4, 2, 2),
(471, 5, 2, 2),
(471, 6, 2, 2),
(472, 2, 1, 1),
(472, 3, 1, 1),
(472, 4, 1, 1),
(472, 5, 1, 1),
(472, 6, 1, 1),
(473, 4, 1, 1),
(473, 4, 4, 1),
(473, 5, 1, 1),
(473, 5, 4, 1),
(473, 6, 1, 1),
(473, 6, 4, 1),
(474, 2, 1, 1),
(474, 3, 1, 1),
(474, 4, 1, 1),
(474, 6, 1, 1),
(475, 2, 1, 1),
(475, 3, 1, 1),
(475, 4, 1, 1),
(475, 5, 1, 1),
(475, 6, 1, 1),
(476, 2, 2, 1),
(476, 3, 2, 1),
(476, 4, 2, 1),
(476, 5, 2, 1),
(476, 6, 2, 1),
(477, 2, 2, 1),
(477, 3, 2, 1),
(477, 4, 2, 1),
(477, 5, 2, 1),
(477, 6, 2, 1),
(478, 2, 4, 2),
(478, 3, 4, 2),
(478, 4, 4, 2),
(478, 5, 4, 2),
(478, 6, 4, 2),
(479, 2, 1, 2),
(479, 3, 1, 2),
(479, 4, 1, 2),
(479, 5, 1, 2),
(479, 6, 1, 2),
(480, 2, 1, 1),
(480, 3, 1, 1),
(480, 4, 1, 1),
(480, 5, 1, 1),
(480, 6, 1, 1),
(481, 2, 1, 1),
(481, 4, 1, 1),
(481, 6, 1, 1),
(482, 2, 1, 1),
(482, 3, 1, 1),
(482, 4, 1, 1),
(482, 5, 1, 1),
(482, 6, 1, 1),
(483, 2, 1, 1),
(483, 3, 1, 1),
(483, 4, 1, 1),
(483, 5, 1, 1),
(483, 6, 1, 1),
(484, 2, 2, 1),
(484, 3, 2, 1),
(484, 4, 2, 1),
(484, 5, 2, 1),
(484, 6, 2, 1),
(485, 2, 5, 1),
(485, 3, 5, 1),
(485, 4, 5, 1),
(485, 5, 5, 1),
(485, 6, 5, 1),
(487, 2, 2, 1),
(487, 3, 2, 1),
(487, 4, 2, 1),
(487, 5, 2, 1),
(487, 6, 2, 1),
(488, 2, 2, 1),
(488, 2, 7, 1),
(488, 3, 2, 1),
(488, 3, 7, 1),
(488, 4, 2, 1),
(488, 4, 7, 1),
(488, 5, 2, 1),
(488, 5, 7, 1),
(488, 6, 2, 1),
(488, 6, 7, 1),
(489, 2, 4, 1),
(489, 3, 4, 1),
(489, 4, 4, 1),
(489, 5, 4, 1),
(489, 6, 4, 1),
(490, 2, 2, 1),
(490, 3, 2, 1),
(490, 4, 2, 1),
(490, 5, 2, 1),
(490, 6, 2, 1),
(491, 2, 1, 1),
(491, 3, 1, 1),
(491, 4, 1, 1),
(491, 5, 1, 1),
(491, 6, 1, 1),
(492, 2, 2, 1),
(492, 3, 2, 1),
(492, 4, 2, 1),
(492, 5, 2, 1),
(492, 6, 2, 1),
(493, 2, 4, 3),
(493, 3, 4, 3),
(493, 4, 4, 3),
(493, 5, 4, 3),
(493, 6, 4, 3),
(494, 2, 4, 2),
(494, 3, 4, 2),
(494, 4, 4, 2),
(494, 5, 4, 2),
(494, 6, 4, 2),
(495, 2, 1, 1),
(495, 2, 4, 1),
(495, 3, 1, 1),
(495, 3, 4, 1),
(495, 4, 1, 1),
(495, 4, 4, 1),
(495, 5, 1, 1),
(495, 5, 4, 1),
(495, 6, 1, 1),
(495, 6, 4, 1),
(496, 2, 1, 1),
(496, 3, 1, 1),
(496, 4, 1, 1),
(496, 5, 1, 1),
(496, 6, 1, 1),
(497, 2, 2, 2),
(497, 4, 2, 2),
(497, 6, 2, 2),
(498, 2, 1, 1),
(498, 2, 4, 1),
(498, 3, 1, 1),
(498, 3, 4, 1),
(498, 4, 1, 1),
(498, 4, 4, 1),
(498, 5, 1, 1),
(498, 5, 4, 1),
(498, 6, 1, 1),
(498, 6, 4, 1),
(499, 2, 1, 1),
(499, 3, 1, 1),
(499, 4, 1, 1),
(499, 5, 1, 1),
(499, 6, 1, 1),
(500, 2, 1, 1),
(500, 3, 1, 1),
(500, 4, 1, 1),
(500, 5, 1, 1),
(500, 6, 1, 1),
(501, 2, 2, 1),
(501, 3, 2, 1),
(501, 4, 2, 1),
(501, 5, 2, 1),
(501, 6, 2, 1),
(502, 2, 1, 1),
(502, 3, 1, 1),
(502, 4, 1, 1),
(502, 5, 1, 1),
(502, 6, 1, 1),
(503, 2, 2, 1),
(503, 3, 2, 1),
(503, 4, 2, 1),
(503, 5, 2, 1),
(503, 6, 2, 1),
(504, 2, 1, 2),
(504, 3, 1, 2),
(504, 4, 1, 2),
(504, 5, 1, 2),
(504, 6, 1, 2),
(505, 2, 1, 1),
(505, 3, 1, 1),
(505, 4, 1, 1),
(505, 5, 1, 1),
(505, 6, 1, 1),
(506, 2, 1, 1),
(506, 2, 2, 1),
(506, 3, 1, 1),
(506, 3, 2, 1),
(506, 4, 1, 1),
(506, 4, 2, 1),
(506, 5, 1, 1),
(506, 5, 2, 1),
(506, 6, 1, 1),
(506, 6, 2, 1),
(507, 2, 1, 1),
(507, 3, 1, 1),
(507, 4, 1, 1),
(507, 5, 1, 1),
(507, 6, 1, 1),
(508, 2, 2, 1),
(508, 3, 2, 1),
(508, 4, 2, 1),
(508, 5, 2, 1),
(508, 6, 2, 1),
(509, 2, 1, 1),
(509, 3, 1, 1),
(509, 4, 1, 1),
(509, 5, 1, 1),
(509, 6, 1, 1),
(510, 2, 1, 1),
(510, 3, 1, 1),
(510, 4, 1, 1),
(510, 5, 1, 1),
(510, 6, 1, 1),
(511, 2, 1, 1),
(511, 3, 1, 1),
(511, 4, 1, 1),
(511, 5, 1, 1),
(511, 6, 1, 1),
(512, 2, 1, 1),
(512, 2, 2, 1),
(512, 3, 1, 1),
(512, 3, 2, 1),
(512, 4, 1, 1),
(512, 4, 2, 1),
(512, 5, 1, 1),
(512, 5, 2, 1),
(512, 6, 1, 1),
(512, 6, 2, 1),
(513, 2, 2, 1),
(513, 2, 4, 1),
(513, 3, 2, 1),
(513, 3, 4, 1),
(513, 4, 2, 1),
(513, 4, 4, 1),
(513, 5, 2, 1),
(513, 5, 4, 1),
(513, 6, 2, 1),
(513, 6, 4, 1),
(514, 2, 1, 1),
(514, 3, 1, 1),
(514, 4, 1, 1),
(514, 6, 1, 1),
(515, 5, 2, 2),
(515, 6, 2, 2),
(516, 2, 1, 1),
(516, 2, 4, 1),
(516, 3, 1, 1),
(516, 3, 4, 1),
(516, 4, 1, 1),
(516, 4, 4, 1),
(516, 5, 1, 1),
(516, 5, 4, 1),
(516, 6, 1, 1),
(516, 6, 4, 1),
(517, 2, 1, 1),
(517, 3, 1, 1),
(517, 4, 1, 1),
(517, 5, 1, 1),
(517, 6, 1, 1),
(518, 2, 2, 1),
(518, 3, 2, 1),
(518, 4, 2, 1),
(518, 5, 2, 1),
(518, 6, 2, 1),
(519, 2, 1, 1),
(519, 3, 1, 1),
(519, 4, 1, 1),
(519, 5, 1, 1),
(519, 6, 1, 1),
(520, 2, 1, 1),
(520, 3, 1, 1),
(520, 4, 1, 1),
(520, 5, 1, 1),
(520, 6, 1, 1),
(521, 2, 2, 1),
(521, 2, 4, 1),
(521, 3, 2, 1),
(521, 3, 4, 1),
(521, 4, 2, 1),
(521, 4, 4, 1),
(521, 5, 2, 1),
(521, 5, 4, 1),
(521, 6, 2, 1),
(521, 6, 4, 1),
(522, 2, 1, 1),
(522, 3, 1, 1),
(522, 4, 1, 1),
(522, 5, 1, 1),
(522, 6, 1, 1),
(523, 2, 1, 1),
(523, 2, 4, 1),
(523, 3, 1, 1),
(523, 3, 4, 1),
(523, 4, 1, 1),
(523, 4, 4, 1),
(523, 5, 1, 1),
(523, 5, 4, 1),
(523, 6, 1, 1),
(523, 6, 4, 1),
(524, 2, 2, 1),
(524, 3, 2, 1),
(524, 4, 2, 1),
(524, 5, 2, 1),
(524, 6, 2, 1),
(525, 2, 2, 1),
(525, 3, 2, 1),
(525, 4, 2, 1),
(525, 5, 2, 1),
(525, 6, 2, 1),
(526, 2, 4, 1),
(526, 3, 4, 1),
(526, 4, 4, 1),
(526, 5, 4, 1),
(526, 6, 4, 1),
(527, 2, 1, 2),
(527, 3, 1, 2),
(527, 4, 1, 2),
(527, 5, 1, 2),
(527, 6, 1, 2),
(528, 2, 2, 1),
(528, 3, 2, 1),
(528, 4, 2, 1),
(528, 5, 2, 1),
(528, 6, 2, 1);

-- --------------------------------------------------------

--
-- Estructura de tabla para la tabla `dia_semana`
--

CREATE TABLE IF NOT EXISTS `dia_semana` (
  `id` int(11) NOT NULL AUTO_INCREMENT,
  `nombre` varchar(45) DEFAULT NULL,
  `descripcion` varchar(45) DEFAULT NULL,
  PRIMARY KEY (`id`)
) ENGINE=InnoDB  DEFAULT CHARSET=latin1 AUTO_INCREMENT=7 ;

--
-- Volcado de datos para la tabla `dia_semana`
--

INSERT INTO `dia_semana` (`id`, `nombre`, `descripcion`) VALUES
(2, 'Lunes', NULL),
(3, 'Martes', NULL),
(4, 'Miercoles', NULL),
(5, 'Jueves', NULL),
(6, 'Viernes', NULL);

-- --------------------------------------------------------

--
-- Estructura de tabla para la tabla `empresa`
--

CREATE TABLE IF NOT EXISTS `empresa` (
  `id` int(11) NOT NULL AUTO_INCREMENT,
  `nombre` varchar(45) NOT NULL,
  `idlocalidad` int(11) NOT NULL,
  `created_at` timestamp NOT NULL DEFAULT CURRENT_TIMESTAMP ON UPDATE CURRENT_TIMESTAMP,
  `updated_at` timestamp NULL DEFAULT NULL,
  `deleted_at` timestamp NULL DEFAULT NULL,
  `envio` int(11) NOT NULL DEFAULT '0',
  PRIMARY KEY (`id`),
  KEY `fk_loc_idx` (`idlocalidad`)
) ENGINE=InnoDB  DEFAULT CHARSET=latin1 AUTO_INCREMENT=4 ;

--
-- Volcado de datos para la tabla `empresa`
--

INSERT INTO `empresa` (`id`, `nombre`, `idlocalidad`, `created_at`, `updated_at`, `deleted_at`, `envio`) VALUES
(2, 'Vicentin', 1, '2016-02-08 15:26:44', '2016-01-04 21:09:18', '2016-02-07 17:20:21', 1),
(3, 'Banco', 3, '2016-02-08 15:49:21', '2016-02-08 18:49:21', '2016-02-07 17:20:21', 1);

-- --------------------------------------------------------

--
-- Estructura de tabla para la tabla `empresa_vianda`
--

CREATE TABLE IF NOT EXISTS `empresa_vianda` (
  `empresa_id` int(11) NOT NULL,
  `tipo_vianda_id` int(11) NOT NULL,
  `precio` double NOT NULL DEFAULT '0',
  PRIMARY KEY (`empresa_id`,`tipo_vianda_id`),
  KEY `fk_tipo_vianda_idx` (`tipo_vianda_id`)
) ENGINE=InnoDB DEFAULT CHARSET=utf8 COLLATE=utf8_spanish_ci;

--
-- Volcado de datos para la tabla `empresa_vianda`
--

INSERT INTO `empresa_vianda` (`empresa_id`, `tipo_vianda_id`, `precio`) VALUES
(2, 1, 60),
(2, 2, 60),
(2, 4, 60),
(3, 1, 45),
(3, 2, 45),
(3, 4, 45);

-- --------------------------------------------------------

--
-- Estructura de tabla para la tabla `envios`
--

CREATE TABLE IF NOT EXISTS `envios` (
  `id` int(11) NOT NULL AUTO_INCREMENT,
  `zona` varchar(45) DEFAULT NULL,
  `precio` varchar(45) DEFAULT NULL,
  `observaciones` varchar(45) DEFAULT NULL,
  PRIMARY KEY (`id`)
) ENGINE=InnoDB DEFAULT CHARSET=latin1 AUTO_INCREMENT=1 ;

-- --------------------------------------------------------

--
-- Estructura de tabla para la tabla `gasto`
--

CREATE TABLE IF NOT EXISTS `gasto` (
  `id` int(11) NOT NULL AUTO_INCREMENT,
  `descripcion` varchar(255) DEFAULT NULL,
  `idtipo_gasto` int(11) NOT NULL,
  `monto` double NOT NULL DEFAULT '0',
  `fecha` date NOT NULL,
  `created_at` timestamp NOT NULL DEFAULT CURRENT_TIMESTAMP ON UPDATE CURRENT_TIMESTAMP,
  `updated_at` timestamp NULL DEFAULT NULL,
  `deleted_at` timestamp NULL DEFAULT NULL,
  PRIMARY KEY (`id`),
  KEY `fk_tipo_gasto_idx` (`idtipo_gasto`)
) ENGINE=InnoDB  DEFAULT CHARSET=latin1 AUTO_INCREMENT=11 ;

--
-- Volcado de datos para la tabla `gasto`
--

INSERT INTO `gasto` (`id`, `descripcion`, `idtipo_gasto`, `monto`, `fecha`, `created_at`, `updated_at`, `deleted_at`) VALUES
(3, 'Libreria', 2, 10, '2015-11-04', '2015-11-04 22:29:11', '2015-11-04 22:29:11', NULL),
(5, 'Gasto', 2, 5, '2015-04-11', '2015-11-04 22:34:31', '2015-11-04 22:34:31', NULL),
(6, 'GAstooo', 2, 100, '2015-04-11', '2015-11-04 22:35:04', '2015-11-04 22:35:04', NULL),
(7, 'Desc', 2, 100, '2015-11-04', '2015-11-04 22:35:29', '2015-11-04 22:35:29', NULL),
(8, 'Zarpado Gasto', 2, 10.4, '2015-11-04', '2015-11-04 22:44:12', '2015-11-04 22:44:12', NULL),
(9, 'Berrone', 2, 0, '2016-07-18', '2016-07-15 23:31:26', '2016-07-15 23:31:26', NULL),
(10, 'Semillas', 2, 0, '2016-10-03', '2016-09-30 23:08:17', '2016-09-30 23:08:17', NULL);

-- --------------------------------------------------------

--
-- Estructura de tabla para la tabla `linea_pedido`
--

CREATE TABLE IF NOT EXISTS `linea_pedido` (
  `id` int(11) NOT NULL AUTO_INCREMENT,
  `pedido_id` int(11) NOT NULL,
  `tipo_vianda_id` int(11) NOT NULL,
  `precio_vianda` decimal(10,0) NOT NULL DEFAULT '0',
  `cantidad` int(11) NOT NULL DEFAULT '0',
  `deleted_at` timestamp NULL DEFAULT NULL,
  `created_at` timestamp NULL DEFAULT NULL,
  `updated_at` timestamp NULL DEFAULT NULL,
  PRIMARY KEY (`id`),
  KEY `FK_linea_pedido` (`tipo_vianda_id`),
  KEY `FK_linea_pedido_pedido` (`pedido_id`)
) ENGINE=InnoDB  DEFAULT CHARSET=utf8 COLLATE=utf8_spanish_ci AUTO_INCREMENT=675 ;

-- --------------------------------------------------------

--
-- Estructura de tabla para la tabla `localidad`
--

CREATE TABLE IF NOT EXISTS `localidad` (
  `id` int(11) NOT NULL AUTO_INCREMENT,
  `nombre` varchar(45) NOT NULL,
  `costo_envio` double NOT NULL DEFAULT '0',
  `updated_at` timestamp NULL DEFAULT NULL,
  `created_at` timestamp NOT NULL DEFAULT '0000-00-00 00:00:00',
  `deleted_at` timestamp NULL DEFAULT NULL,
  PRIMARY KEY (`id`),
  UNIQUE KEY `nombre_UNIQUE` (`nombre`)
) ENGINE=InnoDB  DEFAULT CHARSET=latin1 AUTO_INCREMENT=4 ;

--
-- Volcado de datos para la tabla `localidad`
--

INSERT INTO `localidad` (`id`, `nombre`, `costo_envio`, `updated_at`, `created_at`, `deleted_at`) VALUES
(1, 'Avellaneda', 15, '2016-05-06 00:49:56', '0000-00-00 00:00:00', NULL),
(3, 'Reconquista', 10, '2016-05-06 00:50:02', '2015-12-16 06:40:58', NULL);

-- --------------------------------------------------------

--
-- Estructura de tabla para la tabla `no_laborables`
--

CREATE TABLE IF NOT EXISTS `no_laborables` (
  `id` int(11) NOT NULL AUTO_INCREMENT,
  `fecha` date DEFAULT NULL,
  `motivo` varchar(45) DEFAULT NULL,
  `estado` varchar(45) DEFAULT NULL,
  `created_at` datetime NOT NULL,
  `updated_at` datetime NOT NULL,
  PRIMARY KEY (`id`)
) ENGINE=InnoDB  DEFAULT CHARSET=latin1 AUTO_INCREMENT=4 ;

--
-- Volcado de datos para la tabla `no_laborables`
--

INSERT INTO `no_laborables` (`id`, `fecha`, `motivo`, `estado`, `created_at`, `updated_at`) VALUES
(2, '2014-11-24', 'alguno', NULL, '2015-10-15 03:51:25', '2015-10-15 03:51:40'),
(3, '2016-01-14', 'feriado nacional', NULL, '2016-01-14 11:31:49', '2016-01-14 11:31:49');

-- --------------------------------------------------------

--
-- Estructura de tabla para la tabla `no_me_gusta`
--

CREATE TABLE IF NOT EXISTS `no_me_gusta` (
  `cliente_id` int(11) NOT NULL,
  `alimento_id` int(11) NOT NULL,
  `created_at` datetime NOT NULL,
  `updated_at` datetime NOT NULL,
  KEY `fk_no_me_gusta_cliente_idx` (`cliente_id`),
  KEY `fk_no_me_gusta_alimento1_idx` (`alimento_id`)
) ENGINE=InnoDB DEFAULT CHARSET=latin1;

--
-- Volcado de datos para la tabla `no_me_gusta`
--

INSERT INTO `no_me_gusta` (`cliente_id`, `alimento_id`, `created_at`, `updated_at`) VALUES
(20, 2, '0000-00-00 00:00:00', '0000-00-00 00:00:00'),
(20, 4, '0000-00-00 00:00:00', '0000-00-00 00:00:00'),
(20, 10, '0000-00-00 00:00:00', '0000-00-00 00:00:00'),
(20, 11, '0000-00-00 00:00:00', '0000-00-00 00:00:00'),
(20, 13, '0000-00-00 00:00:00', '0000-00-00 00:00:00'),
(20, 14, '0000-00-00 00:00:00', '0000-00-00 00:00:00'),
(20, 16, '0000-00-00 00:00:00', '0000-00-00 00:00:00'),
(20, 17, '0000-00-00 00:00:00', '0000-00-00 00:00:00'),
(20, 18, '0000-00-00 00:00:00', '0000-00-00 00:00:00'),
(20, 20, '0000-00-00 00:00:00', '0000-00-00 00:00:00'),
(20, 23, '0000-00-00 00:00:00', '0000-00-00 00:00:00'),
(20, 25, '0000-00-00 00:00:00', '0000-00-00 00:00:00'),
(20, 26, '0000-00-00 00:00:00', '0000-00-00 00:00:00'),
(20, 31, '0000-00-00 00:00:00', '0000-00-00 00:00:00'),
(20, 33, '0000-00-00 00:00:00', '0000-00-00 00:00:00'),
(20, 34, '0000-00-00 00:00:00', '0000-00-00 00:00:00'),
(20, 36, '0000-00-00 00:00:00', '0000-00-00 00:00:00'),
(21, 2, '0000-00-00 00:00:00', '0000-00-00 00:00:00'),
(21, 7, '0000-00-00 00:00:00', '0000-00-00 00:00:00'),
(21, 11, '0000-00-00 00:00:00', '0000-00-00 00:00:00'),
(21, 23, '0000-00-00 00:00:00', '0000-00-00 00:00:00'),
(21, 26, '0000-00-00 00:00:00', '0000-00-00 00:00:00'),
(21, 29, '0000-00-00 00:00:00', '0000-00-00 00:00:00'),
(21, 31, '0000-00-00 00:00:00', '0000-00-00 00:00:00'),
(22, 7, '0000-00-00 00:00:00', '0000-00-00 00:00:00'),
(24, 4, '0000-00-00 00:00:00', '0000-00-00 00:00:00'),
(24, 6, '0000-00-00 00:00:00', '0000-00-00 00:00:00'),
(24, 7, '0000-00-00 00:00:00', '0000-00-00 00:00:00'),
(24, 9, '0000-00-00 00:00:00', '0000-00-00 00:00:00'),
(24, 11, '0000-00-00 00:00:00', '0000-00-00 00:00:00'),
(24, 12, '0000-00-00 00:00:00', '0000-00-00 00:00:00'),
(24, 13, '0000-00-00 00:00:00', '0000-00-00 00:00:00'),
(24, 27, '0000-00-00 00:00:00', '0000-00-00 00:00:00'),
(24, 30, '0000-00-00 00:00:00', '0000-00-00 00:00:00'),
(24, 31, '0000-00-00 00:00:00', '0000-00-00 00:00:00'),
(24, 47, '0000-00-00 00:00:00', '0000-00-00 00:00:00'),
(38, 1, '0000-00-00 00:00:00', '0000-00-00 00:00:00'),
(38, 6, '0000-00-00 00:00:00', '0000-00-00 00:00:00'),
(38, 7, '0000-00-00 00:00:00', '0000-00-00 00:00:00'),
(38, 9, '0000-00-00 00:00:00', '0000-00-00 00:00:00'),
(38, 10, '0000-00-00 00:00:00', '0000-00-00 00:00:00'),
(38, 11, '0000-00-00 00:00:00', '0000-00-00 00:00:00'),
(38, 13, '0000-00-00 00:00:00', '0000-00-00 00:00:00'),
(38, 14, '0000-00-00 00:00:00', '0000-00-00 00:00:00'),
(38, 18, '0000-00-00 00:00:00', '0000-00-00 00:00:00'),
(38, 22, '0000-00-00 00:00:00', '0000-00-00 00:00:00'),
(38, 23, '0000-00-00 00:00:00', '0000-00-00 00:00:00'),
(38, 24, '0000-00-00 00:00:00', '0000-00-00 00:00:00'),
(38, 26, '0000-00-00 00:00:00', '0000-00-00 00:00:00'),
(38, 28, '0000-00-00 00:00:00', '0000-00-00 00:00:00'),
(38, 30, '0000-00-00 00:00:00', '0000-00-00 00:00:00'),
(38, 31, '0000-00-00 00:00:00', '0000-00-00 00:00:00'),
(38, 32, '0000-00-00 00:00:00', '0000-00-00 00:00:00'),
(38, 33, '0000-00-00 00:00:00', '0000-00-00 00:00:00'),
(38, 34, '0000-00-00 00:00:00', '0000-00-00 00:00:00'),
(38, 36, '0000-00-00 00:00:00', '0000-00-00 00:00:00'),
(38, 45, '0000-00-00 00:00:00', '0000-00-00 00:00:00'),
(39, 2, '0000-00-00 00:00:00', '0000-00-00 00:00:00'),
(39, 4, '0000-00-00 00:00:00', '0000-00-00 00:00:00'),
(39, 6, '0000-00-00 00:00:00', '0000-00-00 00:00:00'),
(39, 7, '0000-00-00 00:00:00', '0000-00-00 00:00:00'),
(39, 9, '0000-00-00 00:00:00', '0000-00-00 00:00:00'),
(39, 11, '0000-00-00 00:00:00', '0000-00-00 00:00:00'),
(39, 12, '0000-00-00 00:00:00', '0000-00-00 00:00:00'),
(39, 13, '0000-00-00 00:00:00', '0000-00-00 00:00:00'),
(39, 21, '0000-00-00 00:00:00', '0000-00-00 00:00:00'),
(39, 26, '0000-00-00 00:00:00', '0000-00-00 00:00:00'),
(39, 27, '0000-00-00 00:00:00', '0000-00-00 00:00:00'),
(39, 28, '0000-00-00 00:00:00', '0000-00-00 00:00:00'),
(39, 30, '0000-00-00 00:00:00', '0000-00-00 00:00:00'),
(39, 31, '0000-00-00 00:00:00', '0000-00-00 00:00:00'),
(39, 33, '0000-00-00 00:00:00', '0000-00-00 00:00:00'),
(39, 43, '0000-00-00 00:00:00', '0000-00-00 00:00:00'),
(39, 44, '0000-00-00 00:00:00', '0000-00-00 00:00:00'),
(39, 47, '0000-00-00 00:00:00', '0000-00-00 00:00:00'),
(40, 1, '0000-00-00 00:00:00', '0000-00-00 00:00:00'),
(40, 4, '0000-00-00 00:00:00', '0000-00-00 00:00:00'),
(40, 7, '0000-00-00 00:00:00', '0000-00-00 00:00:00'),
(40, 9, '0000-00-00 00:00:00', '0000-00-00 00:00:00'),
(40, 11, '0000-00-00 00:00:00', '0000-00-00 00:00:00'),
(40, 12, '0000-00-00 00:00:00', '0000-00-00 00:00:00'),
(40, 13, '0000-00-00 00:00:00', '0000-00-00 00:00:00'),
(40, 25, '0000-00-00 00:00:00', '0000-00-00 00:00:00'),
(40, 26, '0000-00-00 00:00:00', '0000-00-00 00:00:00'),
(40, 27, '0000-00-00 00:00:00', '0000-00-00 00:00:00'),
(40, 28, '0000-00-00 00:00:00', '0000-00-00 00:00:00'),
(40, 30, '0000-00-00 00:00:00', '0000-00-00 00:00:00'),
(40, 31, '0000-00-00 00:00:00', '0000-00-00 00:00:00'),
(40, 32, '0000-00-00 00:00:00', '0000-00-00 00:00:00'),
(40, 33, '0000-00-00 00:00:00', '0000-00-00 00:00:00'),
(40, 36, '0000-00-00 00:00:00', '0000-00-00 00:00:00'),
(40, 44, '0000-00-00 00:00:00', '0000-00-00 00:00:00'),
(40, 47, '0000-00-00 00:00:00', '0000-00-00 00:00:00'),
(41, 1, '0000-00-00 00:00:00', '0000-00-00 00:00:00'),
(41, 4, '0000-00-00 00:00:00', '0000-00-00 00:00:00'),
(41, 5, '0000-00-00 00:00:00', '0000-00-00 00:00:00'),
(41, 7, '0000-00-00 00:00:00', '0000-00-00 00:00:00'),
(41, 10, '0000-00-00 00:00:00', '0000-00-00 00:00:00'),
(41, 11, '0000-00-00 00:00:00', '0000-00-00 00:00:00'),
(41, 13, '0000-00-00 00:00:00', '0000-00-00 00:00:00'),
(41, 15, '0000-00-00 00:00:00', '0000-00-00 00:00:00'),
(41, 25, '0000-00-00 00:00:00', '0000-00-00 00:00:00'),
(41, 26, '0000-00-00 00:00:00', '0000-00-00 00:00:00'),
(41, 28, '0000-00-00 00:00:00', '0000-00-00 00:00:00'),
(41, 29, '0000-00-00 00:00:00', '0000-00-00 00:00:00'),
(41, 30, '0000-00-00 00:00:00', '0000-00-00 00:00:00'),
(37, 1, '0000-00-00 00:00:00', '0000-00-00 00:00:00'),
(37, 6, '0000-00-00 00:00:00', '0000-00-00 00:00:00'),
(37, 7, '0000-00-00 00:00:00', '0000-00-00 00:00:00'),
(37, 9, '0000-00-00 00:00:00', '0000-00-00 00:00:00'),
(37, 12, '0000-00-00 00:00:00', '0000-00-00 00:00:00'),
(37, 14, '0000-00-00 00:00:00', '0000-00-00 00:00:00'),
(37, 27, '0000-00-00 00:00:00', '0000-00-00 00:00:00'),
(33, 2, '0000-00-00 00:00:00', '0000-00-00 00:00:00'),
(33, 3, '0000-00-00 00:00:00', '0000-00-00 00:00:00'),
(33, 7, '0000-00-00 00:00:00', '0000-00-00 00:00:00'),
(33, 10, '0000-00-00 00:00:00', '0000-00-00 00:00:00'),
(33, 12, '0000-00-00 00:00:00', '0000-00-00 00:00:00'),
(33, 14, '0000-00-00 00:00:00', '0000-00-00 00:00:00'),
(33, 18, '0000-00-00 00:00:00', '0000-00-00 00:00:00'),
(33, 21, '0000-00-00 00:00:00', '0000-00-00 00:00:00'),
(33, 28, '0000-00-00 00:00:00', '0000-00-00 00:00:00'),
(33, 36, '0000-00-00 00:00:00', '0000-00-00 00:00:00'),
(33, 46, '0000-00-00 00:00:00', '0000-00-00 00:00:00'),
(33, 51, '0000-00-00 00:00:00', '0000-00-00 00:00:00'),
(32, 23, '0000-00-00 00:00:00', '0000-00-00 00:00:00'),
(32, 24, '0000-00-00 00:00:00', '0000-00-00 00:00:00'),
(32, 26, '0000-00-00 00:00:00', '0000-00-00 00:00:00'),
(32, 51, '0000-00-00 00:00:00', '0000-00-00 00:00:00'),
(30, 6, '0000-00-00 00:00:00', '0000-00-00 00:00:00'),
(30, 37, '0000-00-00 00:00:00', '0000-00-00 00:00:00'),
(30, 41, '0000-00-00 00:00:00', '0000-00-00 00:00:00'),
(30, 46, '0000-00-00 00:00:00', '0000-00-00 00:00:00'),
(29, 10, '0000-00-00 00:00:00', '0000-00-00 00:00:00'),
(29, 30, '0000-00-00 00:00:00', '0000-00-00 00:00:00'),
(28, 12, '0000-00-00 00:00:00', '0000-00-00 00:00:00'),
(28, 17, '0000-00-00 00:00:00', '0000-00-00 00:00:00'),
(27, 2, '0000-00-00 00:00:00', '0000-00-00 00:00:00'),
(27, 7, '0000-00-00 00:00:00', '0000-00-00 00:00:00'),
(27, 18, '0000-00-00 00:00:00', '0000-00-00 00:00:00'),
(26, 10, '0000-00-00 00:00:00', '0000-00-00 00:00:00'),
(26, 28, '0000-00-00 00:00:00', '0000-00-00 00:00:00'),
(42, 2, '0000-00-00 00:00:00', '0000-00-00 00:00:00'),
(42, 4, '0000-00-00 00:00:00', '0000-00-00 00:00:00'),
(42, 11, '0000-00-00 00:00:00', '0000-00-00 00:00:00'),
(42, 13, '0000-00-00 00:00:00', '0000-00-00 00:00:00'),
(42, 15, '0000-00-00 00:00:00', '0000-00-00 00:00:00'),
(42, 18, '0000-00-00 00:00:00', '0000-00-00 00:00:00'),
(42, 26, '0000-00-00 00:00:00', '0000-00-00 00:00:00'),
(42, 29, '0000-00-00 00:00:00', '0000-00-00 00:00:00'),
(45, 10, '0000-00-00 00:00:00', '0000-00-00 00:00:00'),
(45, 13, '0000-00-00 00:00:00', '0000-00-00 00:00:00'),
(45, 28, '0000-00-00 00:00:00', '0000-00-00 00:00:00'),
(46, 1, '0000-00-00 00:00:00', '0000-00-00 00:00:00'),
(46, 5, '0000-00-00 00:00:00', '0000-00-00 00:00:00'),
(46, 6, '0000-00-00 00:00:00', '0000-00-00 00:00:00'),
(46, 7, '0000-00-00 00:00:00', '0000-00-00 00:00:00'),
(46, 9, '0000-00-00 00:00:00', '0000-00-00 00:00:00'),
(46, 11, '0000-00-00 00:00:00', '0000-00-00 00:00:00'),
(46, 12, '0000-00-00 00:00:00', '0000-00-00 00:00:00'),
(46, 25, '0000-00-00 00:00:00', '0000-00-00 00:00:00'),
(46, 26, '0000-00-00 00:00:00', '0000-00-00 00:00:00'),
(46, 27, '0000-00-00 00:00:00', '0000-00-00 00:00:00'),
(46, 31, '0000-00-00 00:00:00', '0000-00-00 00:00:00'),
(46, 33, '0000-00-00 00:00:00', '0000-00-00 00:00:00'),
(46, 36, '0000-00-00 00:00:00', '0000-00-00 00:00:00'),
(46, 45, '0000-00-00 00:00:00', '0000-00-00 00:00:00'),
(46, 46, '0000-00-00 00:00:00', '0000-00-00 00:00:00'),
(47, 42, '0000-00-00 00:00:00', '0000-00-00 00:00:00'),
(47, 43, '0000-00-00 00:00:00', '0000-00-00 00:00:00'),
(47, 44, '0000-00-00 00:00:00', '0000-00-00 00:00:00'),
(47, 45, '0000-00-00 00:00:00', '0000-00-00 00:00:00'),
(47, 46, '0000-00-00 00:00:00', '0000-00-00 00:00:00'),
(47, 47, '0000-00-00 00:00:00', '0000-00-00 00:00:00'),
(47, 48, '0000-00-00 00:00:00', '0000-00-00 00:00:00'),
(47, 49, '0000-00-00 00:00:00', '0000-00-00 00:00:00'),
(47, 50, '0000-00-00 00:00:00', '0000-00-00 00:00:00'),
(47, 51, '0000-00-00 00:00:00', '0000-00-00 00:00:00'),
(48, 4, '0000-00-00 00:00:00', '0000-00-00 00:00:00'),
(48, 11, '0000-00-00 00:00:00', '0000-00-00 00:00:00'),
(48, 13, '0000-00-00 00:00:00', '0000-00-00 00:00:00'),
(49, 2, '0000-00-00 00:00:00', '0000-00-00 00:00:00'),
(49, 9, '0000-00-00 00:00:00', '0000-00-00 00:00:00'),
(49, 10, '0000-00-00 00:00:00', '0000-00-00 00:00:00'),
(49, 23, '0000-00-00 00:00:00', '0000-00-00 00:00:00'),
(49, 24, '0000-00-00 00:00:00', '0000-00-00 00:00:00'),
(49, 27, '0000-00-00 00:00:00', '0000-00-00 00:00:00'),
(49, 31, '0000-00-00 00:00:00', '0000-00-00 00:00:00'),
(49, 36, '0000-00-00 00:00:00', '0000-00-00 00:00:00'),
(49, 38, '0000-00-00 00:00:00', '0000-00-00 00:00:00'),
(49, 44, '0000-00-00 00:00:00', '0000-00-00 00:00:00'),
(50, 7, '0000-00-00 00:00:00', '0000-00-00 00:00:00'),
(50, 18, '0000-00-00 00:00:00', '0000-00-00 00:00:00'),
(52, 1, '0000-00-00 00:00:00', '0000-00-00 00:00:00'),
(52, 6, '0000-00-00 00:00:00', '0000-00-00 00:00:00'),
(52, 9, '0000-00-00 00:00:00', '0000-00-00 00:00:00'),
(52, 14, '0000-00-00 00:00:00', '0000-00-00 00:00:00'),
(52, 27, '0000-00-00 00:00:00', '0000-00-00 00:00:00'),
(52, 30, '0000-00-00 00:00:00', '0000-00-00 00:00:00'),
(52, 39, '0000-00-00 00:00:00', '0000-00-00 00:00:00'),
(52, 40, '0000-00-00 00:00:00', '0000-00-00 00:00:00'),
(52, 51, '0000-00-00 00:00:00', '0000-00-00 00:00:00'),
(53, 4, '0000-00-00 00:00:00', '0000-00-00 00:00:00'),
(53, 7, '0000-00-00 00:00:00', '0000-00-00 00:00:00'),
(53, 10, '0000-00-00 00:00:00', '0000-00-00 00:00:00'),
(53, 12, '0000-00-00 00:00:00', '0000-00-00 00:00:00'),
(53, 13, '0000-00-00 00:00:00', '0000-00-00 00:00:00'),
(53, 15, '0000-00-00 00:00:00', '0000-00-00 00:00:00'),
(53, 21, '0000-00-00 00:00:00', '0000-00-00 00:00:00'),
(53, 30, '0000-00-00 00:00:00', '0000-00-00 00:00:00'),
(53, 31, '0000-00-00 00:00:00', '0000-00-00 00:00:00'),
(53, 32, '0000-00-00 00:00:00', '0000-00-00 00:00:00'),
(53, 36, '0000-00-00 00:00:00', '0000-00-00 00:00:00'),
(53, 37, '0000-00-00 00:00:00', '0000-00-00 00:00:00'),
(53, 38, '0000-00-00 00:00:00', '0000-00-00 00:00:00'),
(53, 39, '0000-00-00 00:00:00', '0000-00-00 00:00:00'),
(53, 40, '0000-00-00 00:00:00', '0000-00-00 00:00:00'),
(53, 41, '0000-00-00 00:00:00', '0000-00-00 00:00:00'),
(53, 42, '0000-00-00 00:00:00', '0000-00-00 00:00:00'),
(54, 11, '0000-00-00 00:00:00', '0000-00-00 00:00:00'),
(54, 26, '0000-00-00 00:00:00', '0000-00-00 00:00:00'),
(54, 33, '0000-00-00 00:00:00', '0000-00-00 00:00:00'),
(55, 2, '0000-00-00 00:00:00', '0000-00-00 00:00:00'),
(55, 4, '0000-00-00 00:00:00', '0000-00-00 00:00:00'),
(55, 11, '0000-00-00 00:00:00', '0000-00-00 00:00:00'),
(55, 13, '0000-00-00 00:00:00', '0000-00-00 00:00:00'),
(55, 26, '0000-00-00 00:00:00', '0000-00-00 00:00:00'),
(55, 31, '0000-00-00 00:00:00', '0000-00-00 00:00:00'),
(55, 36, '0000-00-00 00:00:00', '0000-00-00 00:00:00'),
(55, 41, '0000-00-00 00:00:00', '0000-00-00 00:00:00'),
(56, 2, '0000-00-00 00:00:00', '0000-00-00 00:00:00'),
(56, 4, '0000-00-00 00:00:00', '0000-00-00 00:00:00'),
(56, 5, '0000-00-00 00:00:00', '0000-00-00 00:00:00'),
(56, 7, '0000-00-00 00:00:00', '0000-00-00 00:00:00'),
(56, 10, '0000-00-00 00:00:00', '0000-00-00 00:00:00'),
(56, 11, '0000-00-00 00:00:00', '0000-00-00 00:00:00'),
(56, 14, '0000-00-00 00:00:00', '0000-00-00 00:00:00'),
(56, 16, '0000-00-00 00:00:00', '0000-00-00 00:00:00'),
(56, 18, '0000-00-00 00:00:00', '0000-00-00 00:00:00'),
(56, 19, '0000-00-00 00:00:00', '0000-00-00 00:00:00'),
(56, 20, '0000-00-00 00:00:00', '0000-00-00 00:00:00'),
(56, 21, '0000-00-00 00:00:00', '0000-00-00 00:00:00'),
(56, 22, '0000-00-00 00:00:00', '0000-00-00 00:00:00'),
(56, 23, '0000-00-00 00:00:00', '0000-00-00 00:00:00'),
(56, 25, '0000-00-00 00:00:00', '0000-00-00 00:00:00'),
(56, 26, '0000-00-00 00:00:00', '0000-00-00 00:00:00'),
(56, 27, '0000-00-00 00:00:00', '0000-00-00 00:00:00'),
(56, 31, '0000-00-00 00:00:00', '0000-00-00 00:00:00'),
(56, 33, '0000-00-00 00:00:00', '0000-00-00 00:00:00'),
(56, 34, '0000-00-00 00:00:00', '0000-00-00 00:00:00'),
(56, 36, '0000-00-00 00:00:00', '0000-00-00 00:00:00'),
(56, 43, '0000-00-00 00:00:00', '0000-00-00 00:00:00'),
(56, 45, '0000-00-00 00:00:00', '0000-00-00 00:00:00'),
(56, 46, '0000-00-00 00:00:00', '0000-00-00 00:00:00'),
(56, 47, '0000-00-00 00:00:00', '0000-00-00 00:00:00'),
(56, 48, '0000-00-00 00:00:00', '0000-00-00 00:00:00'),
(56, 49, '0000-00-00 00:00:00', '0000-00-00 00:00:00'),
(56, 50, '0000-00-00 00:00:00', '0000-00-00 00:00:00'),
(56, 51, '0000-00-00 00:00:00', '0000-00-00 00:00:00'),
(57, 4, '0000-00-00 00:00:00', '0000-00-00 00:00:00'),
(57, 7, '0000-00-00 00:00:00', '0000-00-00 00:00:00'),
(57, 10, '0000-00-00 00:00:00', '0000-00-00 00:00:00'),
(57, 13, '0000-00-00 00:00:00', '0000-00-00 00:00:00'),
(57, 14, '0000-00-00 00:00:00', '0000-00-00 00:00:00'),
(57, 16, '0000-00-00 00:00:00', '0000-00-00 00:00:00'),
(57, 17, '0000-00-00 00:00:00', '0000-00-00 00:00:00'),
(57, 18, '0000-00-00 00:00:00', '0000-00-00 00:00:00'),
(57, 23, '0000-00-00 00:00:00', '0000-00-00 00:00:00'),
(57, 25, '0000-00-00 00:00:00', '0000-00-00 00:00:00'),
(57, 26, '0000-00-00 00:00:00', '0000-00-00 00:00:00'),
(57, 28, '0000-00-00 00:00:00', '0000-00-00 00:00:00'),
(57, 29, '0000-00-00 00:00:00', '0000-00-00 00:00:00'),
(57, 31, '0000-00-00 00:00:00', '0000-00-00 00:00:00'),
(57, 33, '0000-00-00 00:00:00', '0000-00-00 00:00:00'),
(57, 43, '0000-00-00 00:00:00', '0000-00-00 00:00:00'),
(57, 46, '0000-00-00 00:00:00', '0000-00-00 00:00:00'),
(57, 47, '0000-00-00 00:00:00', '0000-00-00 00:00:00'),
(57, 51, '0000-00-00 00:00:00', '0000-00-00 00:00:00'),
(58, 3, '0000-00-00 00:00:00', '0000-00-00 00:00:00'),
(58, 4, '0000-00-00 00:00:00', '0000-00-00 00:00:00'),
(58, 7, '0000-00-00 00:00:00', '0000-00-00 00:00:00'),
(58, 9, '0000-00-00 00:00:00', '0000-00-00 00:00:00'),
(58, 10, '0000-00-00 00:00:00', '0000-00-00 00:00:00'),
(58, 11, '0000-00-00 00:00:00', '0000-00-00 00:00:00'),
(58, 13, '0000-00-00 00:00:00', '0000-00-00 00:00:00'),
(58, 17, '0000-00-00 00:00:00', '0000-00-00 00:00:00'),
(58, 18, '0000-00-00 00:00:00', '0000-00-00 00:00:00'),
(58, 19, '0000-00-00 00:00:00', '0000-00-00 00:00:00'),
(58, 25, '0000-00-00 00:00:00', '0000-00-00 00:00:00'),
(58, 26, '0000-00-00 00:00:00', '0000-00-00 00:00:00'),
(58, 27, '0000-00-00 00:00:00', '0000-00-00 00:00:00'),
(58, 29, '0000-00-00 00:00:00', '0000-00-00 00:00:00'),
(58, 30, '0000-00-00 00:00:00', '0000-00-00 00:00:00'),
(58, 31, '0000-00-00 00:00:00', '0000-00-00 00:00:00'),
(58, 33, '0000-00-00 00:00:00', '0000-00-00 00:00:00'),
(58, 36, '0000-00-00 00:00:00', '0000-00-00 00:00:00'),
(59, 11, '0000-00-00 00:00:00', '0000-00-00 00:00:00'),
(59, 18, '0000-00-00 00:00:00', '0000-00-00 00:00:00'),
(59, 25, '0000-00-00 00:00:00', '0000-00-00 00:00:00'),
(60, 1, '0000-00-00 00:00:00', '0000-00-00 00:00:00'),
(60, 3, '0000-00-00 00:00:00', '0000-00-00 00:00:00'),
(60, 4, '0000-00-00 00:00:00', '0000-00-00 00:00:00'),
(60, 7, '0000-00-00 00:00:00', '0000-00-00 00:00:00'),
(60, 9, '0000-00-00 00:00:00', '0000-00-00 00:00:00'),
(60, 10, '0000-00-00 00:00:00', '0000-00-00 00:00:00'),
(60, 11, '0000-00-00 00:00:00', '0000-00-00 00:00:00'),
(60, 12, '0000-00-00 00:00:00', '0000-00-00 00:00:00'),
(60, 13, '0000-00-00 00:00:00', '0000-00-00 00:00:00'),
(60, 18, '0000-00-00 00:00:00', '0000-00-00 00:00:00'),
(60, 25, '0000-00-00 00:00:00', '0000-00-00 00:00:00'),
(60, 28, '0000-00-00 00:00:00', '0000-00-00 00:00:00'),
(60, 29, '0000-00-00 00:00:00', '0000-00-00 00:00:00'),
(60, 30, '0000-00-00 00:00:00', '0000-00-00 00:00:00'),
(60, 31, '0000-00-00 00:00:00', '0000-00-00 00:00:00'),
(60, 36, '0000-00-00 00:00:00', '0000-00-00 00:00:00'),
(60, 39, '0000-00-00 00:00:00', '0000-00-00 00:00:00'),
(60, 40, '0000-00-00 00:00:00', '0000-00-00 00:00:00'),
(63, 10, '0000-00-00 00:00:00', '0000-00-00 00:00:00'),
(63, 18, '0000-00-00 00:00:00', '0000-00-00 00:00:00'),
(63, 23, '0000-00-00 00:00:00', '0000-00-00 00:00:00'),
(63, 24, '0000-00-00 00:00:00', '0000-00-00 00:00:00'),
(63, 28, '0000-00-00 00:00:00', '0000-00-00 00:00:00'),
(63, 38, '0000-00-00 00:00:00', '0000-00-00 00:00:00'),
(64, 11, '0000-00-00 00:00:00', '0000-00-00 00:00:00'),
(64, 12, '0000-00-00 00:00:00', '0000-00-00 00:00:00'),
(64, 23, '0000-00-00 00:00:00', '0000-00-00 00:00:00'),
(64, 31, '0000-00-00 00:00:00', '0000-00-00 00:00:00'),
(64, 36, '0000-00-00 00:00:00', '0000-00-00 00:00:00'),
(67, 7, '0000-00-00 00:00:00', '0000-00-00 00:00:00'),
(67, 11, '0000-00-00 00:00:00', '0000-00-00 00:00:00'),
(67, 15, '0000-00-00 00:00:00', '0000-00-00 00:00:00'),
(67, 23, '0000-00-00 00:00:00', '0000-00-00 00:00:00'),
(67, 24, '0000-00-00 00:00:00', '0000-00-00 00:00:00'),
(67, 25, '0000-00-00 00:00:00', '0000-00-00 00:00:00'),
(67, 29, '0000-00-00 00:00:00', '0000-00-00 00:00:00'),
(67, 31, '0000-00-00 00:00:00', '0000-00-00 00:00:00'),
(67, 39, '0000-00-00 00:00:00', '0000-00-00 00:00:00'),
(67, 40, '0000-00-00 00:00:00', '0000-00-00 00:00:00'),
(68, 7, '0000-00-00 00:00:00', '0000-00-00 00:00:00'),
(68, 11, '0000-00-00 00:00:00', '0000-00-00 00:00:00'),
(68, 26, '0000-00-00 00:00:00', '0000-00-00 00:00:00'),
(69, 15, '0000-00-00 00:00:00', '0000-00-00 00:00:00'),
(69, 55, '0000-00-00 00:00:00', '0000-00-00 00:00:00'),
(69, 56, '0000-00-00 00:00:00', '0000-00-00 00:00:00'),
(71, 11, '0000-00-00 00:00:00', '0000-00-00 00:00:00'),
(71, 18, '0000-00-00 00:00:00', '0000-00-00 00:00:00'),
(71, 26, '0000-00-00 00:00:00', '0000-00-00 00:00:00'),
(74, 4, '0000-00-00 00:00:00', '0000-00-00 00:00:00'),
(74, 7, '0000-00-00 00:00:00', '0000-00-00 00:00:00'),
(74, 9, '0000-00-00 00:00:00', '0000-00-00 00:00:00'),
(74, 13, '0000-00-00 00:00:00', '0000-00-00 00:00:00'),
(74, 18, '0000-00-00 00:00:00', '0000-00-00 00:00:00'),
(74, 25, '0000-00-00 00:00:00', '0000-00-00 00:00:00'),
(74, 33, '0000-00-00 00:00:00', '0000-00-00 00:00:00'),
(75, 1, '0000-00-00 00:00:00', '0000-00-00 00:00:00'),
(75, 12, '0000-00-00 00:00:00', '0000-00-00 00:00:00'),
(75, 13, '0000-00-00 00:00:00', '0000-00-00 00:00:00'),
(76, 7, '0000-00-00 00:00:00', '0000-00-00 00:00:00'),
(76, 10, '0000-00-00 00:00:00', '0000-00-00 00:00:00'),
(76, 12, '0000-00-00 00:00:00', '0000-00-00 00:00:00'),
(76, 13, '0000-00-00 00:00:00', '0000-00-00 00:00:00'),
(76, 18, '0000-00-00 00:00:00', '0000-00-00 00:00:00'),
(76, 25, '0000-00-00 00:00:00', '0000-00-00 00:00:00'),
(77, 3, '0000-00-00 00:00:00', '0000-00-00 00:00:00'),
(77, 10, '0000-00-00 00:00:00', '0000-00-00 00:00:00'),
(77, 17, '0000-00-00 00:00:00', '0000-00-00 00:00:00'),
(77, 18, '0000-00-00 00:00:00', '0000-00-00 00:00:00'),
(77, 33, '0000-00-00 00:00:00', '0000-00-00 00:00:00'),
(78, 7, '0000-00-00 00:00:00', '0000-00-00 00:00:00'),
(82, 9, '0000-00-00 00:00:00', '0000-00-00 00:00:00'),
(82, 11, '0000-00-00 00:00:00', '0000-00-00 00:00:00'),
(82, 12, '0000-00-00 00:00:00', '0000-00-00 00:00:00'),
(82, 13, '0000-00-00 00:00:00', '0000-00-00 00:00:00'),
(82, 18, '0000-00-00 00:00:00', '0000-00-00 00:00:00'),
(82, 23, '0000-00-00 00:00:00', '0000-00-00 00:00:00'),
(82, 25, '0000-00-00 00:00:00', '0000-00-00 00:00:00'),
(82, 27, '0000-00-00 00:00:00', '0000-00-00 00:00:00'),
(82, 30, '0000-00-00 00:00:00', '0000-00-00 00:00:00'),
(82, 31, '0000-00-00 00:00:00', '0000-00-00 00:00:00'),
(82, 33, '0000-00-00 00:00:00', '0000-00-00 00:00:00'),
(82, 36, '0000-00-00 00:00:00', '0000-00-00 00:00:00'),
(82, 44, '0000-00-00 00:00:00', '0000-00-00 00:00:00'),
(83, 7, '0000-00-00 00:00:00', '0000-00-00 00:00:00'),
(83, 11, '0000-00-00 00:00:00', '0000-00-00 00:00:00'),
(83, 17, '0000-00-00 00:00:00', '0000-00-00 00:00:00'),
(83, 26, '0000-00-00 00:00:00', '0000-00-00 00:00:00'),
(84, 3, '0000-00-00 00:00:00', '0000-00-00 00:00:00'),
(84, 4, '0000-00-00 00:00:00', '0000-00-00 00:00:00'),
(84, 11, '0000-00-00 00:00:00', '0000-00-00 00:00:00'),
(84, 13, '0000-00-00 00:00:00', '0000-00-00 00:00:00'),
(84, 16, '0000-00-00 00:00:00', '0000-00-00 00:00:00'),
(84, 25, '0000-00-00 00:00:00', '0000-00-00 00:00:00'),
(84, 26, '0000-00-00 00:00:00', '0000-00-00 00:00:00'),
(85, 2, '0000-00-00 00:00:00', '0000-00-00 00:00:00'),
(85, 5, '0000-00-00 00:00:00', '0000-00-00 00:00:00'),
(85, 7, '0000-00-00 00:00:00', '0000-00-00 00:00:00'),
(85, 11, '0000-00-00 00:00:00', '0000-00-00 00:00:00'),
(85, 17, '0000-00-00 00:00:00', '0000-00-00 00:00:00'),
(85, 26, '0000-00-00 00:00:00', '0000-00-00 00:00:00'),
(85, 29, '0000-00-00 00:00:00', '0000-00-00 00:00:00'),
(85, 30, '0000-00-00 00:00:00', '0000-00-00 00:00:00'),
(86, 6, '0000-00-00 00:00:00', '0000-00-00 00:00:00'),
(86, 9, '0000-00-00 00:00:00', '0000-00-00 00:00:00'),
(86, 15, '0000-00-00 00:00:00', '0000-00-00 00:00:00'),
(86, 23, '0000-00-00 00:00:00', '0000-00-00 00:00:00'),
(86, 24, '0000-00-00 00:00:00', '0000-00-00 00:00:00'),
(86, 25, '0000-00-00 00:00:00', '0000-00-00 00:00:00'),
(86, 26, '0000-00-00 00:00:00', '0000-00-00 00:00:00'),
(86, 27, '0000-00-00 00:00:00', '0000-00-00 00:00:00'),
(86, 31, '0000-00-00 00:00:00', '0000-00-00 00:00:00'),
(86, 33, '0000-00-00 00:00:00', '0000-00-00 00:00:00'),
(86, 38, '0000-00-00 00:00:00', '0000-00-00 00:00:00'),
(86, 46, '0000-00-00 00:00:00', '0000-00-00 00:00:00'),
(86, 51, '0000-00-00 00:00:00', '0000-00-00 00:00:00'),
(87, 28, '0000-00-00 00:00:00', '0000-00-00 00:00:00'),
(87, 37, '0000-00-00 00:00:00', '0000-00-00 00:00:00'),
(87, 38, '0000-00-00 00:00:00', '0000-00-00 00:00:00'),
(87, 39, '0000-00-00 00:00:00', '0000-00-00 00:00:00'),
(87, 40, '0000-00-00 00:00:00', '0000-00-00 00:00:00'),
(88, 1, '0000-00-00 00:00:00', '0000-00-00 00:00:00'),
(88, 7, '0000-00-00 00:00:00', '0000-00-00 00:00:00'),
(88, 9, '0000-00-00 00:00:00', '0000-00-00 00:00:00'),
(88, 12, '0000-00-00 00:00:00', '0000-00-00 00:00:00'),
(88, 15, '0000-00-00 00:00:00', '0000-00-00 00:00:00'),
(88, 25, '0000-00-00 00:00:00', '0000-00-00 00:00:00'),
(88, 27, '0000-00-00 00:00:00', '0000-00-00 00:00:00'),
(88, 33, '0000-00-00 00:00:00', '0000-00-00 00:00:00'),
(89, 1, '0000-00-00 00:00:00', '0000-00-00 00:00:00'),
(89, 6, '0000-00-00 00:00:00', '0000-00-00 00:00:00'),
(89, 7, '0000-00-00 00:00:00', '0000-00-00 00:00:00'),
(89, 9, '0000-00-00 00:00:00', '0000-00-00 00:00:00'),
(89, 12, '0000-00-00 00:00:00', '0000-00-00 00:00:00'),
(89, 27, '0000-00-00 00:00:00', '0000-00-00 00:00:00'),
(89, 31, '0000-00-00 00:00:00', '0000-00-00 00:00:00'),
(89, 41, '0000-00-00 00:00:00', '0000-00-00 00:00:00'),
(90, 1, '0000-00-00 00:00:00', '0000-00-00 00:00:00'),
(90, 7, '0000-00-00 00:00:00', '0000-00-00 00:00:00'),
(90, 10, '0000-00-00 00:00:00', '0000-00-00 00:00:00'),
(90, 13, '0000-00-00 00:00:00', '0000-00-00 00:00:00'),
(90, 16, '0000-00-00 00:00:00', '0000-00-00 00:00:00'),
(90, 17, '0000-00-00 00:00:00', '0000-00-00 00:00:00'),
(90, 22, '0000-00-00 00:00:00', '0000-00-00 00:00:00'),
(90, 23, '0000-00-00 00:00:00', '0000-00-00 00:00:00'),
(90, 28, '0000-00-00 00:00:00', '0000-00-00 00:00:00'),
(90, 30, '0000-00-00 00:00:00', '0000-00-00 00:00:00'),
(90, 31, '0000-00-00 00:00:00', '0000-00-00 00:00:00'),
(96, 30, '0000-00-00 00:00:00', '0000-00-00 00:00:00'),
(103, 2, '0000-00-00 00:00:00', '0000-00-00 00:00:00'),
(103, 15, '0000-00-00 00:00:00', '0000-00-00 00:00:00'),
(103, 39, '0000-00-00 00:00:00', '0000-00-00 00:00:00'),
(103, 40, '0000-00-00 00:00:00', '0000-00-00 00:00:00'),
(102, 22, '0000-00-00 00:00:00', '0000-00-00 00:00:00'),
(104, 18, '0000-00-00 00:00:00', '0000-00-00 00:00:00'),
(104, 26, '0000-00-00 00:00:00', '0000-00-00 00:00:00'),
(105, 1, '0000-00-00 00:00:00', '0000-00-00 00:00:00'),
(105, 5, '0000-00-00 00:00:00', '0000-00-00 00:00:00'),
(105, 7, '0000-00-00 00:00:00', '0000-00-00 00:00:00'),
(105, 9, '0000-00-00 00:00:00', '0000-00-00 00:00:00'),
(105, 10, '0000-00-00 00:00:00', '0000-00-00 00:00:00'),
(105, 12, '0000-00-00 00:00:00', '0000-00-00 00:00:00'),
(105, 13, '0000-00-00 00:00:00', '0000-00-00 00:00:00'),
(105, 18, '0000-00-00 00:00:00', '0000-00-00 00:00:00'),
(105, 25, '0000-00-00 00:00:00', '0000-00-00 00:00:00'),
(105, 26, '0000-00-00 00:00:00', '0000-00-00 00:00:00'),
(105, 28, '0000-00-00 00:00:00', '0000-00-00 00:00:00'),
(105, 29, '0000-00-00 00:00:00', '0000-00-00 00:00:00'),
(105, 30, '0000-00-00 00:00:00', '0000-00-00 00:00:00'),
(105, 33, '0000-00-00 00:00:00', '0000-00-00 00:00:00'),
(106, 1, '0000-00-00 00:00:00', '0000-00-00 00:00:00'),
(106, 4, '0000-00-00 00:00:00', '0000-00-00 00:00:00'),
(106, 6, '0000-00-00 00:00:00', '0000-00-00 00:00:00'),
(106, 7, '0000-00-00 00:00:00', '0000-00-00 00:00:00'),
(106, 9, '0000-00-00 00:00:00', '0000-00-00 00:00:00'),
(106, 10, '0000-00-00 00:00:00', '0000-00-00 00:00:00'),
(106, 12, '0000-00-00 00:00:00', '0000-00-00 00:00:00'),
(106, 13, '0000-00-00 00:00:00', '0000-00-00 00:00:00'),
(106, 14, '0000-00-00 00:00:00', '0000-00-00 00:00:00'),
(106, 15, '0000-00-00 00:00:00', '0000-00-00 00:00:00'),
(106, 18, '0000-00-00 00:00:00', '0000-00-00 00:00:00'),
(106, 19, '0000-00-00 00:00:00', '0000-00-00 00:00:00'),
(106, 21, '0000-00-00 00:00:00', '0000-00-00 00:00:00'),
(106, 27, '0000-00-00 00:00:00', '0000-00-00 00:00:00'),
(106, 39, '0000-00-00 00:00:00', '0000-00-00 00:00:00'),
(106, 40, '0000-00-00 00:00:00', '0000-00-00 00:00:00'),
(106, 41, '0000-00-00 00:00:00', '0000-00-00 00:00:00'),
(107, 2, '0000-00-00 00:00:00', '0000-00-00 00:00:00'),
(107, 7, '0000-00-00 00:00:00', '0000-00-00 00:00:00'),
(107, 10, '0000-00-00 00:00:00', '0000-00-00 00:00:00'),
(107, 11, '0000-00-00 00:00:00', '0000-00-00 00:00:00'),
(107, 15, '0000-00-00 00:00:00', '0000-00-00 00:00:00'),
(107, 19, '0000-00-00 00:00:00', '0000-00-00 00:00:00'),
(107, 26, '0000-00-00 00:00:00', '0000-00-00 00:00:00'),
(107, 31, '0000-00-00 00:00:00', '0000-00-00 00:00:00'),
(107, 36, '0000-00-00 00:00:00', '0000-00-00 00:00:00'),
(108, 9, '0000-00-00 00:00:00', '0000-00-00 00:00:00'),
(108, 11, '0000-00-00 00:00:00', '0000-00-00 00:00:00'),
(108, 27, '0000-00-00 00:00:00', '0000-00-00 00:00:00'),
(108, 28, '0000-00-00 00:00:00', '0000-00-00 00:00:00'),
(108, 30, '0000-00-00 00:00:00', '0000-00-00 00:00:00'),
(108, 41, '0000-00-00 00:00:00', '0000-00-00 00:00:00'),
(154, 42, '0000-00-00 00:00:00', '0000-00-00 00:00:00'),
(154, 43, '0000-00-00 00:00:00', '0000-00-00 00:00:00'),
(154, 44, '0000-00-00 00:00:00', '0000-00-00 00:00:00'),
(154, 45, '0000-00-00 00:00:00', '0000-00-00 00:00:00'),
(154, 46, '0000-00-00 00:00:00', '0000-00-00 00:00:00'),
(154, 47, '0000-00-00 00:00:00', '0000-00-00 00:00:00'),
(154, 48, '0000-00-00 00:00:00', '0000-00-00 00:00:00'),
(154, 49, '0000-00-00 00:00:00', '0000-00-00 00:00:00'),
(154, 50, '0000-00-00 00:00:00', '0000-00-00 00:00:00'),
(154, 51, '0000-00-00 00:00:00', '0000-00-00 00:00:00'),
(169, 3, '0000-00-00 00:00:00', '0000-00-00 00:00:00'),
(172, 37, '0000-00-00 00:00:00', '0000-00-00 00:00:00'),
(172, 38, '0000-00-00 00:00:00', '0000-00-00 00:00:00'),
(172, 39, '0000-00-00 00:00:00', '0000-00-00 00:00:00'),
(172, 40, '0000-00-00 00:00:00', '0000-00-00 00:00:00'),
(172, 41, '0000-00-00 00:00:00', '0000-00-00 00:00:00'),
(196, 10, '0000-00-00 00:00:00', '0000-00-00 00:00:00'),
(196, 30, '0000-00-00 00:00:00', '0000-00-00 00:00:00'),
(218, 2, '0000-00-00 00:00:00', '0000-00-00 00:00:00'),
(246, 30, '0000-00-00 00:00:00', '0000-00-00 00:00:00'),
(235, 30, '0000-00-00 00:00:00', '0000-00-00 00:00:00'),
(227, 2, '0000-00-00 00:00:00', '0000-00-00 00:00:00'),
(227, 10, '0000-00-00 00:00:00', '0000-00-00 00:00:00'),
(157, 2, '0000-00-00 00:00:00', '0000-00-00 00:00:00'),
(157, 4, '0000-00-00 00:00:00', '0000-00-00 00:00:00'),
(157, 18, '0000-00-00 00:00:00', '0000-00-00 00:00:00'),
(267, 1, '0000-00-00 00:00:00', '0000-00-00 00:00:00'),
(270, 37, '0000-00-00 00:00:00', '0000-00-00 00:00:00'),
(270, 38, '0000-00-00 00:00:00', '0000-00-00 00:00:00'),
(270, 39, '0000-00-00 00:00:00', '0000-00-00 00:00:00'),
(270, 40, '0000-00-00 00:00:00', '0000-00-00 00:00:00'),
(270, 41, '0000-00-00 00:00:00', '0000-00-00 00:00:00'),
(254, 6, '0000-00-00 00:00:00', '0000-00-00 00:00:00'),
(271, 10, '0000-00-00 00:00:00', '0000-00-00 00:00:00'),
(271, 28, '0000-00-00 00:00:00', '0000-00-00 00:00:00'),
(265, 10, '0000-00-00 00:00:00', '0000-00-00 00:00:00'),
(265, 18, '0000-00-00 00:00:00', '0000-00-00 00:00:00'),
(265, 39, '0000-00-00 00:00:00', '0000-00-00 00:00:00'),
(265, 40, '0000-00-00 00:00:00', '0000-00-00 00:00:00'),
(265, 42, '0000-00-00 00:00:00', '0000-00-00 00:00:00'),
(265, 43, '0000-00-00 00:00:00', '0000-00-00 00:00:00'),
(265, 44, '0000-00-00 00:00:00', '0000-00-00 00:00:00'),
(265, 45, '0000-00-00 00:00:00', '0000-00-00 00:00:00'),
(265, 46, '0000-00-00 00:00:00', '0000-00-00 00:00:00'),
(265, 47, '0000-00-00 00:00:00', '0000-00-00 00:00:00'),
(265, 48, '0000-00-00 00:00:00', '0000-00-00 00:00:00'),
(265, 49, '0000-00-00 00:00:00', '0000-00-00 00:00:00'),
(265, 50, '0000-00-00 00:00:00', '0000-00-00 00:00:00'),
(223, 2, '0000-00-00 00:00:00', '0000-00-00 00:00:00'),
(223, 23, '0000-00-00 00:00:00', '0000-00-00 00:00:00'),
(223, 30, '0000-00-00 00:00:00', '0000-00-00 00:00:00'),
(276, 2, '0000-00-00 00:00:00', '0000-00-00 00:00:00'),
(259, 1, '0000-00-00 00:00:00', '0000-00-00 00:00:00'),
(259, 6, '0000-00-00 00:00:00', '0000-00-00 00:00:00'),
(259, 12, '0000-00-00 00:00:00', '0000-00-00 00:00:00'),
(259, 39, '0000-00-00 00:00:00', '0000-00-00 00:00:00'),
(259, 40, '0000-00-00 00:00:00', '0000-00-00 00:00:00'),
(281, 1, '0000-00-00 00:00:00', '0000-00-00 00:00:00'),
(281, 2, '0000-00-00 00:00:00', '0000-00-00 00:00:00'),
(281, 4, '0000-00-00 00:00:00', '0000-00-00 00:00:00'),
(281, 7, '0000-00-00 00:00:00', '0000-00-00 00:00:00'),
(281, 10, '0000-00-00 00:00:00', '0000-00-00 00:00:00'),
(281, 11, '0000-00-00 00:00:00', '0000-00-00 00:00:00'),
(281, 13, '0000-00-00 00:00:00', '0000-00-00 00:00:00'),
(281, 16, '0000-00-00 00:00:00', '0000-00-00 00:00:00'),
(281, 20, '0000-00-00 00:00:00', '0000-00-00 00:00:00'),
(281, 25, '0000-00-00 00:00:00', '0000-00-00 00:00:00'),
(281, 26, '0000-00-00 00:00:00', '0000-00-00 00:00:00'),
(281, 28, '0000-00-00 00:00:00', '0000-00-00 00:00:00'),
(281, 30, '0000-00-00 00:00:00', '0000-00-00 00:00:00'),
(281, 33, '0000-00-00 00:00:00', '0000-00-00 00:00:00'),
(18, 2, '0000-00-00 00:00:00', '0000-00-00 00:00:00'),
(18, 4, '0000-00-00 00:00:00', '0000-00-00 00:00:00'),
(18, 7, '0000-00-00 00:00:00', '0000-00-00 00:00:00'),
(18, 13, '0000-00-00 00:00:00', '0000-00-00 00:00:00'),
(18, 15, '0000-00-00 00:00:00', '0000-00-00 00:00:00'),
(18, 17, '0000-00-00 00:00:00', '0000-00-00 00:00:00'),
(18, 18, '0000-00-00 00:00:00', '0000-00-00 00:00:00'),
(18, 23, '0000-00-00 00:00:00', '0000-00-00 00:00:00'),
(18, 24, '0000-00-00 00:00:00', '0000-00-00 00:00:00'),
(18, 25, '0000-00-00 00:00:00', '0000-00-00 00:00:00'),
(18, 29, '0000-00-00 00:00:00', '0000-00-00 00:00:00'),
(18, 31, '0000-00-00 00:00:00', '0000-00-00 00:00:00'),
(18, 33, '0000-00-00 00:00:00', '0000-00-00 00:00:00'),
(18, 34, '0000-00-00 00:00:00', '0000-00-00 00:00:00'),
(18, 36, '0000-00-00 00:00:00', '0000-00-00 00:00:00'),
(18, 42, '0000-00-00 00:00:00', '0000-00-00 00:00:00'),
(18, 43, '0000-00-00 00:00:00', '0000-00-00 00:00:00'),
(18, 44, '0000-00-00 00:00:00', '0000-00-00 00:00:00'),
(18, 45, '0000-00-00 00:00:00', '0000-00-00 00:00:00'),
(18, 47, '0000-00-00 00:00:00', '0000-00-00 00:00:00'),
(18, 51, '0000-00-00 00:00:00', '0000-00-00 00:00:00'),
(214, 5, '0000-00-00 00:00:00', '0000-00-00 00:00:00'),
(214, 39, '0000-00-00 00:00:00', '0000-00-00 00:00:00'),
(214, 44, '0000-00-00 00:00:00', '0000-00-00 00:00:00'),
(278, 1, '0000-00-00 00:00:00', '0000-00-00 00:00:00'),
(278, 10, '0000-00-00 00:00:00', '0000-00-00 00:00:00'),
(278, 27, '0000-00-00 00:00:00', '0000-00-00 00:00:00'),
(278, 28, '0000-00-00 00:00:00', '0000-00-00 00:00:00'),
(286, 37, '0000-00-00 00:00:00', '0000-00-00 00:00:00'),
(286, 41, '0000-00-00 00:00:00', '0000-00-00 00:00:00'),
(269, 6, '0000-00-00 00:00:00', '0000-00-00 00:00:00'),
(269, 10, '0000-00-00 00:00:00', '0000-00-00 00:00:00'),
(269, 28, '0000-00-00 00:00:00', '0000-00-00 00:00:00'),
(293, 7, '0000-00-00 00:00:00', '0000-00-00 00:00:00'),
(293, 9, '0000-00-00 00:00:00', '0000-00-00 00:00:00'),
(293, 12, '0000-00-00 00:00:00', '0000-00-00 00:00:00'),
(293, 30, '0000-00-00 00:00:00', '0000-00-00 00:00:00'),
(250, 1, '0000-00-00 00:00:00', '0000-00-00 00:00:00'),
(250, 5, '0000-00-00 00:00:00', '0000-00-00 00:00:00'),
(250, 6, '0000-00-00 00:00:00', '0000-00-00 00:00:00'),
(306, 26, '0000-00-00 00:00:00', '0000-00-00 00:00:00'),
(306, 39, '0000-00-00 00:00:00', '0000-00-00 00:00:00'),
(306, 40, '0000-00-00 00:00:00', '0000-00-00 00:00:00'),
(313, 1, '0000-00-00 00:00:00', '0000-00-00 00:00:00'),
(313, 10, '0000-00-00 00:00:00', '0000-00-00 00:00:00'),
(313, 28, '0000-00-00 00:00:00', '0000-00-00 00:00:00'),
(308, 2, '0000-00-00 00:00:00', '0000-00-00 00:00:00'),
(308, 7, '0000-00-00 00:00:00', '0000-00-00 00:00:00'),
(308, 13, '0000-00-00 00:00:00', '0000-00-00 00:00:00'),
(308, 25, '0000-00-00 00:00:00', '0000-00-00 00:00:00'),
(308, 28, '0000-00-00 00:00:00', '0000-00-00 00:00:00'),
(308, 31, '0000-00-00 00:00:00', '0000-00-00 00:00:00'),
(308, 32, '0000-00-00 00:00:00', '0000-00-00 00:00:00'),
(308, 39, '0000-00-00 00:00:00', '0000-00-00 00:00:00'),
(308, 40, '0000-00-00 00:00:00', '0000-00-00 00:00:00'),
(321, 1, '0000-00-00 00:00:00', '0000-00-00 00:00:00'),
(321, 5, '0000-00-00 00:00:00', '0000-00-00 00:00:00'),
(321, 10, '0000-00-00 00:00:00', '0000-00-00 00:00:00'),
(321, 12, '0000-00-00 00:00:00', '0000-00-00 00:00:00'),
(321, 28, '0000-00-00 00:00:00', '0000-00-00 00:00:00'),
(321, 36, '0000-00-00 00:00:00', '0000-00-00 00:00:00'),
(309, 4, '0000-00-00 00:00:00', '0000-00-00 00:00:00'),
(309, 33, '0000-00-00 00:00:00', '0000-00-00 00:00:00'),
(332, 37, '0000-00-00 00:00:00', '0000-00-00 00:00:00'),
(332, 41, '0000-00-00 00:00:00', '0000-00-00 00:00:00'),
(25, 4, '0000-00-00 00:00:00', '0000-00-00 00:00:00'),
(25, 7, '0000-00-00 00:00:00', '0000-00-00 00:00:00'),
(25, 9, '0000-00-00 00:00:00', '0000-00-00 00:00:00'),
(25, 10, '0000-00-00 00:00:00', '0000-00-00 00:00:00'),
(25, 13, '0000-00-00 00:00:00', '0000-00-00 00:00:00'),
(25, 18, '0000-00-00 00:00:00', '0000-00-00 00:00:00'),
(25, 19, '0000-00-00 00:00:00', '0000-00-00 00:00:00'),
(25, 20, '0000-00-00 00:00:00', '0000-00-00 00:00:00'),
(25, 23, '0000-00-00 00:00:00', '0000-00-00 00:00:00'),
(25, 27, '0000-00-00 00:00:00', '0000-00-00 00:00:00'),
(25, 28, '0000-00-00 00:00:00', '0000-00-00 00:00:00'),
(25, 31, '0000-00-00 00:00:00', '0000-00-00 00:00:00'),
(25, 32, '0000-00-00 00:00:00', '0000-00-00 00:00:00'),
(25, 36, '0000-00-00 00:00:00', '0000-00-00 00:00:00'),
(25, 39, '0000-00-00 00:00:00', '0000-00-00 00:00:00'),
(331, 1, '0000-00-00 00:00:00', '0000-00-00 00:00:00'),
(341, 38, '0000-00-00 00:00:00', '0000-00-00 00:00:00'),
(341, 39, '0000-00-00 00:00:00', '0000-00-00 00:00:00'),
(341, 40, '0000-00-00 00:00:00', '0000-00-00 00:00:00'),
(367, 1, '0000-00-00 00:00:00', '0000-00-00 00:00:00'),
(367, 2, '0000-00-00 00:00:00', '0000-00-00 00:00:00'),
(367, 3, '0000-00-00 00:00:00', '0000-00-00 00:00:00'),
(367, 4, '0000-00-00 00:00:00', '0000-00-00 00:00:00'),
(367, 5, '0000-00-00 00:00:00', '0000-00-00 00:00:00'),
(367, 6, '0000-00-00 00:00:00', '0000-00-00 00:00:00'),
(367, 7, '0000-00-00 00:00:00', '0000-00-00 00:00:00'),
(367, 9, '0000-00-00 00:00:00', '0000-00-00 00:00:00'),
(367, 10, '0000-00-00 00:00:00', '0000-00-00 00:00:00'),
(367, 11, '0000-00-00 00:00:00', '0000-00-00 00:00:00'),
(367, 12, '0000-00-00 00:00:00', '0000-00-00 00:00:00'),
(367, 13, '0000-00-00 00:00:00', '0000-00-00 00:00:00'),
(367, 15, '0000-00-00 00:00:00', '0000-00-00 00:00:00'),
(367, 16, '0000-00-00 00:00:00', '0000-00-00 00:00:00'),
(367, 17, '0000-00-00 00:00:00', '0000-00-00 00:00:00'),
(367, 18, '0000-00-00 00:00:00', '0000-00-00 00:00:00'),
(367, 20, '0000-00-00 00:00:00', '0000-00-00 00:00:00'),
(367, 25, '0000-00-00 00:00:00', '0000-00-00 00:00:00'),
(367, 26, '0000-00-00 00:00:00', '0000-00-00 00:00:00'),
(367, 27, '0000-00-00 00:00:00', '0000-00-00 00:00:00'),
(367, 28, '0000-00-00 00:00:00', '0000-00-00 00:00:00'),
(367, 30, '0000-00-00 00:00:00', '0000-00-00 00:00:00'),
(367, 31, '0000-00-00 00:00:00', '0000-00-00 00:00:00'),
(367, 38, '0000-00-00 00:00:00', '0000-00-00 00:00:00'),
(367, 41, '0000-00-00 00:00:00', '0000-00-00 00:00:00'),
(367, 45, '0000-00-00 00:00:00', '0000-00-00 00:00:00'),
(367, 46, '0000-00-00 00:00:00', '0000-00-00 00:00:00'),
(367, 47, '0000-00-00 00:00:00', '0000-00-00 00:00:00'),
(370, 34, '0000-00-00 00:00:00', '0000-00-00 00:00:00'),
(370, 38, '0000-00-00 00:00:00', '0000-00-00 00:00:00'),
(374, 2, '0000-00-00 00:00:00', '0000-00-00 00:00:00'),
(374, 4, '0000-00-00 00:00:00', '0000-00-00 00:00:00'),
(374, 7, '0000-00-00 00:00:00', '0000-00-00 00:00:00'),
(374, 11, '0000-00-00 00:00:00', '0000-00-00 00:00:00'),
(374, 13, '0000-00-00 00:00:00', '0000-00-00 00:00:00'),
(374, 18, '0000-00-00 00:00:00', '0000-00-00 00:00:00'),
(374, 26, '0000-00-00 00:00:00', '0000-00-00 00:00:00'),
(374, 29, '0000-00-00 00:00:00', '0000-00-00 00:00:00'),
(374, 31, '0000-00-00 00:00:00', '0000-00-00 00:00:00'),
(374, 36, '0000-00-00 00:00:00', '0000-00-00 00:00:00'),
(374, 38, '0000-00-00 00:00:00', '0000-00-00 00:00:00'),
(298, 6, '0000-00-00 00:00:00', '0000-00-00 00:00:00'),
(298, 7, '0000-00-00 00:00:00', '0000-00-00 00:00:00'),
(298, 10, '0000-00-00 00:00:00', '0000-00-00 00:00:00'),
(298, 12, '0000-00-00 00:00:00', '0000-00-00 00:00:00'),
(298, 28, '0000-00-00 00:00:00', '0000-00-00 00:00:00'),
(375, 2, '0000-00-00 00:00:00', '0000-00-00 00:00:00'),
(375, 7, '0000-00-00 00:00:00', '0000-00-00 00:00:00'),
(375, 10, '0000-00-00 00:00:00', '0000-00-00 00:00:00'),
(375, 11, '0000-00-00 00:00:00', '0000-00-00 00:00:00'),
(375, 18, '0000-00-00 00:00:00', '0000-00-00 00:00:00'),
(375, 26, '0000-00-00 00:00:00', '0000-00-00 00:00:00'),
(388, 2, '0000-00-00 00:00:00', '0000-00-00 00:00:00'),
(388, 4, '0000-00-00 00:00:00', '0000-00-00 00:00:00'),
(388, 15, '0000-00-00 00:00:00', '0000-00-00 00:00:00'),
(388, 18, '0000-00-00 00:00:00', '0000-00-00 00:00:00'),
(388, 25, '0000-00-00 00:00:00', '0000-00-00 00:00:00'),
(388, 33, '0000-00-00 00:00:00', '0000-00-00 00:00:00'),
(388, 39, '0000-00-00 00:00:00', '0000-00-00 00:00:00'),
(388, 40, '0000-00-00 00:00:00', '0000-00-00 00:00:00'),
(388, 41, '0000-00-00 00:00:00', '0000-00-00 00:00:00'),
(395, 1, '0000-00-00 00:00:00', '0000-00-00 00:00:00'),
(395, 6, '0000-00-00 00:00:00', '0000-00-00 00:00:00'),
(395, 7, '0000-00-00 00:00:00', '0000-00-00 00:00:00'),
(395, 9, '0000-00-00 00:00:00', '0000-00-00 00:00:00'),
(395, 10, '0000-00-00 00:00:00', '0000-00-00 00:00:00'),
(395, 12, '0000-00-00 00:00:00', '0000-00-00 00:00:00'),
(395, 15, '0000-00-00 00:00:00', '0000-00-00 00:00:00'),
(395, 18, '0000-00-00 00:00:00', '0000-00-00 00:00:00'),
(395, 20, '0000-00-00 00:00:00', '0000-00-00 00:00:00'),
(395, 25, '0000-00-00 00:00:00', '0000-00-00 00:00:00'),
(395, 27, '0000-00-00 00:00:00', '0000-00-00 00:00:00'),
(395, 28, '0000-00-00 00:00:00', '0000-00-00 00:00:00'),
(395, 31, '0000-00-00 00:00:00', '0000-00-00 00:00:00'),
(395, 36, '0000-00-00 00:00:00', '0000-00-00 00:00:00'),
(395, 43, '0000-00-00 00:00:00', '0000-00-00 00:00:00'),
(395, 44, '0000-00-00 00:00:00', '0000-00-00 00:00:00'),
(395, 46, '0000-00-00 00:00:00', '0000-00-00 00:00:00'),
(395, 47, '0000-00-00 00:00:00', '0000-00-00 00:00:00'),
(343, 10, '0000-00-00 00:00:00', '0000-00-00 00:00:00'),
(343, 11, '0000-00-00 00:00:00', '0000-00-00 00:00:00'),
(343, 18, '0000-00-00 00:00:00', '0000-00-00 00:00:00'),
(343, 26, '0000-00-00 00:00:00', '0000-00-00 00:00:00'),
(343, 28, '0000-00-00 00:00:00', '0000-00-00 00:00:00'),
(392, 6, '0000-00-00 00:00:00', '0000-00-00 00:00:00'),
(392, 12, '0000-00-00 00:00:00', '0000-00-00 00:00:00'),
(275, 1, '0000-00-00 00:00:00', '0000-00-00 00:00:00'),
(275, 10, '0000-00-00 00:00:00', '0000-00-00 00:00:00'),
(275, 28, '0000-00-00 00:00:00', '0000-00-00 00:00:00'),
(81, 13, '0000-00-00 00:00:00', '0000-00-00 00:00:00'),
(81, 25, '0000-00-00 00:00:00', '0000-00-00 00:00:00'),
(81, 31, '0000-00-00 00:00:00', '0000-00-00 00:00:00'),
(81, 34, '0000-00-00 00:00:00', '0000-00-00 00:00:00'),
(81, 36, '0000-00-00 00:00:00', '0000-00-00 00:00:00'),
(81, 42, '0000-00-00 00:00:00', '0000-00-00 00:00:00'),
(81, 43, '0000-00-00 00:00:00', '0000-00-00 00:00:00'),
(81, 44, '0000-00-00 00:00:00', '0000-00-00 00:00:00'),
(81, 45, '0000-00-00 00:00:00', '0000-00-00 00:00:00'),
(81, 46, '0000-00-00 00:00:00', '0000-00-00 00:00:00'),
(81, 47, '0000-00-00 00:00:00', '0000-00-00 00:00:00'),
(81, 48, '0000-00-00 00:00:00', '0000-00-00 00:00:00'),
(81, 49, '0000-00-00 00:00:00', '0000-00-00 00:00:00'),
(81, 50, '0000-00-00 00:00:00', '0000-00-00 00:00:00'),
(81, 51, '0000-00-00 00:00:00', '0000-00-00 00:00:00'),
(404, 12, '0000-00-00 00:00:00', '0000-00-00 00:00:00'),
(404, 26, '0000-00-00 00:00:00', '0000-00-00 00:00:00'),
(410, 37, '0000-00-00 00:00:00', '0000-00-00 00:00:00'),
(410, 41, '0000-00-00 00:00:00', '0000-00-00 00:00:00'),
(387, 39, '0000-00-00 00:00:00', '0000-00-00 00:00:00'),
(387, 40, '0000-00-00 00:00:00', '0000-00-00 00:00:00'),
(416, 39, '0000-00-00 00:00:00', '0000-00-00 00:00:00'),
(416, 40, '0000-00-00 00:00:00', '0000-00-00 00:00:00'),
(224, 1, '0000-00-00 00:00:00', '0000-00-00 00:00:00'),
(224, 10, '0000-00-00 00:00:00', '0000-00-00 00:00:00'),
(362, 30, '0000-00-00 00:00:00', '0000-00-00 00:00:00'),
(320, 1, '0000-00-00 00:00:00', '0000-00-00 00:00:00'),
(232, 44, '0000-00-00 00:00:00', '0000-00-00 00:00:00'),
(310, 1, '0000-00-00 00:00:00', '0000-00-00 00:00:00'),
(310, 10, '0000-00-00 00:00:00', '0000-00-00 00:00:00'),
(310, 28, '0000-00-00 00:00:00', '0000-00-00 00:00:00'),
(310, 44, '0000-00-00 00:00:00', '0000-00-00 00:00:00'),
(432, 39, '0000-00-00 00:00:00', '0000-00-00 00:00:00'),
(432, 40, '0000-00-00 00:00:00', '0000-00-00 00:00:00'),
(344, 41, '0000-00-00 00:00:00', '0000-00-00 00:00:00'),
(344, 48, '0000-00-00 00:00:00', '0000-00-00 00:00:00'),
(344, 49, '0000-00-00 00:00:00', '0000-00-00 00:00:00'),
(344, 50, '0000-00-00 00:00:00', '0000-00-00 00:00:00'),
(344, 57, '0000-00-00 00:00:00', '0000-00-00 00:00:00'),
(34, 2, '0000-00-00 00:00:00', '0000-00-00 00:00:00'),
(34, 10, '0000-00-00 00:00:00', '0000-00-00 00:00:00'),
(34, 11, '0000-00-00 00:00:00', '0000-00-00 00:00:00'),
(34, 12, '0000-00-00 00:00:00', '0000-00-00 00:00:00'),
(34, 13, '0000-00-00 00:00:00', '0000-00-00 00:00:00'),
(34, 15, '0000-00-00 00:00:00', '0000-00-00 00:00:00'),
(34, 23, '0000-00-00 00:00:00', '0000-00-00 00:00:00'),
(34, 25, '0000-00-00 00:00:00', '0000-00-00 00:00:00'),
(34, 26, '0000-00-00 00:00:00', '0000-00-00 00:00:00'),
(34, 28, '0000-00-00 00:00:00', '0000-00-00 00:00:00'),
(34, 29, '0000-00-00 00:00:00', '0000-00-00 00:00:00'),
(34, 31, '0000-00-00 00:00:00', '0000-00-00 00:00:00'),
(34, 39, '0000-00-00 00:00:00', '0000-00-00 00:00:00'),
(34, 52, '0000-00-00 00:00:00', '0000-00-00 00:00:00'),
(34, 57, '0000-00-00 00:00:00', '0000-00-00 00:00:00'),
(70, 7, '0000-00-00 00:00:00', '0000-00-00 00:00:00'),
(70, 10, '0000-00-00 00:00:00', '0000-00-00 00:00:00'),
(70, 11, '0000-00-00 00:00:00', '0000-00-00 00:00:00'),
(70, 13, '0000-00-00 00:00:00', '0000-00-00 00:00:00'),
(70, 17, '0000-00-00 00:00:00', '0000-00-00 00:00:00'),
(70, 18, '0000-00-00 00:00:00', '0000-00-00 00:00:00'),
(70, 25, '0000-00-00 00:00:00', '0000-00-00 00:00:00'),
(70, 26, '0000-00-00 00:00:00', '0000-00-00 00:00:00'),
(70, 28, '0000-00-00 00:00:00', '0000-00-00 00:00:00'),
(70, 29, '0000-00-00 00:00:00', '0000-00-00 00:00:00'),
(70, 30, '0000-00-00 00:00:00', '0000-00-00 00:00:00'),
(70, 31, '0000-00-00 00:00:00', '0000-00-00 00:00:00'),
(70, 36, '0000-00-00 00:00:00', '0000-00-00 00:00:00'),
(70, 57, '0000-00-00 00:00:00', '0000-00-00 00:00:00'),
(44, 2, '0000-00-00 00:00:00', '0000-00-00 00:00:00'),
(44, 3, '0000-00-00 00:00:00', '0000-00-00 00:00:00'),
(44, 5, '0000-00-00 00:00:00', '0000-00-00 00:00:00'),
(44, 15, '0000-00-00 00:00:00', '0000-00-00 00:00:00'),
(44, 16, '0000-00-00 00:00:00', '0000-00-00 00:00:00'),
(44, 17, '0000-00-00 00:00:00', '0000-00-00 00:00:00'),
(44, 20, '0000-00-00 00:00:00', '0000-00-00 00:00:00'),
(44, 21, '0000-00-00 00:00:00', '0000-00-00 00:00:00'),
(44, 23, '0000-00-00 00:00:00', '0000-00-00 00:00:00'),
(44, 24, '0000-00-00 00:00:00', '0000-00-00 00:00:00'),
(44, 27, '0000-00-00 00:00:00', '0000-00-00 00:00:00'),
(44, 42, '0000-00-00 00:00:00', '0000-00-00 00:00:00'),
(44, 43, '0000-00-00 00:00:00', '0000-00-00 00:00:00'),
(44, 44, '0000-00-00 00:00:00', '0000-00-00 00:00:00'),
(44, 45, '0000-00-00 00:00:00', '0000-00-00 00:00:00'),
(44, 46, '0000-00-00 00:00:00', '0000-00-00 00:00:00'),
(44, 47, '0000-00-00 00:00:00', '0000-00-00 00:00:00'),
(44, 48, '0000-00-00 00:00:00', '0000-00-00 00:00:00'),
(44, 49, '0000-00-00 00:00:00', '0000-00-00 00:00:00'),
(44, 50, '0000-00-00 00:00:00', '0000-00-00 00:00:00'),
(44, 51, '0000-00-00 00:00:00', '0000-00-00 00:00:00'),
(417, 32, '0000-00-00 00:00:00', '0000-00-00 00:00:00'),
(251, 32, '0000-00-00 00:00:00', '0000-00-00 00:00:00'),
(366, 7, '0000-00-00 00:00:00', '0000-00-00 00:00:00'),
(366, 25, '0000-00-00 00:00:00', '0000-00-00 00:00:00'),
(366, 26, '0000-00-00 00:00:00', '0000-00-00 00:00:00'),
(366, 31, '0000-00-00 00:00:00', '0000-00-00 00:00:00'),
(366, 32, '0000-00-00 00:00:00', '0000-00-00 00:00:00'),
(366, 33, '0000-00-00 00:00:00', '0000-00-00 00:00:00'),
(366, 36, '0000-00-00 00:00:00', '0000-00-00 00:00:00'),
(368, 7, '0000-00-00 00:00:00', '0000-00-00 00:00:00'),
(368, 18, '0000-00-00 00:00:00', '0000-00-00 00:00:00'),
(368, 42, '0000-00-00 00:00:00', '0000-00-00 00:00:00'),
(368, 43, '0000-00-00 00:00:00', '0000-00-00 00:00:00'),
(368, 44, '0000-00-00 00:00:00', '0000-00-00 00:00:00'),
(368, 45, '0000-00-00 00:00:00', '0000-00-00 00:00:00'),
(368, 46, '0000-00-00 00:00:00', '0000-00-00 00:00:00'),
(368, 47, '0000-00-00 00:00:00', '0000-00-00 00:00:00'),
(368, 48, '0000-00-00 00:00:00', '0000-00-00 00:00:00'),
(368, 49, '0000-00-00 00:00:00', '0000-00-00 00:00:00'),
(368, 50, '0000-00-00 00:00:00', '0000-00-00 00:00:00'),
(368, 51, '0000-00-00 00:00:00', '0000-00-00 00:00:00'),
(406, 1, '0000-00-00 00:00:00', '0000-00-00 00:00:00'),
(435, 4, '0000-00-00 00:00:00', '0000-00-00 00:00:00'),
(435, 13, '0000-00-00 00:00:00', '0000-00-00 00:00:00'),
(435, 23, '0000-00-00 00:00:00', '0000-00-00 00:00:00'),
(435, 24, '0000-00-00 00:00:00', '0000-00-00 00:00:00'),
(435, 31, '0000-00-00 00:00:00', '0000-00-00 00:00:00'),
(435, 32, '0000-00-00 00:00:00', '0000-00-00 00:00:00'),
(435, 33, '0000-00-00 00:00:00', '0000-00-00 00:00:00'),
(435, 36, '0000-00-00 00:00:00', '0000-00-00 00:00:00'),
(435, 42, '0000-00-00 00:00:00', '0000-00-00 00:00:00'),
(435, 43, '0000-00-00 00:00:00', '0000-00-00 00:00:00'),
(435, 44, '0000-00-00 00:00:00', '0000-00-00 00:00:00'),
(435, 45, '0000-00-00 00:00:00', '0000-00-00 00:00:00'),
(435, 46, '0000-00-00 00:00:00', '0000-00-00 00:00:00'),
(435, 47, '0000-00-00 00:00:00', '0000-00-00 00:00:00'),
(435, 48, '0000-00-00 00:00:00', '0000-00-00 00:00:00'),
(435, 49, '0000-00-00 00:00:00', '0000-00-00 00:00:00'),
(435, 50, '0000-00-00 00:00:00', '0000-00-00 00:00:00'),
(435, 51, '0000-00-00 00:00:00', '0000-00-00 00:00:00'),
(438, 1, '0000-00-00 00:00:00', '0000-00-00 00:00:00'),
(438, 5, '0000-00-00 00:00:00', '0000-00-00 00:00:00'),
(438, 10, '0000-00-00 00:00:00', '0000-00-00 00:00:00'),
(438, 28, '0000-00-00 00:00:00', '0000-00-00 00:00:00'),
(327, 41, '0000-00-00 00:00:00', '0000-00-00 00:00:00'),
(405, 10, '0000-00-00 00:00:00', '0000-00-00 00:00:00'),
(405, 39, '0000-00-00 00:00:00', '0000-00-00 00:00:00'),
(405, 40, '0000-00-00 00:00:00', '0000-00-00 00:00:00'),
(334, 5, '0000-00-00 00:00:00', '0000-00-00 00:00:00'),
(334, 10, '0000-00-00 00:00:00', '0000-00-00 00:00:00'),
(384, 1, '0000-00-00 00:00:00', '0000-00-00 00:00:00'),
(384, 30, '0000-00-00 00:00:00', '0000-00-00 00:00:00'),
(449, 17, '0000-00-00 00:00:00', '0000-00-00 00:00:00'),
(446, 10, '0000-00-00 00:00:00', '0000-00-00 00:00:00'),
(446, 21, '0000-00-00 00:00:00', '0000-00-00 00:00:00'),
(446, 23, '0000-00-00 00:00:00', '0000-00-00 00:00:00'),
(446, 29, '0000-00-00 00:00:00', '0000-00-00 00:00:00'),
(446, 30, '0000-00-00 00:00:00', '0000-00-00 00:00:00'),
(225, 2, '0000-00-00 00:00:00', '0000-00-00 00:00:00'),
(225, 11, '0000-00-00 00:00:00', '0000-00-00 00:00:00'),
(225, 17, '0000-00-00 00:00:00', '0000-00-00 00:00:00'),
(437, 37, '0000-00-00 00:00:00', '0000-00-00 00:00:00'),
(437, 42, '0000-00-00 00:00:00', '0000-00-00 00:00:00'),
(437, 43, '0000-00-00 00:00:00', '0000-00-00 00:00:00'),
(437, 44, '0000-00-00 00:00:00', '0000-00-00 00:00:00'),
(437, 45, '0000-00-00 00:00:00', '0000-00-00 00:00:00'),
(437, 46, '0000-00-00 00:00:00', '0000-00-00 00:00:00'),
(19, 4, '0000-00-00 00:00:00', '0000-00-00 00:00:00'),
(19, 7, '0000-00-00 00:00:00', '0000-00-00 00:00:00'),
(19, 12, '0000-00-00 00:00:00', '0000-00-00 00:00:00'),
(19, 25, '0000-00-00 00:00:00', '0000-00-00 00:00:00'),
(19, 26, '0000-00-00 00:00:00', '0000-00-00 00:00:00'),
(19, 30, '0000-00-00 00:00:00', '0000-00-00 00:00:00'),
(19, 31, '0000-00-00 00:00:00', '0000-00-00 00:00:00'),
(19, 33, '0000-00-00 00:00:00', '0000-00-00 00:00:00'),
(19, 39, '0000-00-00 00:00:00', '0000-00-00 00:00:00'),
(19, 40, '0000-00-00 00:00:00', '0000-00-00 00:00:00'),
(19, 41, '0000-00-00 00:00:00', '0000-00-00 00:00:00'),
(19, 42, '0000-00-00 00:00:00', '0000-00-00 00:00:00'),
(19, 43, '0000-00-00 00:00:00', '0000-00-00 00:00:00'),
(19, 44, '0000-00-00 00:00:00', '0000-00-00 00:00:00'),
(19, 45, '0000-00-00 00:00:00', '0000-00-00 00:00:00'),
(19, 46, '0000-00-00 00:00:00', '0000-00-00 00:00:00'),
(19, 47, '0000-00-00 00:00:00', '0000-00-00 00:00:00'),
(19, 48, '0000-00-00 00:00:00', '0000-00-00 00:00:00'),
(19, 49, '0000-00-00 00:00:00', '0000-00-00 00:00:00'),
(19, 50, '0000-00-00 00:00:00', '0000-00-00 00:00:00'),
(19, 51, '0000-00-00 00:00:00', '0000-00-00 00:00:00');
INSERT INTO `no_me_gusta` (`cliente_id`, `alimento_id`, `created_at`, `updated_at`) VALUES
(287, 10, '0000-00-00 00:00:00', '0000-00-00 00:00:00'),
(287, 30, '0000-00-00 00:00:00', '0000-00-00 00:00:00'),
(287, 42, '0000-00-00 00:00:00', '0000-00-00 00:00:00'),
(287, 43, '0000-00-00 00:00:00', '0000-00-00 00:00:00'),
(287, 44, '0000-00-00 00:00:00', '0000-00-00 00:00:00'),
(287, 45, '0000-00-00 00:00:00', '0000-00-00 00:00:00'),
(287, 46, '0000-00-00 00:00:00', '0000-00-00 00:00:00'),
(287, 47, '0000-00-00 00:00:00', '0000-00-00 00:00:00'),
(287, 48, '0000-00-00 00:00:00', '0000-00-00 00:00:00'),
(287, 49, '0000-00-00 00:00:00', '0000-00-00 00:00:00'),
(287, 50, '0000-00-00 00:00:00', '0000-00-00 00:00:00'),
(287, 51, '0000-00-00 00:00:00', '0000-00-00 00:00:00'),
(465, 1, '0000-00-00 00:00:00', '0000-00-00 00:00:00'),
(465, 3, '0000-00-00 00:00:00', '0000-00-00 00:00:00'),
(465, 5, '0000-00-00 00:00:00', '0000-00-00 00:00:00'),
(465, 7, '0000-00-00 00:00:00', '0000-00-00 00:00:00'),
(465, 10, '0000-00-00 00:00:00', '0000-00-00 00:00:00'),
(465, 25, '0000-00-00 00:00:00', '0000-00-00 00:00:00'),
(465, 28, '0000-00-00 00:00:00', '0000-00-00 00:00:00'),
(465, 30, '0000-00-00 00:00:00', '0000-00-00 00:00:00'),
(467, 2, '0000-00-00 00:00:00', '0000-00-00 00:00:00'),
(467, 7, '0000-00-00 00:00:00', '0000-00-00 00:00:00'),
(467, 11, '0000-00-00 00:00:00', '0000-00-00 00:00:00'),
(467, 13, '0000-00-00 00:00:00', '0000-00-00 00:00:00'),
(467, 17, '0000-00-00 00:00:00', '0000-00-00 00:00:00'),
(467, 18, '0000-00-00 00:00:00', '0000-00-00 00:00:00'),
(467, 26, '0000-00-00 00:00:00', '0000-00-00 00:00:00'),
(451, 13, '0000-00-00 00:00:00', '0000-00-00 00:00:00'),
(451, 18, '0000-00-00 00:00:00', '0000-00-00 00:00:00'),
(451, 25, '0000-00-00 00:00:00', '0000-00-00 00:00:00'),
(451, 26, '0000-00-00 00:00:00', '0000-00-00 00:00:00'),
(451, 31, '0000-00-00 00:00:00', '0000-00-00 00:00:00'),
(473, 1, '0000-00-00 00:00:00', '0000-00-00 00:00:00'),
(473, 10, '0000-00-00 00:00:00', '0000-00-00 00:00:00'),
(473, 18, '0000-00-00 00:00:00', '0000-00-00 00:00:00'),
(473, 37, '0000-00-00 00:00:00', '0000-00-00 00:00:00'),
(478, 39, '0000-00-00 00:00:00', '0000-00-00 00:00:00'),
(478, 40, '0000-00-00 00:00:00', '0000-00-00 00:00:00'),
(439, 10, '0000-00-00 00:00:00', '0000-00-00 00:00:00'),
(481, 20, '0000-00-00 00:00:00', '0000-00-00 00:00:00'),
(481, 23, '0000-00-00 00:00:00', '0000-00-00 00:00:00'),
(481, 24, '0000-00-00 00:00:00', '0000-00-00 00:00:00'),
(481, 31, '0000-00-00 00:00:00', '0000-00-00 00:00:00'),
(481, 32, '0000-00-00 00:00:00', '0000-00-00 00:00:00'),
(481, 33, '0000-00-00 00:00:00', '0000-00-00 00:00:00'),
(481, 34, '0000-00-00 00:00:00', '0000-00-00 00:00:00'),
(481, 36, '0000-00-00 00:00:00', '0000-00-00 00:00:00'),
(481, 42, '0000-00-00 00:00:00', '0000-00-00 00:00:00'),
(481, 43, '0000-00-00 00:00:00', '0000-00-00 00:00:00'),
(481, 44, '0000-00-00 00:00:00', '0000-00-00 00:00:00'),
(481, 45, '0000-00-00 00:00:00', '0000-00-00 00:00:00'),
(481, 46, '0000-00-00 00:00:00', '0000-00-00 00:00:00'),
(481, 47, '0000-00-00 00:00:00', '0000-00-00 00:00:00'),
(481, 48, '0000-00-00 00:00:00', '0000-00-00 00:00:00'),
(481, 49, '0000-00-00 00:00:00', '0000-00-00 00:00:00'),
(481, 50, '0000-00-00 00:00:00', '0000-00-00 00:00:00'),
(481, 51, '0000-00-00 00:00:00', '0000-00-00 00:00:00'),
(482, 37, '0000-00-00 00:00:00', '0000-00-00 00:00:00'),
(482, 38, '0000-00-00 00:00:00', '0000-00-00 00:00:00'),
(436, 28, '0000-00-00 00:00:00', '0000-00-00 00:00:00'),
(483, 11, '0000-00-00 00:00:00', '0000-00-00 00:00:00'),
(483, 39, '0000-00-00 00:00:00', '0000-00-00 00:00:00'),
(483, 40, '0000-00-00 00:00:00', '0000-00-00 00:00:00'),
(483, 44, '0000-00-00 00:00:00', '0000-00-00 00:00:00'),
(487, 42, '0000-00-00 00:00:00', '0000-00-00 00:00:00'),
(487, 43, '0000-00-00 00:00:00', '0000-00-00 00:00:00'),
(487, 44, '0000-00-00 00:00:00', '0000-00-00 00:00:00'),
(487, 45, '0000-00-00 00:00:00', '0000-00-00 00:00:00'),
(487, 46, '0000-00-00 00:00:00', '0000-00-00 00:00:00'),
(487, 47, '0000-00-00 00:00:00', '0000-00-00 00:00:00'),
(487, 48, '0000-00-00 00:00:00', '0000-00-00 00:00:00'),
(487, 49, '0000-00-00 00:00:00', '0000-00-00 00:00:00'),
(487, 50, '0000-00-00 00:00:00', '0000-00-00 00:00:00'),
(487, 51, '0000-00-00 00:00:00', '0000-00-00 00:00:00'),
(494, 39, '0000-00-00 00:00:00', '0000-00-00 00:00:00'),
(494, 40, '0000-00-00 00:00:00', '0000-00-00 00:00:00'),
(148, 2, '0000-00-00 00:00:00', '0000-00-00 00:00:00'),
(148, 44, '0000-00-00 00:00:00', '0000-00-00 00:00:00'),
(140, 10, '0000-00-00 00:00:00', '0000-00-00 00:00:00'),
(140, 30, '0000-00-00 00:00:00', '0000-00-00 00:00:00'),
(500, 42, '0000-00-00 00:00:00', '0000-00-00 00:00:00'),
(500, 43, '0000-00-00 00:00:00', '0000-00-00 00:00:00'),
(500, 44, '0000-00-00 00:00:00', '0000-00-00 00:00:00'),
(500, 45, '0000-00-00 00:00:00', '0000-00-00 00:00:00'),
(500, 46, '0000-00-00 00:00:00', '0000-00-00 00:00:00'),
(500, 47, '0000-00-00 00:00:00', '0000-00-00 00:00:00'),
(500, 48, '0000-00-00 00:00:00', '0000-00-00 00:00:00'),
(500, 49, '0000-00-00 00:00:00', '0000-00-00 00:00:00'),
(500, 50, '0000-00-00 00:00:00', '0000-00-00 00:00:00'),
(500, 51, '0000-00-00 00:00:00', '0000-00-00 00:00:00'),
(422, 41, '0000-00-00 00:00:00', '0000-00-00 00:00:00'),
(514, 1, '0000-00-00 00:00:00', '0000-00-00 00:00:00'),
(514, 2, '0000-00-00 00:00:00', '0000-00-00 00:00:00'),
(514, 17, '0000-00-00 00:00:00', '0000-00-00 00:00:00'),
(514, 25, '0000-00-00 00:00:00', '0000-00-00 00:00:00'),
(517, 30, '0000-00-00 00:00:00', '0000-00-00 00:00:00'),
(518, 1, '0000-00-00 00:00:00', '0000-00-00 00:00:00'),
(510, 6, '0000-00-00 00:00:00', '0000-00-00 00:00:00'),
(524, 4, '0000-00-00 00:00:00', '0000-00-00 00:00:00'),
(524, 10, '0000-00-00 00:00:00', '0000-00-00 00:00:00'),
(524, 13, '0000-00-00 00:00:00', '0000-00-00 00:00:00'),
(524, 15, '0000-00-00 00:00:00', '0000-00-00 00:00:00'),
(524, 18, '0000-00-00 00:00:00', '0000-00-00 00:00:00'),
(524, 28, '0000-00-00 00:00:00', '0000-00-00 00:00:00'),
(441, 1, '0000-00-00 00:00:00', '0000-00-00 00:00:00'),
(441, 30, '0000-00-00 00:00:00', '0000-00-00 00:00:00');

-- --------------------------------------------------------

--
-- Estructura de tabla para la tabla `pedido`
--

CREATE TABLE IF NOT EXISTS `pedido` (
  `id` int(11) NOT NULL AUTO_INCREMENT,
  `estado` varchar(45) DEFAULT NULL,
  `envio` int(1) NOT NULL DEFAULT '0',
  `cliente_id` int(11) NOT NULL,
  `fecha_pedido` date DEFAULT NULL,
  `cobrado` int(1) NOT NULL DEFAULT '0',
  `precio_envio` double NOT NULL DEFAULT '0',
  `created_at` timestamp NOT NULL DEFAULT CURRENT_TIMESTAMP ON UPDATE CURRENT_TIMESTAMP,
  `deleted_at` timestamp NULL DEFAULT NULL,
  `updated_at` timestamp NOT NULL DEFAULT '0000-00-00 00:00:00',
  `cadete_id` int(11) DEFAULT NULL,
  `observaciones` varchar(45) DEFAULT NULL,
  `pedido_empresa_id` int(11) DEFAULT NULL,
  `total` decimal(10,0) NOT NULL DEFAULT '0',
  PRIMARY KEY (`id`),
  KEY `fk_pedido_cliente1_idx` (`cliente_id`),
  KEY `fk_pedido_cadete` (`cadete_id`),
  KEY `fk_empresa_id` (`pedido_empresa_id`)
) ENGINE=InnoDB  DEFAULT CHARSET=latin1 AUTO_INCREMENT=1036 ;

-- --------------------------------------------------------

--
-- Estructura de tabla para la tabla `pedido_empresa`
--

CREATE TABLE IF NOT EXISTS `pedido_empresa` (
  `id` int(11) NOT NULL AUTO_INCREMENT,
  `empresa_id` int(11) NOT NULL,
  `envio` int(1) NOT NULL DEFAULT '0',
  `fecha_pedido` date NOT NULL,
  `cobrado` int(1) NOT NULL DEFAULT '0',
  `created_at` timestamp NULL DEFAULT NULL,
  `deleted_at` timestamp NULL DEFAULT NULL,
  `updated_at` timestamp NULL DEFAULT NULL,
  `observaciones` text COLLATE utf8_spanish_ci,
  `total` decimal(10,0) NOT NULL DEFAULT '0',
  `cadete_id` int(11) DEFAULT NULL,
  `precio_envio` decimal(10,0) DEFAULT '0',
  PRIMARY KEY (`id`),
  KEY `FK_pedido_empresa` (`cadete_id`),
  KEY `FK_pedido_empresa_empresa` (`empresa_id`)
) ENGINE=InnoDB DEFAULT CHARSET=utf8 COLLATE=utf8_spanish_ci AUTO_INCREMENT=1 ;

-- --------------------------------------------------------

--
-- Estructura de tabla para la tabla `tipo_alimento`
--

CREATE TABLE IF NOT EXISTS `tipo_alimento` (
  `id` int(11) NOT NULL AUTO_INCREMENT,
  `nombre` varchar(45) DEFAULT NULL,
  `descripcion` varchar(45) DEFAULT NULL,
  `created_at` timestamp NULL DEFAULT NULL,
  `updated_at` timestamp NULL DEFAULT NULL,
  `deleted_at` timestamp NULL DEFAULT NULL,
  PRIMARY KEY (`id`)
) ENGINE=InnoDB  DEFAULT CHARSET=latin1 AUTO_INCREMENT=14 ;

--
-- Volcado de datos para la tabla `tipo_alimento`
--

INSERT INTO `tipo_alimento` (`id`, `nombre`, `descripcion`, `created_at`, `updated_at`, `deleted_at`) VALUES
(3, 'Carnes Rojas', 'Carnes rojas', '2015-10-08 20:29:50', '2016-02-13 00:49:46', NULL),
(4, 'Pescados', 'Pescados', '2015-10-20 15:56:00', '2016-02-13 00:49:34', NULL),
(5, 'Pastas', 'Pastas', '2016-02-10 06:09:09', '2016-02-10 06:09:09', NULL),
(6, 'Legumbres', 'Legumbres', '2016-02-10 06:09:21', '2016-02-13 00:49:23', NULL),
(7, 'Vegetales', 'Vegetales', '2016-02-10 06:09:38', '2016-02-10 06:09:38', NULL),
(9, 'Frutas', 'Frutas', '2016-02-10 06:09:46', '2016-02-10 06:09:46', NULL),
(10, 'Pollo', 'Pollo', '2016-02-13 00:48:48', '2016-02-13 00:48:48', NULL),
(11, 'Cerdo', 'Cerdo', '2016-02-13 00:49:09', '2016-02-13 00:49:09', NULL),
(12, 'lacteos / Fiambres', 'lacteos / Fiambres', '2016-02-17 16:52:52', '2016-02-17 16:52:52', NULL),
(13, 'Agridulce', 'Agridulce', '2016-08-30 18:57:57', '2016-08-30 18:57:57', NULL);

-- --------------------------------------------------------

--
-- Estructura de tabla para la tabla `tipo_gasto`
--

CREATE TABLE IF NOT EXISTS `tipo_gasto` (
  `id` int(11) NOT NULL AUTO_INCREMENT,
  `descripcion` varchar(45) NOT NULL,
  `created_at` timestamp NOT NULL DEFAULT CURRENT_TIMESTAMP ON UPDATE CURRENT_TIMESTAMP,
  `updated_at` timestamp NULL DEFAULT NULL,
  `deleted_at` timestamp NULL DEFAULT NULL,
  PRIMARY KEY (`id`),
  UNIQUE KEY `descripcion_UNIQUE` (`descripcion`)
) ENGINE=InnoDB  DEFAULT CHARSET=latin1 AUTO_INCREMENT=3 ;

--
-- Volcado de datos para la tabla `tipo_gasto`
--

INSERT INTO `tipo_gasto` (`id`, `descripcion`, `created_at`, `updated_at`, `deleted_at`) VALUES
(2, 'Varios', '2015-11-04 17:29:46', '2015-11-04 17:29:46', NULL);

-- --------------------------------------------------------

--
-- Estructura de tabla para la tabla `tipo_vianda`
--

CREATE TABLE IF NOT EXISTS `tipo_vianda` (
  `id` int(11) NOT NULL AUTO_INCREMENT,
  `nombre` varchar(45) DEFAULT NULL,
  `descripcion` varchar(45) DEFAULT NULL,
  `precio` varchar(45) DEFAULT NULL,
  `created_at` datetime NOT NULL,
  `updated_at` datetime NOT NULL,
  PRIMARY KEY (`id`)
) ENGINE=InnoDB  DEFAULT CHARSET=latin1 AUTO_INCREMENT=14 ;

--
-- Volcado de datos para la tabla `tipo_vianda`
--

INSERT INTO `tipo_vianda` (`id`, `nombre`, `descripcion`, `precio`, `created_at`, `updated_at`) VALUES
(1, 'Light', 'Light', '65', '2015-10-13 00:50:37', '2016-02-13 12:07:21'),
(2, 'Saludable', 'Saludable', '65', '2015-10-13 00:51:35', '2016-02-13 12:07:33'),
(4, 'Tradicional', 'Tradicional', '65', '2016-02-10 03:07:52', '2016-02-13 12:07:07'),
(5, '1 y 1/2 - Saludable', '1,5 Saludable', '110', '2016-02-13 12:08:42', '2016-07-20 00:18:47'),
(6, 'Media Tradicional', 'Media Tradicional', '45', '2016-02-27 14:27:05', '2016-02-27 14:46:33'),
(7, 'Noche', 'Noche', '45', '2016-02-27 14:28:16', '2016-02-27 14:28:16'),
(8, 'Noche completa', 'Noche ', '65', '2016-02-27 14:28:51', '2016-02-27 14:28:51'),
(9, 'Vegetariana', 'Vegetariana', '65', '2016-02-27 14:45:56', '2016-02-27 14:45:56'),
(10, 'Media Light', 'Media Light', '45', '2016-03-12 13:34:33', '2016-03-12 13:34:59'),
(11, '1 y 1/2 - Tradicional', '1,5 Tradicional', '110', '2016-03-30 20:10:16', '2016-09-05 20:11:34'),
(12, 'Media Saludable', 'Media Saludable', '45', '2016-08-01 20:35:39', '2016-08-02 19:37:38'),
(13, '2 1/2 - Tradicional', '2,5 Tradicional', '175', '2016-09-05 20:11:18', '2016-09-05 20:11:18');

-- --------------------------------------------------------

--
-- Estructura de tabla para la tabla `users`
--

CREATE TABLE IF NOT EXISTS `users` (
  `id` int(11) NOT NULL AUTO_INCREMENT,
  `name` varchar(45) DEFAULT NULL,
  `password` varchar(60) DEFAULT NULL,
  `email` varchar(45) DEFAULT NULL,
  `created_at` timestamp NULL DEFAULT NULL,
  `updated_at` timestamp NULL DEFAULT NULL,
  `remember_token` varchar(100) DEFAULT NULL,
  PRIMARY KEY (`id`)
) ENGINE=InnoDB  DEFAULT CHARSET=latin1 AUTO_INCREMENT=2 ;

--
-- Volcado de datos para la tabla `users`
--

INSERT INTO `users` (`id`, `name`, `password`, `email`, `created_at`, `updated_at`, `remember_token`) VALUES
(1, 'admin', '$2y$10$3A6W85T4Z1t74urPprjSuudeiikYYBPEbVMYyXcc6iAT3cU8disey', NULL, NULL, '2016-10-25 22:40:32', '5VNbVOnfE6NWwrtyPRHtTrGgRiF1d30wGQl46jNGSnKmFZraYEX13z7BlhWz');

--
-- Restricciones para tablas volcadas
--

--
-- Filtros para la tabla `alimento`
--
ALTER TABLE `alimento`
  ADD CONSTRAINT `fk_alimento_tipo_alimento1` FOREIGN KEY (`tipo_alimento_id`) REFERENCES `tipo_alimento` (`id`) ON DELETE NO ACTION ON UPDATE NO ACTION;

--
-- Filtros para la tabla `cliente`
--
ALTER TABLE `cliente`
  ADD CONSTRAINT `fk_emp` FOREIGN KEY (`idempresa`) REFERENCES `empresa` (`id`) ON DELETE NO ACTION ON UPDATE NO ACTION,
  ADD CONSTRAINT `fk_loca` FOREIGN KEY (`idlocalidad`) REFERENCES `localidad` (`id`) ON DELETE NO ACTION ON UPDATE NO ACTION;

--
-- Filtros para la tabla `cliente_dia`
--
ALTER TABLE `cliente_dia`
  ADD CONSTRAINT `fk_cliente_has_dia_semana_cliente1` FOREIGN KEY (`cliente_id`) REFERENCES `cliente` (`id`) ON DELETE CASCADE ON UPDATE CASCADE,
  ADD CONSTRAINT `fk_cliente_has_dia_semana_dia_semana1` FOREIGN KEY (`dia_semana_id`) REFERENCES `dia_semana` (`id`) ON DELETE NO ACTION,
  ADD CONSTRAINT `fk_cliente_has_dia_semana_tipo_vianda1` FOREIGN KEY (`tipo_vianda_id`) REFERENCES `tipo_vianda` (`id`) ON DELETE NO ACTION ON UPDATE NO ACTION;

--
-- Filtros para la tabla `empresa`
--
ALTER TABLE `empresa`
  ADD CONSTRAINT `fk_loc` FOREIGN KEY (`idlocalidad`) REFERENCES `localidad` (`id`) ON DELETE NO ACTION ON UPDATE NO ACTION;

--
-- Filtros para la tabla `empresa_vianda`
--
ALTER TABLE `empresa_vianda`
  ADD CONSTRAINT `fk_empresa` FOREIGN KEY (`empresa_id`) REFERENCES `empresa` (`id`) ON DELETE CASCADE ON UPDATE NO ACTION,
  ADD CONSTRAINT `fk_tipo_vianda` FOREIGN KEY (`tipo_vianda_id`) REFERENCES `tipo_vianda` (`id`) ON DELETE CASCADE ON UPDATE NO ACTION;

--
-- Filtros para la tabla `gasto`
--
ALTER TABLE `gasto`
  ADD CONSTRAINT `fk_tipo_gasto` FOREIGN KEY (`idtipo_gasto`) REFERENCES `tipo_gasto` (`id`) ON DELETE NO ACTION ON UPDATE NO ACTION;

--
-- Filtros para la tabla `linea_pedido`
--
ALTER TABLE `linea_pedido`
  ADD CONSTRAINT `FK_linea_pedido` FOREIGN KEY (`tipo_vianda_id`) REFERENCES `tipo_vianda` (`id`),
  ADD CONSTRAINT `FK_linea_pedido_pedido` FOREIGN KEY (`pedido_id`) REFERENCES `pedido` (`id`) ON DELETE CASCADE;

--
-- Filtros para la tabla `no_me_gusta`
--
ALTER TABLE `no_me_gusta`
  ADD CONSTRAINT `fk_no_me_gusta_alimento1` FOREIGN KEY (`alimento_id`) REFERENCES `alimento` (`id`) ON DELETE NO ACTION ON UPDATE NO ACTION,
  ADD CONSTRAINT `fk_no_me_gusta_cliente` FOREIGN KEY (`cliente_id`) REFERENCES `cliente` (`id`) ON DELETE CASCADE ON UPDATE CASCADE;

--
-- Filtros para la tabla `pedido`
--
ALTER TABLE `pedido`
  ADD CONSTRAINT `fk_empresa_id` FOREIGN KEY (`pedido_empresa_id`) REFERENCES `pedido_empresa` (`id`) ON DELETE CASCADE,
  ADD CONSTRAINT `fk_pedido_cadete` FOREIGN KEY (`cadete_id`) REFERENCES `cadete` (`id`),
  ADD CONSTRAINT `fk_pedido_cliente1` FOREIGN KEY (`cliente_id`) REFERENCES `cliente` (`id`) ON DELETE NO ACTION ON UPDATE NO ACTION;

--
-- Filtros para la tabla `pedido_empresa`
--
ALTER TABLE `pedido_empresa`
  ADD CONSTRAINT `FK_pedido_empresa` FOREIGN KEY (`cadete_id`) REFERENCES `cadete` (`id`),
  ADD CONSTRAINT `FK_pedido_empresa_empresa` FOREIGN KEY (`empresa_id`) REFERENCES `empresa` (`id`);

/*!40101 SET CHARACTER_SET_CLIENT=@OLD_CHARACTER_SET_CLIENT */;
/*!40101 SET CHARACTER_SET_RESULTS=@OLD_CHARACTER_SET_RESULTS */;
/*!40101 SET COLLATION_CONNECTION=@OLD_COLLATION_CONNECTION */;
