/*
SQLyog Ultimate v8.61 
MySQL - 5.6.17-log : Database - viandas-bk
*********************************************************************
*/

/*!40101 SET NAMES utf8 */;

/*!40101 SET SQL_MODE=''*/;

/*!40014 SET @OLD_UNIQUE_CHECKS=@@UNIQUE_CHECKS, UNIQUE_CHECKS=0 */;
/*!40014 SET @OLD_FOREIGN_KEY_CHECKS=@@FOREIGN_KEY_CHECKS, FOREIGN_KEY_CHECKS=0 */;
/*!40101 SET @OLD_SQL_MODE=@@SQL_MODE, SQL_MODE='NO_AUTO_VALUE_ON_ZERO' */;
/*!40111 SET @OLD_SQL_NOTES=@@SQL_NOTES, SQL_NOTES=0 */;
/*Table structure for table `alimento` */

DROP TABLE IF EXISTS `alimento`;

CREATE TABLE `alimento` (
  `id` int(11) NOT NULL AUTO_INCREMENT,
  `nombre` varchar(45) DEFAULT NULL,
  `descripcion` varchar(45) DEFAULT NULL,
  `tipo_alimento_id` int(11) NOT NULL,
  `created_at` timestamp NULL DEFAULT NULL,
  `updated_at` timestamp NULL DEFAULT NULL,
  `deleted_at` timestamp NULL DEFAULT NULL,
  PRIMARY KEY (`id`),
  KEY `fk_alimento_tipo_alimento1_idx` (`tipo_alimento_id`),
  CONSTRAINT `fk_alimento_tipo_alimento1` FOREIGN KEY (`tipo_alimento_id`) REFERENCES `tipo_alimento` (`id`) ON DELETE NO ACTION ON UPDATE NO ACTION
) ENGINE=InnoDB AUTO_INCREMENT=58 DEFAULT CHARSET=latin1;

/*Data for the table `alimento` */

insert  into `alimento`(`id`,`nombre`,`descripcion`,`tipo_alimento_id`,`created_at`,`updated_at`,`deleted_at`) values (1,'Lechuga','Verduras',7,NULL,'2016-02-12 21:26:05',NULL),(2,'Berenjena','Verduras',7,'2015-10-15 05:13:55','2016-02-12 21:26:34',NULL),(3,'Zanahoria','Verduras',7,'2015-10-20 12:56:18','2016-02-12 21:27:00',NULL),(4,'Esparragos','Verduras',7,'2016-02-10 03:11:04','2016-02-12 21:27:18',NULL),(5,'Tomate','Verduras',7,'2016-02-12 21:27:38','2016-02-12 21:27:38',NULL),(6,'Cebolla','Verduras',7,'2016-02-12 21:27:53','2016-02-12 21:27:53',NULL),(7,'Pepino','Verduras',7,'2016-02-12 21:28:10','2016-02-12 21:28:10',NULL),(9,'Pimiento','Verduras',7,'2016-02-12 21:28:34','2016-02-12 21:37:52',NULL),(10,'Achicoria','Verduras',7,'2016-02-12 21:29:57','2016-02-12 21:29:57',NULL),(11,'Coliflor','Verduras',7,'2016-02-12 21:30:47','2016-02-12 21:30:47',NULL),(12,'Ajo','Verduras',7,'2016-02-12 21:31:07','2016-02-12 21:31:07',NULL),(13,'Berro','Verduras',7,'2016-02-12 21:31:28','2016-02-12 21:31:28',NULL),(14,'Acelga','Verduras',7,'2016-02-12 21:31:59','2016-02-12 21:31:59',NULL),(15,'Champignon','Verduras',7,'2016-02-12 21:32:25','2016-02-12 21:32:25',NULL),(16,'Calabaza','Verduras',7,'2016-02-12 21:32:45','2016-02-12 21:32:45',NULL),(17,'Remolacha','Verduras',7,'2016-02-12 21:33:01','2016-02-12 21:33:01',NULL),(18,'Apio','Verduras',7,'2016-02-12 21:33:16','2016-02-12 21:33:16',NULL),(19,'Espinaca','Verduras',7,'2016-02-12 21:33:43','2016-02-12 21:33:43',NULL),(20,'Zapallo','Verduras',7,'2016-02-12 21:34:04','2016-02-12 21:34:04',NULL),(21,'Huevo','Verduras',7,'2016-02-12 21:34:24','2016-02-12 21:34:24',NULL),(22,'Choclo','Verduras',7,'2016-02-12 21:34:45','2016-02-12 21:34:45',NULL),(23,'Batata','Verduras',7,'2016-02-12 21:34:59','2016-02-12 21:34:59',NULL),(24,'Papa','Verduras',7,'2016-02-12 21:35:12','2016-02-12 21:35:12',NULL),(25,'Brotes de soja','Verduras',7,'2016-02-12 21:35:30','2016-02-12 21:35:30',NULL),(26,'Brocoli','Verduras',7,'2016-02-12 21:35:49','2016-02-12 21:35:49',NULL),(27,'Morron','Verduras',7,'2016-02-12 21:36:00','2016-02-12 21:36:00',NULL),(28,'Rucula','Verduras',7,'2016-02-12 21:36:17','2016-02-12 21:36:17',NULL),(29,'Chaucha','Verduras',7,'2016-02-12 21:36:32','2016-02-12 21:36:32',NULL),(30,'Repollo','Verduras',7,'2016-02-12 21:36:47','2016-02-12 21:36:47',NULL),(31,'Garbanzo','',6,'2016-02-12 21:37:06','2016-02-12 21:37:06',NULL),(32,'Lenteja','',6,'2016-02-12 21:37:27','2016-02-12 21:37:27',NULL),(33,'Soja','',6,'2016-02-12 21:38:06','2016-02-12 21:38:06',NULL),(34,'Arveja','',6,'2016-02-12 21:38:25','2016-02-12 21:38:25',NULL),(36,'Poroto','',6,'2016-02-12 21:38:40','2016-02-12 21:38:40',NULL),(37,'Carnes rojas','',3,'2016-02-12 21:39:01','2016-02-12 21:39:19',NULL),(38,'Pollo','',3,'2016-02-12 21:40:06','2016-02-12 21:40:06',NULL),(39,'Pescado de Mar','',4,'2016-02-12 21:40:54','2016-02-13 17:54:47',NULL),(40,'Pescado de Rio','',4,'2016-02-12 21:41:15','2016-02-13 17:55:34',NULL),(41,'Cerdo','',3,'2016-02-12 21:41:45','2016-02-12 21:41:45',NULL),(42,'Tallarines','',5,'2016-02-12 21:42:01','2016-02-12 21:42:01',NULL),(43,'Ravioles','',5,'2016-02-12 21:42:14','2016-02-12 21:42:14',NULL),(44,'Ñoquis','',5,'2016-02-12 21:42:30','2016-02-12 21:42:30',NULL),(45,'Sorrentinos','',5,'2016-02-12 21:42:42','2016-02-12 21:42:42',NULL),(46,'Capeletinis','',5,'2016-02-12 21:42:58','2016-02-12 21:42:58',NULL),(47,'Agnolotis','',5,'2016-02-12 21:43:12','2016-02-12 21:43:12',NULL),(48,'Canelones de Verdura','',5,'2016-02-12 21:43:44','2016-02-13 18:17:58',NULL),(49,'Canelones de Pescado','',5,'2016-02-12 21:43:46','2016-02-13 18:18:23',NULL),(50,'Canelones de Ricota','',5,'2016-02-12 21:44:02','2016-02-13 18:18:46',NULL),(51,'Lasagna','',5,'2016-02-12 21:44:19','2016-08-30 19:55:28',NULL),(52,'Aceituna','',6,'2016-02-17 12:24:16','2016-02-17 12:24:16',NULL),(53,'Queso Cremoso','',12,'2016-02-17 13:53:15','2016-02-17 13:53:15',NULL),(54,'Queso tybo','',12,'2016-02-17 13:53:27','2016-02-17 13:53:27',NULL),(55,'Ricotta','',12,'2016-02-17 13:53:38','2016-02-17 13:53:38',NULL),(56,'Jamon','',12,'2016-02-17 13:53:47','2016-02-17 13:53:47',NULL),(57,'Agridulce','Agridulce',13,'2016-08-30 15:58:27','2016-08-30 15:58:27',NULL);

/*Table structure for table `cadete` */

DROP TABLE IF EXISTS `cadete`;

CREATE TABLE `cadete` (
  `id` int(11) NOT NULL AUTO_INCREMENT,
  `nombre` varchar(255) NOT NULL,
  `apellido` varchar(255) NOT NULL,
  `telefono` varchar(11) NOT NULL,
  `email` varchar(11) NOT NULL,
  `created_at` datetime NOT NULL,
  `updated_at` datetime NOT NULL,
  PRIMARY KEY (`id`)
) ENGINE=InnoDB AUTO_INCREMENT=10 DEFAULT CHARSET=latin1;

/*Data for the table `cadete` */

insert  into `cadete`(`id`,`nombre`,`apellido`,`telefono`,`email`,`created_at`,`updated_at`) values (6,'Martin','Cadete','15589919','','2016-03-04 20:14:00','2016-03-04 20:14:00'),(7,'Alexis','Blanco','15523892','','2016-03-04 20:14:50','2016-07-20 00:20:04'),(8,'Yanina','Cadete','','','2016-03-04 20:17:53','2016-05-31 21:00:06'),(9,'Camilo','Bonora','','','2016-07-20 00:19:45','2016-07-20 00:19:45');

/*Table structure for table `cliente` */

DROP TABLE IF EXISTS `cliente`;

CREATE TABLE `cliente` (
  `id` int(11) NOT NULL AUTO_INCREMENT,
  `nombre` varchar(45) DEFAULT NULL,
  `apellido` varchar(45) DEFAULT NULL,
  `dni` int(11) DEFAULT NULL,
  `domicilio` varchar(45) DEFAULT NULL,
  `telefono` varchar(255) NOT NULL,
  `email` varchar(45) DEFAULT NULL,
  `estado_deuda` varchar(45) DEFAULT NULL,
  `valor_deuda` varchar(45) DEFAULT NULL,
  `estado` varchar(45) DEFAULT NULL,
  `deleted_at` timestamp NULL DEFAULT NULL,
  `updated_at` timestamp NULL DEFAULT NULL,
  `created_at` timestamp NOT NULL DEFAULT '0000-00-00 00:00:00',
  `idlocalidad` int(11) NOT NULL,
  `idempresa` int(11) DEFAULT NULL,
  `envio` int(11) NOT NULL DEFAULT '0',
  `idcadete` int(11) DEFAULT NULL,
  PRIMARY KEY (`id`),
  KEY `fk_emp_idx` (`idempresa`),
  KEY `fk_loca_idx` (`idlocalidad`),
  CONSTRAINT `fk_emp` FOREIGN KEY (`idempresa`) REFERENCES `empresa` (`id`) ON DELETE NO ACTION ON UPDATE NO ACTION,
  CONSTRAINT `fk_loca` FOREIGN KEY (`idlocalidad`) REFERENCES `localidad` (`id`) ON DELETE NO ACTION ON UPDATE NO ACTION
) ENGINE=InnoDB AUTO_INCREMENT=259 DEFAULT CHARSET=latin1;

/*Data for the table `cliente` */

insert  into `cliente`(`id`,`nombre`,`apellido`,`dni`,`domicilio`,`telefono`,`email`,`estado_deuda`,`valor_deuda`,`estado`,`deleted_at`,`updated_at`,`created_at`,`idlocalidad`,`idempresa`,`envio`,`idcadete`) values (16,'Mirta ','Buyatti',0,'','3482504483','',NULL,NULL,NULL,NULL,'2016-02-12 10:36:34','2016-02-12 10:36:34',3,NULL,1,NULL),(18,'Valentina','Monzon',0,'Rivadavia n° 333','15627444','valentinamonzon66@gmail.com',NULL,NULL,NULL,NULL,'2016-02-13 17:46:24','2016-02-13 17:46:24',3,NULL,0,NULL),(19,'Leonor','Degusti',0,'Rivadavia n° 1554','428743','',NULL,NULL,NULL,NULL,'2016-04-24 19:17:05','2016-02-13 17:50:22',3,NULL,1,NULL),(20,'Juan Manuel','Bocco',0,'Iriondo n° 949','0342-155366786','jmbocconicuesa@gmail.com',NULL,NULL,NULL,NULL,'2016-02-13 18:02:03','2016-02-13 18:02:03',3,NULL,0,NULL),(21,'Hilda','Buyatti',0,'Freyre n° 457','15417212','',NULL,NULL,NULL,NULL,'2016-02-13 18:03:19','2016-02-13 18:03:19',3,NULL,0,NULL),(22,'Micaela','Berzero',0,'Club de campo \"LA RURAL\"','15542229','micaelaberzero@hotmail.com',NULL,NULL,NULL,NULL,'2016-02-26 22:03:30','2016-02-13 18:03:49',3,NULL,0,NULL),(23,'Abel','Fernandez',0,'Rivadavia n° 955','0342-154187835','',NULL,NULL,NULL,NULL,'2016-02-13 18:06:42','2016-02-13 18:06:42',3,NULL,0,NULL),(24,'Amelia','Cian',0,'Rivadavia n° 955','0342-154352658','',NULL,NULL,NULL,NULL,'2016-02-13 18:11:59','2016-02-13 18:11:59',3,NULL,0,NULL),(25,'Natalia','Villalba',0,'Lucas Funes n° 759 (depto 3)','15419557','natlalo@hotmail.com',NULL,NULL,NULL,NULL,'2016-02-13 18:21:54','2016-02-13 18:21:54',3,NULL,1,NULL),(26,'Juan Carlos','Casanova',0,'Pueyrredon n° 1010 (puerta blanca)','15449100 - 15569031','',NULL,NULL,NULL,NULL,'2016-03-03 22:14:25','2016-02-13 18:25:28',3,NULL,0,NULL),(27,'Yamila','Marega',0,'Freyre n° 1286','15652480','yami_m007@hotmail.com',NULL,NULL,NULL,NULL,'2016-02-13 18:26:45','2016-02-13 18:26:45',3,NULL,0,NULL),(28,'Claudia','Buyatti',0,'Obligado n° 1072','15406158','',NULL,NULL,NULL,NULL,'2016-02-13 18:30:13','2016-02-13 18:30:13',3,NULL,0,NULL),(29,'Marilin','Velazquez',0,'Brown n° 1643','15311237','marilinluz2009@hotmail.com',NULL,NULL,NULL,NULL,'2016-02-13 18:34:03','2016-02-13 18:34:03',3,NULL,0,NULL),(30,'Analia','Muchut',0,'Calle 13 n° 984','15303288','manalia@trcnet.com.ar',NULL,NULL,NULL,NULL,'2016-02-17 12:32:58','2016-02-13 18:35:18',1,NULL,1,NULL),(31,'Mercedes','Domingorena',0,'Iriondo n° 141','426691 - 15440396','mdomingorena@hotmail.com',NULL,NULL,NULL,NULL,'2016-02-13 18:36:33','2016-02-13 18:36:33',3,NULL,0,NULL),(32,'Maria Claudia','Nallip',0,'Obligado n° 1437 o Escuela Comercio','421203 - 15633071','mcnallip@trcnet.com.ar',NULL,NULL,NULL,NULL,'2016-04-22 23:31:57','2016-02-13 18:38:06',3,NULL,1,NULL),(33,'Marta','Obregon',0,'25 de mayo n°  (clinica del ojo)','15415110','marta_colombo@hotmail.com',NULL,NULL,NULL,'2016-04-22 12:57:37','2016-04-22 12:57:37','2016-02-13 18:39:58',3,NULL,1,NULL),(34,'Silvana','Lucci',0,'Lucas Funes n° 963','421981 - 15441887','sileliza2007@hotmail.com',NULL,NULL,NULL,NULL,'2016-03-04 12:44:21','2016-02-13 18:41:20',3,NULL,0,NULL),(35,'Mario','Schlatter',0,'Lucas Funes n° 963','15641426','mschlatter@e-friar.com.ar',NULL,NULL,NULL,NULL,'2016-02-13 18:42:26','2016-02-13 18:42:26',3,NULL,1,NULL),(36,'Sol','Schlatter',0,'Lucas Funes n° 963','15622131','solsch09@hotmail.com',NULL,NULL,NULL,NULL,'2016-02-13 18:44:11','2016-02-13 18:44:11',3,NULL,1,NULL),(37,'Hermelinda','Aguilar',0,'Pasaje 23-25 n° 2046 (b° parque)','426580 - 15635472','',NULL,NULL,NULL,NULL,'2016-02-27 14:07:30','2016-02-13 18:46:39',3,NULL,1,NULL),(38,'Yina','Yapurt',0,'Bolivar n° 569','429183','',NULL,NULL,NULL,'2016-04-22 12:58:59','2016-04-22 12:58:59','2016-02-17 11:16:46',3,NULL,1,NULL),(39,'Norberto Luis','Diaz',0,'Mitre 1366','421478 - 15620803','beto.diaz@vicentin.com.ar',NULL,NULL,NULL,NULL,'2016-02-17 11:22:11','2016-02-17 11:22:11',3,NULL,0,NULL),(40,'Beatriz Susana','Cabas',0,'mi','421478 - 15405085','',NULL,NULL,NULL,'2016-04-21 20:52:34','2016-04-21 20:52:34','2016-02-17 12:07:11',3,NULL,0,NULL),(41,'Juliana','Venica',0,'','15538080','julivenica@hotmail.como',NULL,NULL,NULL,'2016-04-22 12:57:18','2016-04-22 12:57:18','2016-02-17 12:09:58',3,NULL,0,NULL),(42,'Nicolas','Venica',0,'Amenabar nº 380','15429659','nicolasmvenica@hotmail.com',NULL,NULL,NULL,'2016-04-22 12:57:53','2016-04-22 12:57:53','2016-02-17 12:38:43',3,NULL,0,NULL),(43,'Marianela','Barreta',0,'Obliado nº 952 1ª \"A\" - laboral: roca nº 925 ','03492-15676933','mbarretta@santanderrio.com.ar',NULL,NULL,NULL,'2016-04-21 20:52:02','2016-04-21 20:52:02','2016-02-17 12:44:45',3,NULL,1,NULL),(44,'Maria Rosa','Yapur',0,'25 de mayo nº 669','429119 - 15533141','mariarosayapur@hotmail.com',NULL,NULL,NULL,NULL,'2016-02-26 22:05:58','2016-02-17 12:46:02',3,NULL,0,NULL),(45,'Solange','Capozzolo',0,'Obligado nª952 Dpto 3ª  \"B\"','15695496','solcapozzolo@hotmail.com',NULL,NULL,NULL,NULL,'2016-02-17 12:48:45','2016-02-17 12:48:45',3,NULL,0,NULL),(46,'Alejandra','Segretin',0,'Brown nº 1747','15559607','azorzon@trcnet.com.ar',NULL,NULL,NULL,'2016-03-04 13:17:11','2016-03-04 13:17:11','2016-02-17 12:51:01',3,NULL,0,NULL),(47,'Carina','Monserrat',0,'Pasaje 14/16 nª 2132 (en frente vecinal bª ch','422323','carinagabriela@live.com',NULL,NULL,NULL,'2016-03-04 12:49:39','2016-03-04 12:49:39','2016-02-17 12:53:46',3,NULL,1,NULL),(48,'Agostina','Habegger',0,'Constituyente nª 1340 (pasillo)','15671106','',NULL,NULL,NULL,'2016-03-04 12:38:21','2016-03-04 12:38:21','2016-02-17 12:55:02',3,NULL,1,NULL),(49,'Natalia','Fabbro',0,'Iturraspe nº 1559','15536778','natyfab@hotmail.com',NULL,NULL,NULL,'2016-03-04 12:17:11','2016-03-04 12:17:11','2016-02-17 12:58:12',3,NULL,0,NULL),(50,'Jose','Muchiut',0,'','15310632','',NULL,NULL,NULL,NULL,'2016-02-17 12:59:53','2016-02-17 12:59:53',3,NULL,0,NULL),(51,'Ernesto','Mores',0,'mzna 3 casa 49 planta bara (bº 314 viviendas)','','',NULL,NULL,NULL,NULL,'2016-02-17 13:02:07','2016-02-17 13:01:17',3,NULL,1,NULL),(52,'Raul','Fabrisin',0,'Roca Nº 1196','420709','',NULL,NULL,NULL,'2016-04-22 12:59:58','2016-04-22 12:59:58','2016-02-17 13:01:45',3,NULL,0,NULL),(53,'Giovanna','salami',0,'Patricio Diez Nº 175','15583179','giovanna.s89@hotmail.com',NULL,NULL,NULL,'2016-03-04 13:15:52','2016-03-04 13:15:52','2016-02-17 13:05:11',3,NULL,1,NULL),(54,'Raul','Cataño',0,'','','',NULL,NULL,NULL,NULL,'2016-03-03 22:20:02','2016-02-17 13:06:31',3,NULL,0,NULL),(55,'Maria Grisela','-',0,'Olessio nº 2533 (bª obligado)','15223560','mariagrisela@hotmail.com',NULL,NULL,NULL,NULL,'2016-02-17 13:08:27','2016-02-17 13:08:27',3,NULL,0,NULL),(56,'Camila','Lovey',0,'Moreno Nª 1426','428481 - 15534827','',NULL,NULL,NULL,'2016-03-04 12:39:25','2016-03-04 12:39:25','2016-02-17 13:12:51',3,NULL,0,NULL),(57,'Miryan Mabel ','Mendoza de Longhi',0,'Obligado nº 276','429707','',NULL,NULL,NULL,'2016-04-22 12:42:14','2016-04-22 12:42:14','2016-02-17 13:15:18',3,NULL,1,NULL),(58,'Alberto','Buyatti',0,'Alvear Nº 667','429382','',NULL,NULL,NULL,'2016-04-21 20:50:33','2016-04-21 20:50:33','2016-02-17 13:17:38',3,NULL,1,NULL),(59,'Joana','Aldrian',0,'Roca Nº 944','15601244','joa_aldrian@hotmail.com',NULL,NULL,NULL,'2016-04-21 20:51:31','2016-04-21 20:51:31','2016-02-17 13:19:15',3,NULL,1,NULL),(60,'Mauro','Buyatti',0,'Roca Nº 944','15302111','mbuyatti@transatlantica.com.ar',NULL,NULL,NULL,'2016-04-21 20:53:16','2016-04-21 20:53:16','2016-02-17 13:21:22',3,NULL,1,NULL),(63,'Virginia ','Barreto',0,'Dispensario Bº Chapero','','',NULL,NULL,NULL,'2016-04-21 20:52:18','2016-04-21 20:52:18','2016-02-17 13:27:04',3,NULL,1,NULL),(64,'Viviana','Cisera',0,'Mitre Nº 786 (galeria del paseo)','421572','',NULL,NULL,NULL,'2016-04-21 20:51:13','2016-04-21 20:51:13','2016-02-17 13:28:29',3,NULL,1,NULL),(66,'Romina','Suarez',0,'Calle 85 Nº 237 (carmen luisa)','15572018','',NULL,NULL,NULL,'2016-03-04 13:17:26','2016-03-04 13:17:26','2016-02-17 13:35:07',3,NULL,1,NULL),(67,'Fabricio','Weiss',0,'Rivadavia Nª 157','15237002','weissfabri@gmail.com',NULL,NULL,NULL,'2016-04-22 13:01:12','2016-04-22 13:01:12','2016-02-17 13:43:21',3,NULL,0,NULL),(68,'Maria Belen','De Mondesert',0,'9 de Julio Nª 1055 (7ª piso)','15651038','',NULL,NULL,NULL,'2016-04-22 12:27:29','2016-04-22 12:27:29','2016-02-17 13:45:58',3,NULL,0,NULL),(69,'Gisela','Buyatti',0,'25 de mayo nº 730','15605413','gievebuy@hotmail.com',NULL,NULL,NULL,'2016-04-22 12:59:36','2016-04-22 12:59:36','2016-02-17 13:52:11',3,NULL,1,NULL),(70,'Alejandro','Alvarez',0,'Pasaje 24/26 Bis Nº 3054 (Bº Unidos)','15448682','amalvarez@santafe.gov.ar',NULL,NULL,NULL,NULL,'2016-02-17 13:55:53','2016-02-17 13:55:53',3,NULL,0,NULL),(71,'Andrea','Reyes',0,'Calle 83 nº 638 (bª lorenzon)','15397213','andrealorenareyes@yahoo.com.ar',NULL,NULL,NULL,NULL,'2016-02-17 13:58:52','2016-02-17 13:58:52',3,NULL,0,NULL),(74,'Luciana','Magi',0,'','','',NULL,NULL,NULL,'2016-04-22 12:41:55','2016-04-22 12:41:55','2016-02-17 14:01:48',3,NULL,0,NULL),(75,'Leticia','Lorenzon',0,'','','',NULL,NULL,NULL,'2016-10-06 23:37:50','2016-10-06 23:37:50','2016-02-17 14:03:51',1,2,0,NULL),(76,'Ana Paula','Pietropaolo',0,'','15555513','anapietropaolo@hotmail.com',NULL,NULL,NULL,NULL,'2016-03-04 13:19:16','2016-02-17 14:05:52',3,NULL,0,NULL),(77,'Rodri','Vera',0,'','15617267','rodrigosvera@hotmail.com',NULL,NULL,NULL,NULL,'2016-02-17 14:08:34','2016-02-17 14:08:34',3,NULL,0,NULL),(78,'Angelica','Buyatti',0,'Belgrano nº 1081','420473','',NULL,NULL,NULL,NULL,'2016-02-26 22:03:56','2016-02-17 14:12:59',3,NULL,1,NULL),(79,'Maria Ceciia','Aguirre',0,'Calle 22 Nº 933','480228 - 15445960','mcecilia.aguirre@hotmail.com',NULL,NULL,NULL,'2016-04-21 20:51:45','2016-04-21 20:51:45','2016-02-17 14:14:23',1,NULL,0,NULL),(81,'Andrea','Chicharro',0,'Moreno Nº 1347','15236503','andreachicharro@hotmail.com',NULL,NULL,NULL,NULL,'2016-02-17 14:15:55','2016-02-17 14:15:55',3,NULL,0,NULL),(82,'Graciela','Farollch',0,'Pasaje 53/55 - Casa 111 (bª america)','428628 - 15311296','',NULL,NULL,NULL,NULL,'2016-03-04 12:30:40','2016-02-17 14:19:58',3,NULL,0,NULL),(83,'Fernando','Gonzalez',0,'Lucas Funes Nº 229','15204658','',NULL,NULL,NULL,'2016-03-04 12:33:33','2016-03-04 12:33:33','2016-02-17 14:22:14',3,NULL,1,NULL),(84,'Rebeca','Bandeo',0,'Bolivar Nº 3036','15311774','rebecabandeo@hotmail.com',NULL,NULL,NULL,NULL,'2016-02-17 14:25:04','2016-02-17 14:25:04',3,NULL,0,NULL),(85,'Ariel','Borda',0,'Ituzaingo Nº 1521','15628222','monoborda@hotmail.com',NULL,NULL,NULL,'2016-04-21 20:50:20','2016-04-21 20:50:20','2016-02-17 14:29:00',3,NULL,1,NULL),(86,'Anto','Scarel',0,'Ituzaingo Nº 1521','','',NULL,NULL,NULL,'2016-04-22 12:56:53','2016-04-22 12:56:53','2016-02-17 14:30:11',3,NULL,1,NULL),(87,'Sofia','Gueler',0,'Obligado Nª 1123 - piso 9','0341 - 152524321','',NULL,NULL,NULL,NULL,'2016-02-17 14:33:43','2016-02-17 14:33:43',3,NULL,0,NULL),(88,'Maria del Carmen','Vicentin',0,'CAlle 16 Nº 468','15443171','marivice@trcnet.com.ar',NULL,NULL,NULL,NULL,'2016-02-17 14:35:05','2016-02-17 14:35:05',1,NULL,1,NULL),(89,'Sandra','Redigonda',0,'Rivadavia Nª 923','15543329','redigondasandra@hotmail.com',NULL,NULL,NULL,NULL,'2016-02-17 14:36:38','2016-02-17 14:36:38',3,NULL,0,NULL),(90,'Alicia','Forlin',0,'9 de Julio Nª 1310','426038','organizacion.nea@hotmail.com',NULL,NULL,NULL,NULL,'2016-03-04 20:20:00','2016-02-17 14:40:29',3,NULL,0,NULL),(91,'Leila','Nael',0,'9 de Julio Nª 1310','15653772','leila_nahel@hotmail.com',NULL,NULL,NULL,NULL,'2016-02-17 14:42:57','2016-02-17 14:42:57',3,NULL,0,NULL),(92,'Alejandra','Gatti',0,'','','',NULL,NULL,NULL,'2016-10-06 23:37:50','2016-10-06 23:37:50','2016-02-26 21:46:31',1,2,0,NULL),(93,'Alejandro','Manzur',0,'','','',NULL,NULL,NULL,'2016-10-06 23:37:50','2016-10-06 23:37:50','2016-02-26 21:46:59',1,2,0,NULL),(94,'Miguel','Suligoy',0,'','','',NULL,NULL,NULL,'2016-10-06 23:37:50','2016-10-06 23:37:50','2016-02-26 21:47:46',1,2,0,NULL),(95,'Sergio','Nardelli',0,'','','',NULL,NULL,NULL,'2016-10-06 23:37:50','2016-10-06 23:37:50','2016-02-26 21:48:10',1,2,0,NULL),(96,'Beatriz','Vicentin',0,'','','',NULL,NULL,NULL,'2016-10-06 23:37:50','2016-10-06 23:37:50','2016-02-26 21:48:41',1,2,0,NULL),(97,'Adalberto','Cabral',0,'','','',NULL,NULL,NULL,'2016-10-06 23:37:50','2016-10-06 23:37:50','2016-02-26 21:49:21',1,2,0,NULL),(98,'Marcos','Fumo',0,'','','',NULL,NULL,NULL,'2016-10-06 23:37:50','2016-10-06 23:37:50','2016-02-26 21:50:08',1,2,0,NULL),(99,'Nino','Franzoy',0,'','','',NULL,NULL,NULL,'2016-10-06 23:37:50','2016-10-06 23:37:50','2016-02-26 21:50:31',1,2,0,NULL),(100,'Osvaldo','Fleitas',0,'','','',NULL,NULL,NULL,'2016-10-06 23:37:50','2016-10-06 23:37:50','2016-02-26 21:50:55',1,2,0,6),(101,'ICBC','Banco',0,'San Martin y Habegger','','',NULL,NULL,NULL,NULL,'2016-03-04 20:36:09','2016-03-04 20:36:09',3,3,0,NULL),(102,'Sandra ','Salame',0,'Roca n° 2315','15647103','copitel@hotmail.com.ar',NULL,NULL,NULL,NULL,'2016-03-04 20:38:49','2016-03-04 20:38:49',3,NULL,1,NULL),(103,'Jose','Isla',0,'San Martin 1019','3482661622','islajose64@gmail.com',NULL,NULL,NULL,NULL,'2016-03-04 20:41:23','2016-03-04 20:41:23',3,NULL,1,NULL),(104,'Mauricio','Martelossi',0,'Loteo Martelossi','15577309','mdmartelossi@gmail.com',NULL,NULL,NULL,NULL,'2016-03-05 12:40:17','2016-03-05 12:40:17',3,NULL,1,NULL),(105,'Gisela','Cainelli',0,'Mitre 1720 B° Parque','15308038','',NULL,NULL,NULL,'2016-04-22 12:26:58','2016-04-22 12:26:58','2016-03-05 12:45:16',3,NULL,1,NULL),(106,'Alicia','Vera',0,'Habegger n° 398','15624465','alegahn@hotmail.com',NULL,NULL,NULL,'2016-04-22 12:58:13','2016-04-22 12:58:13','2016-03-06 12:37:05',3,NULL,0,NULL),(107,'Martin','Aupperle',0,'Belgrano n° 1141','15644238','martin.aupperle@vicentin.com.ar',NULL,NULL,NULL,NULL,'2016-03-06 12:40:39','2016-03-06 12:40:39',3,NULL,0,NULL),(108,'Nelci','Nardelli',0,'9 de Julio n° 686','425932 - 154603835','',NULL,NULL,NULL,NULL,'2016-03-06 12:44:32','2016-03-06 12:44:32',1,NULL,1,NULL),(134,'Carolina','Fernandez',0,'Pueyrredon n° 946','','',NULL,NULL,NULL,NULL,'2016-03-12 02:23:22','2016-03-12 02:23:22',1,NULL,0,NULL),(135,'Claudia','Rodriguez',0,'Alvear n° 1771','','',NULL,NULL,NULL,NULL,'2016-03-12 13:36:33','2016-03-12 13:36:33',3,NULL,0,NULL),(136,'Diego','Pighin',0,'','','',NULL,NULL,NULL,NULL,'2016-03-16 20:51:33','2016-03-14 20:34:24',3,NULL,0,NULL),(137,'Elba ','Fernandez',0,'','','',NULL,NULL,NULL,'2016-04-22 12:28:55','2016-04-22 12:28:55','2016-03-14 20:41:29',3,NULL,0,NULL),(138,'Elvia','Villanueva',0,'','','',NULL,NULL,NULL,NULL,'2016-03-14 20:48:19','2016-03-14 20:48:19',3,NULL,0,NULL),(140,'Graciela ','Nardelli',0,'','','',NULL,NULL,NULL,NULL,'2016-03-16 20:07:03','2016-03-16 20:07:03',3,NULL,0,NULL),(141,'Ivana','Fernandez',0,'','','',NULL,NULL,NULL,NULL,'2016-03-16 20:43:30','2016-03-16 20:43:30',3,NULL,0,NULL),(142,'Julieta ','Menichelli',0,'Club de campo \"LA RURAL\"','3482506075','',NULL,NULL,NULL,NULL,'2016-03-16 20:54:07','2016-03-16 20:54:07',3,NULL,0,NULL),(143,'Aridna','Martinez',0,'','','',NULL,NULL,NULL,'2016-04-22 12:54:03','2016-04-22 12:54:03','2016-03-18 20:03:55',3,NULL,0,NULL),(144,'Elida ','Rodriguez',0,'','','',NULL,NULL,NULL,NULL,'2016-03-18 20:09:34','2016-03-18 20:09:34',3,NULL,0,NULL),(145,'Lider','Marega',0,'San Lorenzo N° 403','','',NULL,NULL,NULL,NULL,'2016-03-18 20:13:09','2016-03-18 20:13:09',3,NULL,0,NULL),(146,'Mariela','Panaderia',0,'','','',NULL,NULL,NULL,'2016-04-22 12:54:28','2016-04-22 12:54:28','2016-03-18 20:15:29',3,NULL,0,NULL),(147,'Marita','Masssin',0,'','','',NULL,NULL,NULL,NULL,'2016-03-18 20:17:06','2016-03-18 20:17:06',3,NULL,0,NULL),(148,'Martina','Garnero',0,'','','',NULL,NULL,NULL,NULL,'2016-03-18 20:18:32','2016-03-18 20:18:32',3,NULL,0,NULL),(149,'Natalia','Delettieres',0,'','','',NULL,NULL,NULL,'2016-04-22 12:28:15','2016-04-22 12:28:15','2016-03-18 20:30:23',3,NULL,0,NULL),(152,'Natalia','Zancada',0,'','','',NULL,NULL,NULL,NULL,'2016-03-29 21:00:53','2016-03-18 20:37:04',3,NULL,0,NULL),(153,'Patricia','Raffin',0,'','','',NULL,NULL,NULL,NULL,'2016-03-30 20:02:54','2016-03-18 20:40:00',3,NULL,0,NULL),(154,'Silvana','Rossi',0,'','','',NULL,NULL,NULL,NULL,'2016-03-18 20:41:54','2016-03-18 20:41:54',3,NULL,0,NULL),(155,'Valeria','Ferreyra',0,'','','',NULL,NULL,NULL,'2016-04-22 12:29:22','2016-04-22 12:29:22','2016-03-21 12:28:53',3,NULL,0,NULL),(156,'Alexis','Gahn',0,'','','',NULL,NULL,NULL,'2016-04-22 12:40:43','2016-04-22 12:40:43','2016-03-21 12:31:12',3,NULL,0,NULL),(157,'Angeles','Reyero',0,'','','',NULL,NULL,NULL,NULL,'2016-04-17 22:35:06','2016-03-21 20:30:58',3,NULL,0,NULL),(158,'Amaro','Ramoa',0,'','','',NULL,NULL,NULL,NULL,'2016-03-21 20:36:07','2016-03-21 20:36:07',3,NULL,0,NULL),(159,'Nardelli','Eduardo',0,'','','',NULL,NULL,NULL,'2016-04-22 12:28:33','2016-04-22 12:28:33','2016-03-21 20:38:59',3,NULL,0,NULL),(160,'Gloria','Diaz',0,'','','',NULL,NULL,NULL,NULL,'2016-03-21 20:42:12','2016-03-21 20:42:12',3,NULL,0,NULL),(161,'Bianchini','Gustavo',0,'','','',NULL,NULL,NULL,'2016-04-22 12:54:47','2016-04-22 12:54:47','2016-03-21 20:44:54',3,NULL,0,NULL),(162,'Gabriela','Lorenzini',0,'','','',NULL,NULL,NULL,NULL,'2016-03-30 20:01:05','2016-03-21 20:47:19',3,NULL,0,NULL),(163,'Manuel','Arzamendia',0,'','','',NULL,NULL,NULL,NULL,'2016-03-21 20:50:27','2016-03-21 20:50:27',3,NULL,0,NULL),(164,'Marcos','Dito',0,'','','',NULL,NULL,NULL,NULL,'2016-03-21 20:52:20','2016-03-21 20:52:20',3,NULL,0,NULL),(165,'Paula','Zanuttini',0,'','','',NULL,NULL,NULL,NULL,'2016-03-29 21:01:15','2016-03-29 21:01:15',3,NULL,0,NULL),(167,'Maria Cecilia','Di Leo',0,'','','',NULL,NULL,NULL,NULL,'2016-03-29 21:24:47','2016-03-29 21:24:47',3,NULL,0,NULL),(168,'Amiga','Luisi',0,'','','',NULL,NULL,NULL,'2016-04-22 12:41:37','2016-04-22 12:41:37','2016-03-29 21:26:46',3,NULL,0,NULL),(169,'Jose Carlos','Agustini',0,'','','',NULL,NULL,NULL,NULL,'2016-03-29 21:31:57','2016-03-29 21:28:37',3,NULL,0,NULL),(170,'Arley','Kainel',0,'','','',NULL,NULL,NULL,NULL,'2016-03-29 21:35:34','2016-03-29 21:35:34',3,NULL,0,NULL),(171,'Natalia','Fabro',0,'','','',NULL,NULL,NULL,NULL,'2016-03-29 21:37:50','2016-03-29 21:37:50',3,NULL,0,NULL),(172,'Belen','Gueler',0,'','','',NULL,NULL,NULL,'2016-04-22 12:53:33','2016-04-22 12:53:33','2016-03-29 21:39:30',3,NULL,0,NULL),(173,'Alba','Zarza',0,'','','',NULL,NULL,NULL,NULL,'2016-03-29 21:40:55','2016-03-29 21:40:55',3,NULL,0,NULL),(175,'Dalila','Yunez',0,'','','',NULL,NULL,NULL,NULL,'2016-03-29 21:44:29','2016-03-29 21:44:29',3,NULL,0,NULL),(176,'Juliana','Arzamendia',0,'','','',NULL,NULL,NULL,NULL,'2016-03-29 21:48:03','2016-03-29 21:48:03',3,NULL,0,NULL),(177,'Lucina','Toledo',0,'','','',NULL,NULL,NULL,NULL,'2016-03-29 21:57:50','2016-03-29 21:57:50',3,NULL,0,NULL),(178,'Luis','Mores',0,'','','',NULL,NULL,NULL,NULL,'2016-03-29 22:02:52','2016-03-29 22:02:52',3,NULL,0,NULL),(179,'Marcelo','Duran',0,'','','',NULL,NULL,NULL,NULL,'2016-03-29 22:04:03','2016-03-29 22:04:03',3,NULL,0,NULL),(180,'Matias','Babor',0,'','','',NULL,NULL,NULL,NULL,'2016-03-29 22:05:07','2016-03-29 22:05:07',3,NULL,0,NULL),(181,'Micaela','Cabral',0,'','','',NULL,NULL,NULL,NULL,'2016-03-29 22:07:19','2016-03-29 22:07:19',3,NULL,0,NULL),(182,'Oscar','Ibarra',0,'','','',NULL,NULL,NULL,NULL,'2016-03-29 22:08:44','2016-03-29 22:08:44',3,NULL,0,NULL),(183,'Olga','Sturla',0,'','','',NULL,NULL,NULL,NULL,'2016-03-29 22:09:55','2016-03-29 22:09:55',3,NULL,0,NULL),(184,'Susana','Soto',0,'','','',NULL,NULL,NULL,NULL,'2016-03-29 22:11:20','2016-03-29 22:11:20',3,NULL,0,NULL),(186,'Cabral','Micaela',0,'','','',NULL,NULL,NULL,NULL,'2016-03-30 20:08:05','2016-03-30 20:08:05',3,NULL,0,NULL),(187,'Susana','Piccoli',0,'','','',NULL,NULL,NULL,NULL,'2016-03-30 20:12:56','2016-03-30 20:12:56',3,NULL,0,NULL),(188,'Cristian','Bieri',0,'','','',NULL,NULL,NULL,NULL,'2016-03-30 20:15:03','2016-03-30 20:15:03',3,NULL,0,NULL),(189,'Daniela','Carnelutti',0,'','','',NULL,NULL,NULL,'2016-04-22 12:27:13','2016-04-22 12:27:13','2016-03-30 20:16:47',3,NULL,0,NULL),(190,'Agostina','Montoya',0,'','','',NULL,NULL,NULL,'2016-04-22 12:55:36','2016-04-22 12:55:36','2016-03-30 20:34:52',3,NULL,0,NULL),(191,'Alberto','Braida',0,'','','',NULL,NULL,NULL,NULL,'2016-03-30 20:36:03','2016-03-30 20:36:03',3,NULL,0,NULL),(193,'Analia','Manzur',0,'','','',NULL,NULL,NULL,NULL,'2016-03-30 20:44:32','2016-03-30 20:44:32',3,NULL,0,NULL),(194,'Hugo','Marin',0,'','','',NULL,NULL,NULL,NULL,'2016-03-30 20:47:39','2016-03-30 20:47:39',3,NULL,0,NULL),(195,'Laura','Massin (familia)',0,'','','',NULL,NULL,NULL,NULL,'2016-03-30 20:49:57','2016-03-30 20:49:57',3,NULL,0,NULL),(196,'Mariela','Massin  ',0,'','','',NULL,NULL,NULL,NULL,'2016-03-30 20:54:35','2016-03-30 20:54:35',3,NULL,0,NULL),(197,'Mariela','Sandoval',0,'','','',NULL,NULL,NULL,NULL,'2016-03-30 20:58:42','2016-03-30 20:58:42',3,NULL,0,NULL),(198,'Natalia','Muchiut',0,'','','',NULL,NULL,NULL,'2016-04-22 13:00:30','2016-04-22 13:00:30','2016-03-30 21:05:32',3,NULL,0,NULL),(199,'Pablo','Ramos',0,'','','',NULL,NULL,NULL,'2016-04-22 12:55:58','2016-04-22 12:55:58','2016-03-30 21:09:47',3,NULL,0,NULL),(201,'Valeria','Gomez',0,'','','',NULL,NULL,NULL,'2016-04-22 12:41:12','2016-04-22 12:41:12','2016-03-30 21:14:05',3,NULL,0,NULL),(202,'Griselda','Zupel',0,'','','',NULL,NULL,NULL,NULL,'2016-03-30 21:16:02','2016-03-30 21:16:02',3,NULL,0,NULL),(203,'Osvaldo','Vicentin',0,'','','',NULL,NULL,NULL,'2016-10-06 23:37:50','2016-10-06 23:37:50','2016-04-21 20:35:17',1,2,0,NULL),(204,'Juan Pablo','Vicentin',0,'','','',NULL,NULL,NULL,'2016-10-06 23:37:50','2016-10-06 23:37:50','2016-04-21 20:40:30',1,2,0,NULL),(205,'Mario','Gregoret',0,'','','',NULL,NULL,NULL,'2016-10-06 23:37:50','2016-10-06 23:37:50','2016-04-21 20:43:56',1,2,0,NULL),(206,'Doris','Vicentin',0,'','','',NULL,NULL,NULL,'2016-10-06 23:37:50','2016-10-06 23:37:50','2016-04-21 20:46:23',1,2,0,NULL),(207,'Hermana Analia','Muchiut',0,'','','',NULL,NULL,NULL,NULL,'2016-04-21 20:54:57','2016-04-21 20:48:44',1,NULL,1,NULL),(208,'Betiana','Ortiz',0,'','','',NULL,NULL,NULL,NULL,'2016-04-22 20:07:47','2016-04-22 20:07:47',3,NULL,0,NULL),(209,'Walter','Cattanzariti',0,'','','',NULL,NULL,NULL,NULL,'2016-04-22 20:31:15','2016-04-22 20:31:15',3,NULL,0,NULL),(210,'Doctor','Carrasco',0,'','','',NULL,NULL,NULL,NULL,'2016-04-22 20:33:15','2016-04-22 20:33:15',3,NULL,0,NULL),(211,'Andrea','Biancolini',0,'','','',NULL,NULL,NULL,NULL,'2016-04-22 20:34:39','2016-04-22 20:34:39',3,NULL,0,NULL),(212,'Flavia','Maglione',0,'','','',NULL,NULL,NULL,NULL,'2016-04-22 20:36:49','2016-04-22 20:36:49',3,NULL,0,NULL),(213,'Nora','Lopez',0,'','','',NULL,NULL,NULL,NULL,'2016-04-22 20:44:48','2016-04-22 20:44:48',3,NULL,0,NULL),(214,'Mirta','Stangaferro',0,'','','',NULL,NULL,NULL,NULL,'2016-04-22 20:48:15','2016-04-22 20:48:15',3,NULL,0,NULL),(215,'Luciano','Fernandez',0,'','','',NULL,NULL,NULL,NULL,'2016-04-22 20:51:55','2016-04-22 20:51:55',3,NULL,0,NULL),(216,'Tere','Silvestre',0,'','','',NULL,NULL,NULL,NULL,'2016-04-22 20:54:47','2016-04-22 20:54:47',3,NULL,0,NULL),(217,'Niclis','Angelica',0,'Obligado n° 429','','',NULL,NULL,NULL,NULL,'2016-04-22 21:00:43','2016-04-22 21:00:43',3,NULL,1,NULL),(218,'Cintia','Vallejos',0,'Calle 59 n° 536 (B° America)','','',NULL,NULL,NULL,NULL,'2016-04-22 21:03:28','2016-04-22 21:03:28',3,NULL,1,NULL),(219,'Gisela','A',0,'Calle 43 n° 135','','',NULL,NULL,NULL,NULL,'2016-04-22 23:24:04','2016-04-22 23:22:35',3,NULL,1,NULL),(221,'Gladys','Pucheta',0,'Habegger n° 1116','','',NULL,NULL,NULL,NULL,'2016-04-22 23:24:52','2016-04-22 23:24:52',3,NULL,1,NULL),(222,'Ines','Leguizamon',0,'Calle 77 n° 239','','',NULL,NULL,NULL,NULL,'2016-04-22 23:26:29','2016-04-22 23:26:29',3,NULL,1,NULL),(223,'Leila','A',0,'YPF','','',NULL,NULL,NULL,NULL,'2016-04-22 23:27:43','2016-04-22 23:27:43',3,NULL,1,NULL),(224,'Luli','A',0,'Iturraspe n° 1060','','',NULL,NULL,NULL,NULL,'2016-04-22 23:28:56','2016-04-22 23:28:56',3,NULL,1,NULL),(225,'Matilde','Marega',0,'Habegger n° 331 ','','',NULL,NULL,NULL,NULL,'2016-04-22 23:30:19','2016-04-22 23:30:19',3,NULL,1,NULL),(226,'Natalia','A',0,'Calle 41 n° 986 (B° Chapero)','','',NULL,NULL,NULL,NULL,'2016-04-22 23:32:59','2016-04-22 23:32:59',3,NULL,1,NULL),(227,'Nicolas ','Spessot',0,'Chacabuco n° 647','','',NULL,NULL,NULL,NULL,'2016-04-22 23:35:20','2016-04-22 23:35:20',3,NULL,1,NULL),(228,'Sergio','Raffin',0,'Obligado n° 967 (Banco Macro)','','',NULL,NULL,NULL,NULL,'2016-04-22 23:37:07','2016-04-22 23:37:07',3,NULL,1,NULL),(229,'Silvia','Dal Lago',0,'Lisandro de la Torre n° 1173','','',NULL,NULL,NULL,NULL,'2016-04-22 23:38:32','2016-04-22 23:38:32',3,NULL,1,NULL),(230,'Cali','Benitez',0,'Patricio Diez n° 176','','',NULL,NULL,NULL,NULL,'2016-04-25 14:29:39','2016-04-22 23:40:04',3,NULL,1,NULL),(231,'Claudia','Martinelli',0,'Amenabar esq. Newbery','','',NULL,NULL,NULL,NULL,'2016-04-22 23:41:54','2016-04-22 23:41:54',3,NULL,1,NULL),(232,'Marta','Fabrissin',0,'25 de Mayo n° 1454','','',NULL,NULL,NULL,NULL,'2016-04-22 23:44:14','2016-04-22 23:44:14',3,NULL,1,NULL),(233,'Monica','Zanel',0,'Habegger n° 1346 (pasillo)','','',NULL,NULL,NULL,NULL,'2016-04-22 23:45:47','2016-04-22 23:45:47',3,NULL,1,NULL),(234,'Miriam','A',0,'Banco Santa Fe','','',NULL,NULL,NULL,NULL,'2016-04-22 23:47:13','2016-04-22 23:47:13',3,NULL,1,NULL),(235,'Sandra','Perez',0,'Moreno n° 725','','',NULL,NULL,NULL,NULL,'2016-04-22 23:48:50','2016-04-22 23:48:50',3,NULL,1,NULL),(236,'A','Ojeda',0,'Iriondo n° 686','','',NULL,NULL,NULL,NULL,'2016-04-22 23:50:21','2016-04-22 23:50:21',3,NULL,1,NULL),(237,'Laura','Massin',0,'Fe Salud','','',NULL,NULL,NULL,NULL,'2016-04-22 23:51:51','2016-04-22 23:51:51',3,NULL,1,NULL),(238,'Carmen','Agustini',0,'Iriondo n° 1055','','',NULL,NULL,NULL,NULL,'2016-04-22 23:54:06','2016-04-22 23:54:06',3,NULL,1,NULL),(239,'Daniela','Alegre',0,'San Lorenzo n° 246','','',NULL,NULL,NULL,NULL,'2016-04-22 23:55:26','2016-04-22 23:55:26',3,NULL,1,NULL),(240,'Marianela','Ru',0,'Sarmiento n° 1369','','',NULL,NULL,NULL,NULL,'2016-04-22 23:57:13','2016-04-22 23:57:13',3,NULL,1,NULL),(241,'Maria Del Carmen','Cataño',0,'Ituzaingo n° 873 dpto 4','','',NULL,NULL,NULL,NULL,'2016-04-22 23:59:18','2016-04-22 23:59:18',3,NULL,1,NULL),(242,'Maria Luz','Muchiut',0,'Calle 315 n° 903','','',NULL,NULL,NULL,NULL,'2016-04-23 00:00:42','2016-04-23 00:00:42',1,NULL,1,NULL),(243,'Patricia','Longhi',0,'Iturraspe n° 55','','',NULL,NULL,NULL,NULL,'2016-04-23 00:01:56','2016-04-23 00:01:56',3,NULL,1,NULL),(244,'Raul','Gazze',0,'Alvear n° 414','','',NULL,NULL,NULL,NULL,'2016-04-23 00:03:14','2016-04-23 00:03:14',3,NULL,1,NULL),(245,'Sandra','Garcia',0,'Iriondo n° 520','','',NULL,NULL,NULL,NULL,'2016-04-23 00:04:18','2016-04-23 00:04:18',3,NULL,1,NULL),(246,'Diego','Lanteri',0,'Olessio n°739','','',NULL,NULL,NULL,NULL,'2016-04-23 00:06:03','2016-04-23 00:06:03',3,NULL,1,NULL),(247,'Evelyn','Cano',0,'Pasaje 55 - 57 (B° America)','','',NULL,NULL,NULL,NULL,'2016-04-23 00:08:30','2016-04-23 00:08:30',3,NULL,1,NULL),(248,'Gabriel ','Lanteri',0,'9 de Julio n° 2271 (B° Chapero)','','',NULL,NULL,NULL,NULL,'2016-04-23 00:10:07','2016-04-23 00:10:07',3,NULL,1,NULL),(249,'Graciela','G',0,'Olessio n° 2621','','',NULL,NULL,NULL,NULL,'2016-04-23 00:12:12','2016-04-23 00:12:12',3,NULL,1,NULL),(250,'Liliana','Goldaraz',0,'9 de Julio n° 640','','',NULL,NULL,NULL,NULL,'2016-04-23 00:14:26','2016-04-23 00:14:26',3,NULL,1,NULL),(251,'Rosana','Difilippo',0,'Bolivar n° 3027','','',NULL,NULL,NULL,NULL,'2016-04-23 00:16:48','2016-04-23 00:16:48',3,NULL,1,NULL),(252,'Kiosco','Kiosco',0,'9 de Julio n° 1940','','',NULL,NULL,NULL,NULL,'2016-04-23 00:19:11','2016-04-23 00:19:11',3,NULL,1,NULL),(253,'Amelia ','Loubiere',0,'Belgrano n° 671','','',NULL,NULL,NULL,NULL,'2016-04-24 19:03:17','2016-04-24 19:03:17',3,NULL,1,NULL),(254,'Lorena','Benitez',0,'Calle 40 n° 3245','','',NULL,NULL,NULL,'2016-10-06 23:02:04','2016-10-06 23:02:04','2016-04-27 13:05:42',3,NULL,0,NULL),(255,'Elisa','Voegeli',0,'','','',NULL,NULL,NULL,NULL,'2016-04-27 13:07:21','2016-04-27 13:07:21',3,NULL,0,NULL),(256,'Sebastian','Gomez',0,'','','',NULL,NULL,NULL,NULL,'2016-04-27 13:14:35','2016-04-27 13:14:35',3,NULL,0,NULL),(257,'Haydee','Bandeo',0,'','','',NULL,NULL,NULL,NULL,'2016-04-27 16:17:58','2016-04-27 16:17:58',3,NULL,0,NULL),(258,'Negra','De felix',0,'Iturraspe n° 255','','',NULL,NULL,NULL,NULL,'2016-04-29 16:41:57','2016-04-29 16:41:57',3,NULL,1,NULL);

/*Table structure for table `cliente_dia` */

DROP TABLE IF EXISTS `cliente_dia`;

CREATE TABLE `cliente_dia` (
  `cliente_id` int(11) NOT NULL,
  `dia_semana_id` int(11) NOT NULL,
  `tipo_vianda_id` int(11) NOT NULL,
  `cantidad` double NOT NULL DEFAULT '0',
  PRIMARY KEY (`cliente_id`,`dia_semana_id`,`tipo_vianda_id`),
  KEY `fk_cliente_has_dia_semana_dia_semana1_idx` (`dia_semana_id`),
  KEY `fk_cliente_has_dia_semana_cliente1_idx` (`cliente_id`),
  KEY `fk_cliente_has_dia_semana_tipo_vianda1_idx` (`tipo_vianda_id`),
  CONSTRAINT `fk_cliente_has_dia_semana_cliente1` FOREIGN KEY (`cliente_id`) REFERENCES `cliente` (`id`) ON DELETE CASCADE ON UPDATE CASCADE,
  CONSTRAINT `fk_cliente_has_dia_semana_dia_semana1` FOREIGN KEY (`dia_semana_id`) REFERENCES `dia_semana` (`id`) ON DELETE NO ACTION,
  CONSTRAINT `fk_cliente_has_dia_semana_tipo_vianda1` FOREIGN KEY (`tipo_vianda_id`) REFERENCES `tipo_vianda` (`id`) ON DELETE NO ACTION ON UPDATE NO ACTION
) ENGINE=InnoDB DEFAULT CHARSET=latin1;

/*Data for the table `cliente_dia` */

insert  into `cliente_dia`(`cliente_id`,`dia_semana_id`,`tipo_vianda_id`,`cantidad`) values (18,2,2,1),(18,4,2,1),(18,6,2,1),(19,2,1,1),(19,2,2,1),(19,3,1,1),(19,3,2,1),(19,4,1,1),(19,4,2,1),(19,5,1,1),(19,5,2,1),(19,6,1,1),(19,6,2,1),(20,2,4,1),(20,3,4,1),(20,4,4,1),(20,5,4,1),(21,2,1,2),(21,2,4,1),(21,3,1,2),(21,3,4,1),(21,4,1,2),(21,4,4,1),(21,5,1,2),(21,5,4,1),(21,6,1,2),(21,6,4,1),(22,2,2,1),(22,2,4,1),(22,4,2,1),(22,4,4,1),(22,6,2,1),(22,6,4,1),(24,2,1,1),(24,2,4,1),(24,3,1,1),(24,3,4,1),(24,4,1,1),(24,4,4,1),(24,5,1,1),(24,5,4,1),(24,6,1,1),(24,6,4,1),(25,2,1,1),(25,3,1,1),(25,4,1,1),(26,2,1,1),(26,3,1,1),(26,4,1,1),(26,5,1,1),(26,6,1,1),(27,2,2,1),(27,4,2,1),(27,6,2,1),(28,2,4,1),(28,3,4,1),(28,4,4,1),(29,2,5,1),(29,3,5,1),(29,4,5,1),(29,5,5,1),(29,6,5,1),(30,2,1,1),(30,3,1,1),(30,4,1,1),(30,5,1,1),(30,6,1,1),(31,2,2,1),(31,3,2,1),(31,4,2,1),(31,5,2,1),(31,6,2,1),(32,2,1,1),(32,3,1,1),(32,4,1,1),(32,5,1,1),(32,6,1,1),(33,2,2,1),(33,3,2,1),(33,4,2,1),(33,5,2,1),(33,6,2,1),(34,2,1,2),(34,2,4,2),(34,3,1,2),(34,3,4,2),(34,4,1,2),(34,4,4,2),(34,5,1,2),(34,5,4,2),(34,6,1,2),(34,6,4,2),(37,2,2,1),(37,3,2,1),(37,4,2,1),(37,5,2,1),(37,6,2,1),(38,2,2,1),(38,4,2,1),(38,6,2,1),(40,2,2,2),(40,3,2,2),(40,4,2,2),(40,5,2,2),(40,6,2,2),(41,3,2,1),(41,5,2,1),(42,3,4,1),(42,5,4,1),(43,2,1,1),(43,3,1,1),(43,4,1,1),(43,5,1,1),(43,6,1,1),(44,2,2,2),(44,3,2,2),(44,4,2,2),(44,5,2,1),(44,6,2,1),(45,2,2,1),(45,4,2,1),(45,6,2,1),(50,2,1,1),(50,3,1,1),(50,4,1,1),(50,5,1,1),(50,6,1,1),(51,2,4,1),(51,3,4,1),(51,4,4,1),(51,5,4,1),(51,6,4,1),(52,2,2,1),(52,3,2,1),(52,4,2,1),(52,5,2,1),(52,6,2,1),(54,2,1,1),(54,3,1,1),(54,4,1,1),(54,5,1,1),(54,6,1,1),(55,2,1,1),(55,2,7,1),(55,3,1,1),(55,3,7,1),(55,4,1,1),(55,4,7,1),(55,5,1,1),(55,5,7,1),(55,6,1,1),(55,6,7,1),(58,2,2,1),(58,3,2,1),(58,4,2,1),(58,5,2,1),(58,6,2,1),(59,2,2,1),(59,3,2,1),(59,4,2,1),(59,5,2,1),(59,6,2,1),(60,2,2,1),(60,3,2,1),(60,4,2,1),(60,5,2,1),(60,6,2,1),(63,2,1,1),(63,3,1,1),(63,4,1,1),(63,5,1,1),(63,6,1,1),(64,2,1,1),(64,3,1,1),(64,4,1,1),(64,5,1,1),(64,6,1,1),(68,2,4,1),(68,3,4,1),(68,4,4,1),(68,5,4,1),(68,6,4,1),(69,2,2,1),(69,3,2,1),(69,4,2,1),(69,5,2,1),(69,6,2,1),(70,2,1,1),(70,2,2,1),(70,3,1,1),(70,3,2,1),(70,4,1,1),(70,4,2,1),(70,5,1,1),(70,5,2,1),(70,6,1,1),(70,6,2,1),(71,2,4,1),(71,3,4,1),(71,4,4,1),(71,5,4,1),(71,6,4,1),(74,2,4,1),(74,3,4,1),(74,4,4,1),(74,5,4,1),(74,6,4,1),(75,2,1,1),(75,3,1,1),(75,4,1,1),(75,5,1,1),(75,6,1,1),(76,2,1,1),(76,2,2,1),(76,2,8,1),(76,3,1,1),(76,3,2,1),(76,4,1,1),(76,4,8,1),(76,5,1,1),(76,5,2,1),(76,6,1,1),(76,6,2,1),(78,2,1,2),(78,3,1,2),(78,4,1,2),(78,5,1,2),(78,6,1,2),(79,2,1,1),(79,3,1,1),(79,4,1,1),(79,5,1,1),(79,6,1,1),(81,2,1,1),(81,4,1,1),(81,6,1,1),(82,2,1,1),(82,3,1,1),(82,4,1,1),(82,5,1,1),(82,6,1,1),(84,2,1,1),(84,2,4,1),(84,3,1,1),(84,3,4,1),(84,4,1,1),(84,4,4,1),(84,5,1,1),(84,5,4,1),(84,6,1,1),(84,6,4,1),(85,3,4,1),(85,4,4,1),(85,5,4,1),(86,3,2,1),(86,4,2,1),(86,5,2,1),(87,2,9,1),(87,3,9,1),(87,4,9,1),(87,5,9,1),(87,6,9,1),(88,2,1,1),(88,3,1,1),(88,4,1,1),(88,5,1,1),(88,6,1,1),(89,2,2,4),(89,3,4,4),(89,4,2,4),(89,5,4,4),(89,6,2,4),(90,2,1,2),(90,2,4,1),(90,3,1,2),(90,3,4,1),(90,4,1,2),(90,4,4,1),(90,5,1,2),(90,5,4,1),(90,6,1,2),(90,6,4,1),(92,2,1,1),(92,3,1,1),(92,4,1,1),(92,5,1,1),(92,6,1,1),(93,2,2,1),(93,3,2,1),(93,4,2,1),(93,5,2,1),(93,6,2,1),(94,2,2,1),(94,3,2,1),(94,4,2,1),(94,5,2,1),(94,6,2,1),(95,2,2,1),(96,2,2,1),(96,3,2,1),(96,4,2,1),(96,5,2,1),(96,6,2,1),(97,2,4,1),(97,3,4,1),(97,4,4,1),(97,5,4,1),(97,6,4,1),(98,2,4,1),(98,3,4,1),(98,4,4,1),(98,5,4,1),(98,6,4,1),(99,2,4,1),(99,3,4,1),(99,4,4,1),(99,5,4,1),(99,6,4,1),(100,2,4,1),(100,3,4,1),(100,4,4,1),(100,5,4,1),(100,6,4,1),(102,2,4,2),(102,3,4,2),(102,4,4,2),(102,5,4,2),(102,6,4,2),(103,2,2,1),(103,3,2,1),(103,4,2,1),(103,5,2,1),(103,6,2,1),(104,2,1,1),(104,3,1,1),(104,4,1,1),(104,5,1,1),(104,6,1,1),(105,2,1,1),(105,3,1,1),(105,4,1,1),(105,5,1,1),(105,6,1,1),(107,2,2,1),(107,2,4,1),(107,3,2,1),(107,3,4,1),(107,4,2,1),(107,4,4,1),(107,5,2,1),(107,5,4,1),(107,6,2,1),(107,6,4,1),(108,2,2,1),(108,3,2,1),(108,4,2,1),(108,5,2,1),(108,6,2,1),(134,2,1,1),(134,3,1,1),(134,4,1,1),(134,5,1,1),(134,6,1,1),(135,2,10,1),(135,3,10,1),(135,4,10,1),(136,2,1,1),(136,4,1,1),(136,6,1,1),(137,2,1,1),(137,3,1,1),(137,4,1,1),(137,5,1,1),(137,6,1,1),(138,2,1,1),(138,3,1,1),(138,4,1,1),(138,5,1,1),(138,6,1,1),(140,2,1,2),(140,3,1,2),(140,4,1,2),(140,5,1,2),(140,6,1,2),(141,2,1,1),(141,3,1,1),(141,4,1,1),(141,5,1,1),(141,6,1,1),(142,2,1,1),(142,3,1,1),(142,4,1,1),(142,5,1,1),(142,6,1,1),(143,2,1,1),(143,3,1,1),(143,4,1,1),(143,5,1,1),(144,2,1,1),(144,3,1,1),(144,4,1,1),(144,5,1,1),(144,6,1,1),(145,2,1,1),(145,3,1,1),(145,4,1,1),(145,5,1,1),(145,6,1,1),(146,2,1,1),(146,3,1,1),(146,4,1,1),(146,5,1,1),(146,6,1,1),(147,2,1,1),(147,3,1,1),(147,4,1,1),(147,5,1,1),(148,2,1,2),(148,3,1,2),(148,4,1,2),(148,5,1,2),(148,6,1,2),(149,2,1,1),(149,3,1,1),(149,4,1,1),(149,5,1,1),(149,6,1,1),(152,2,2,1),(152,4,2,1),(152,6,2,1),(153,2,1,1),(153,4,1,1),(153,6,1,1),(154,2,1,1),(154,3,1,1),(154,4,1,1),(154,5,1,1),(154,6,1,1),(155,2,1,1),(155,3,1,1),(155,4,1,1),(155,5,1,1),(155,6,1,1),(156,2,2,1),(156,3,2,1),(156,4,2,1),(157,2,1,1),(157,3,1,1),(157,4,1,1),(157,5,1,1),(157,6,1,1),(158,3,2,1),(158,4,2,1),(158,5,2,1),(158,6,2,1),(159,2,2,1),(159,3,2,1),(159,4,2,1),(159,5,2,1),(159,6,2,1),(160,2,2,1),(160,3,2,1),(160,4,2,1),(160,5,2,1),(160,6,2,1),(161,2,5,1),(161,3,5,1),(161,4,5,1),(161,5,5,1),(161,6,5,1),(162,2,2,1),(162,3,2,1),(162,4,2,1),(162,5,2,1),(162,6,2,1),(163,2,2,2),(163,3,2,2),(163,4,2,2),(163,5,2,2),(163,6,2,2),(164,2,2,1),(164,3,2,1),(164,4,2,1),(164,5,2,1),(165,3,1,1),(165,5,1,1),(165,6,1,1),(167,3,2,1),(167,4,2,1),(167,5,2,1),(168,2,5,1),(168,3,5,1),(168,4,5,1),(168,5,5,1),(168,6,5,1),(169,2,2,2),(169,3,2,2),(169,4,2,2),(169,5,2,2),(169,6,2,2),(170,2,2,1),(170,3,2,1),(170,4,2,1),(170,5,2,1),(170,6,2,1),(171,2,2,2),(171,3,2,2),(171,5,2,2),(172,2,9,1),(172,3,9,1),(172,4,9,1),(172,5,9,1),(172,6,9,1),(173,2,4,1),(173,3,4,1),(173,4,2,1),(173,5,4,1),(173,6,4,1),(175,2,4,1),(175,3,4,1),(175,4,4,1),(175,5,4,1),(175,6,4,1),(176,2,4,2),(176,4,4,2),(176,6,4,2),(177,2,4,1),(177,3,4,1),(177,4,4,1),(177,5,4,1),(177,6,4,1),(178,2,4,1),(178,3,4,1),(178,4,4,1),(178,5,4,1),(178,6,4,1),(179,2,4,1),(179,3,4,1),(179,4,4,1),(179,5,4,1),(179,6,4,1),(180,2,4,1),(180,3,4,1),(180,4,4,1),(180,5,4,1),(180,6,4,1),(181,2,4,2),(181,4,4,2),(181,6,4,2),(182,2,4,1),(182,3,4,1),(182,4,4,1),(182,5,4,1),(182,6,4,1),(183,2,4,2),(183,3,4,2),(183,4,4,2),(183,5,4,2),(183,6,4,2),(184,2,11,1),(184,3,11,1),(184,4,11,1),(184,5,11,1),(184,6,11,1),(186,2,4,2),(186,4,4,2),(186,6,4,2),(187,2,4,1),(187,3,4,1),(187,4,4,1),(187,5,4,1),(187,6,4,1),(188,2,11,1),(188,3,11,1),(188,4,11,1),(188,5,11,1),(188,6,11,1),(189,2,1,1),(189,2,4,1),(189,4,1,1),(189,4,4,1),(189,6,1,1),(189,6,4,1),(190,2,2,2),(190,2,4,1),(190,3,2,2),(190,3,4,1),(190,4,2,2),(190,4,4,1),(191,2,2,2),(191,2,4,2),(191,3,2,2),(191,3,4,2),(191,4,2,2),(191,4,4,2),(191,5,2,2),(191,5,4,2),(191,6,2,2),(191,6,4,2),(193,2,1,1),(193,2,4,1),(193,3,1,1),(193,3,4,1),(193,4,1,1),(193,4,4,1),(193,5,1,1),(193,5,4,1),(193,6,1,1),(193,6,4,1),(194,2,1,1),(194,2,2,1),(194,3,1,1),(194,3,2,1),(194,4,1,1),(194,4,2,1),(194,5,1,1),(194,5,2,1),(194,6,1,1),(194,6,2,1),(195,2,4,1),(195,2,9,1),(195,3,4,1),(195,3,9,1),(195,4,4,1),(195,4,9,1),(195,5,4,1),(195,5,9,1),(195,6,4,1),(195,6,9,1),(196,2,1,1),(196,2,2,1),(196,2,4,1),(196,3,1,1),(196,3,2,1),(196,3,4,1),(196,4,1,1),(196,4,2,1),(196,4,4,1),(196,5,1,1),(196,5,2,1),(196,5,4,1),(196,6,1,1),(196,6,2,1),(196,6,4,1),(197,2,1,1),(197,2,2,1),(197,3,1,1),(197,3,2,1),(197,4,1,1),(197,4,2,1),(197,5,1,1),(197,5,2,1),(197,6,1,1),(197,6,2,1),(198,2,1,1),(198,2,2,1),(198,3,1,1),(198,3,2,1),(198,4,1,1),(198,4,2,1),(198,5,1,1),(198,5,2,1),(198,6,1,1),(198,6,2,1),(199,2,2,1),(199,2,4,1),(199,3,2,1),(199,3,4,1),(199,4,2,1),(199,4,4,1),(199,5,2,1),(199,5,4,1),(199,6,2,1),(199,6,4,1),(201,2,1,1),(201,2,2,1),(201,3,1,1),(201,3,2,1),(201,4,1,1),(201,4,2,1),(201,5,1,1),(201,5,2,1),(201,6,1,1),(201,6,2,1),(202,2,1,1),(202,2,2,2),(202,3,1,1),(202,3,4,2),(202,4,1,1),(202,4,2,2),(202,5,1,1),(202,5,4,2),(202,6,1,1),(202,6,2,2),(203,2,2,1),(203,3,2,1),(203,4,2,1),(203,5,2,1),(203,6,2,1),(204,2,4,1),(204,3,4,1),(204,4,4,1),(204,5,4,1),(204,6,4,1),(205,2,4,1),(205,3,4,1),(205,4,4,1),(205,5,4,1),(205,6,4,1),(206,2,4,1),(206,3,4,1),(206,4,4,1),(206,5,4,1),(206,6,4,1),(207,2,1,1),(207,4,1,1),(207,6,1,1),(208,2,1,2),(208,3,1,2),(208,4,1,2),(208,5,1,2),(208,6,1,2),(209,2,1,2),(209,3,1,2),(209,4,1,2),(209,5,1,2),(209,6,1,2),(210,2,2,1),(210,3,2,1),(210,4,2,1),(210,5,2,1),(210,6,2,1),(211,2,2,2),(211,4,2,2),(212,2,2,2),(212,3,2,2),(212,4,2,2),(212,5,2,2),(212,6,2,2),(213,2,2,1),(213,4,2,1),(213,6,2,1),(214,2,2,1),(214,3,2,1),(214,4,2,1),(214,5,2,1),(214,6,2,1),(215,2,4,1),(215,3,4,1),(215,4,4,1),(215,5,4,1),(215,6,4,1),(216,2,4,1),(216,3,4,1),(216,4,4,1),(216,5,4,1),(216,6,4,1),(217,2,1,1),(217,3,1,1),(217,4,1,1),(217,5,1,1),(217,6,1,1),(218,2,1,2),(218,3,1,2),(218,4,1,2),(218,5,1,2),(218,6,1,2),(219,2,1,1),(219,2,4,2),(219,3,1,1),(219,3,4,2),(219,4,1,1),(219,5,1,1),(219,5,4,2),(219,6,1,1),(219,6,4,2),(221,2,4,1),(221,3,4,1),(221,4,4,1),(221,5,4,1),(221,6,4,1),(222,2,1,1),(222,3,1,1),(222,4,1,1),(222,5,1,1),(222,6,1,1),(223,2,1,1),(223,3,1,1),(223,4,1,1),(223,5,1,1),(223,6,1,1),(224,2,1,1),(224,3,1,1),(224,4,1,1),(224,5,1,1),(224,6,1,1),(225,2,1,1),(225,3,1,1),(225,4,1,1),(225,5,1,1),(225,6,1,1),(226,2,1,1),(226,3,1,1),(226,4,1,1),(226,5,1,1),(226,6,1,1),(227,2,1,1),(227,3,1,1),(227,4,1,1),(227,5,1,1),(227,6,1,1),(228,2,1,1),(228,3,1,1),(228,4,1,1),(228,5,1,1),(228,6,1,1),(229,2,1,1),(229,3,1,1),(229,4,1,1),(229,5,1,1),(229,6,1,1),(230,2,2,1),(230,3,2,1),(230,4,2,1),(230,5,2,1),(230,6,2,1),(231,2,4,3),(231,3,4,3),(231,4,4,3),(231,5,4,3),(231,6,4,3),(232,2,2,1),(232,3,2,1),(232,4,2,1),(232,5,2,1),(232,6,2,1),(233,2,2,2),(233,3,2,2),(233,4,2,2),(233,5,2,2),(233,6,2,2),(234,2,2,1),(234,3,2,1),(234,4,2,1),(234,5,2,1),(235,2,2,1),(235,3,2,1),(235,4,2,1),(235,5,2,1),(235,6,2,1),(236,2,2,1),(236,3,2,1),(236,4,2,1),(236,5,2,1),(237,2,9,1),(237,3,9,1),(237,4,9,1),(237,5,9,1),(237,6,9,1),(238,2,4,1),(238,3,2,1),(238,4,4,1),(238,5,2,1),(238,6,4,1),(239,2,4,3),(239,3,4,3),(239,4,4,3),(239,5,4,3),(239,6,4,3),(240,2,4,1),(240,3,4,1),(240,4,4,1),(240,5,4,1),(240,6,4,1),(241,2,2,1),(241,3,2,1),(241,4,2,1),(241,5,2,1),(241,6,2,1),(242,2,2,1),(242,2,4,1),(242,3,2,1),(242,3,4,1),(242,4,2,1),(242,4,4,1),(242,5,2,1),(242,5,4,1),(242,6,2,1),(242,6,4,1),(243,2,4,1),(243,3,4,1),(243,4,4,1),(243,5,4,1),(243,6,4,1),(244,2,1,3),(244,3,4,3),(244,4,4,3),(244,5,4,3),(245,2,4,2),(245,3,4,2),(245,4,4,2),(245,5,4,2),(245,6,4,2),(246,2,1,1),(246,2,4,1),(246,3,1,1),(246,3,4,1),(246,4,1,1),(246,4,4,1),(246,5,1,1),(246,5,4,1),(246,6,1,1),(246,6,4,1),(247,2,1,1),(247,2,4,1),(247,4,1,1),(247,4,4,1),(247,5,1,1),(247,5,4,1),(248,2,1,1),(248,2,4,1),(248,3,1,1),(248,3,4,1),(248,4,1,1),(248,4,4,1),(248,5,1,1),(248,5,4,1),(248,6,1,1),(248,6,4,1),(249,2,1,1),(249,2,11,1),(249,3,1,1),(249,3,11,1),(249,4,1,1),(249,4,11,1),(249,5,1,1),(249,5,11,1),(249,6,1,1),(249,6,11,1),(250,2,1,3),(250,3,1,3),(250,4,1,3),(250,5,1,3),(250,6,1,3),(251,2,1,1),(251,2,4,1),(251,3,1,1),(251,3,4,1),(251,4,1,1),(251,4,4,1),(251,5,1,1),(251,5,4,1),(251,6,1,1),(251,6,4,1),(252,2,4,1),(252,2,9,1),(252,3,4,1),(252,3,9,1),(252,4,4,1),(252,4,9,1),(252,5,4,1),(252,5,9,1),(252,6,4,1),(252,6,9,1),(253,2,2,1),(253,3,2,1),(253,4,2,1),(253,5,2,1),(253,6,2,1),(254,2,2,1),(254,3,2,1),(254,4,2,1),(254,5,2,1),(254,6,2,1),(255,2,1,2),(255,3,1,2),(255,4,1,2),(255,5,1,2),(255,6,1,2),(256,2,2,1),(256,3,2,1),(256,4,2,1),(256,5,2,1),(256,6,2,1),(257,2,4,1),(257,3,4,1),(257,4,4,1),(257,5,4,1),(257,6,4,1),(258,2,1,1),(258,3,1,1),(258,4,1,1),(258,5,1,1),(258,6,1,1),(259,2,1,1),(259,3,1,1),(259,4,1,1),(259,5,1,1),(259,6,1,1),(260,2,1,1),(260,3,1,1),(260,4,1,1),(260,5,1,1),(260,6,1,1),(261,2,1,1),(261,4,1,1),(261,6,1,1),(262,2,1,1),(262,2,4,1),(262,3,1,1),(262,3,4,1),(262,4,1,1),(262,4,4,1),(262,5,1,1),(262,5,4,1),(262,6,1,1),(262,6,4,1),(263,2,4,1),(263,3,4,1),(263,4,4,1),(263,5,4,1),(264,2,1,1),(264,3,1,1),(264,4,1,1),(264,5,1,1),(264,6,1,1),(265,2,1,1),(265,3,1,1),(265,4,1,1),(265,5,1,1),(265,6,1,1),(266,2,2,1),(266,3,2,1),(266,4,2,1),(266,5,2,1),(266,6,2,1),(267,2,1,1),(267,3,1,1),(267,4,1,1),(267,5,1,1),(267,6,1,1),(268,2,1,3),(268,2,9,1),(268,3,1,3),(268,3,9,1),(268,4,1,3),(268,4,9,1),(268,5,1,3),(268,5,9,1),(268,6,1,3),(268,6,9,1),(269,2,1,1),(269,3,1,1),(269,4,1,1),(269,5,1,1),(269,6,1,1),(270,2,9,1),(270,3,9,1),(270,4,9,1),(270,5,9,1),(270,6,9,1),(271,2,1,1),(271,3,1,1),(271,4,1,1),(271,5,1,1),(271,6,1,1),(272,2,1,1),(272,3,1,1),(272,4,1,1),(272,5,1,1),(272,6,1,1),(273,2,1,1),(273,3,1,1),(273,4,1,1),(273,5,1,1),(273,6,1,1),(274,2,1,1),(274,4,1,1),(274,6,1,1),(275,2,1,1),(275,3,1,1),(275,4,1,1),(275,5,1,1),(275,6,1,1),(276,2,1,1),(276,3,1,1),(276,4,1,1),(276,5,1,1),(276,6,1,1),(277,2,2,1),(277,3,2,1),(277,4,2,1),(277,5,2,1),(277,6,2,1),(278,2,2,1),(278,3,2,1),(278,4,2,1),(278,5,2,1),(278,6,2,1),(279,2,2,2),(279,3,2,2),(279,4,2,2),(279,5,2,2),(279,6,2,2),(280,2,2,2),(280,3,2,2),(280,4,2,2),(280,5,2,2),(280,6,2,2),(281,2,2,1),(281,3,2,1),(281,4,2,1),(281,5,2,1),(281,6,2,1),(282,2,1,2),(282,2,4,2),(282,3,1,2),(282,3,4,2),(282,4,1,2),(282,4,4,2),(282,5,1,2),(282,5,4,2),(282,6,1,2),(282,6,4,2),(283,2,2,1),(283,3,2,1),(283,4,2,1),(283,5,2,1),(283,6,2,1),(284,2,1,1),(284,3,1,1),(284,4,1,1),(284,5,1,1),(284,6,1,1),(285,2,1,1),(285,3,1,1),(285,4,1,1),(285,5,1,1),(286,2,1,1),(286,3,1,1),(286,4,1,1),(286,5,1,1),(286,6,1,1),(287,2,9,1),(287,3,9,1),(287,4,9,1),(287,5,9,1),(287,6,9,1),(288,4,1,1),(288,5,1,1),(290,2,4,1),(290,3,4,1),(290,4,4,1),(290,5,4,1),(290,6,4,1),(291,2,1,1),(291,2,4,1),(291,3,1,1),(291,3,4,1),(291,4,1,1),(291,4,4,1),(291,5,1,1),(291,5,4,1),(291,6,1,1),(291,6,4,1),(292,2,2,2),(292,3,2,2),(292,4,2,2),(292,5,2,2),(292,6,2,2),(293,2,2,2),(293,3,2,2),(293,4,2,2),(293,5,2,2),(293,6,2,2),(295,2,1,1),(295,3,1,1),(295,4,1,1),(295,5,1,1),(295,6,1,1),(296,2,2,1),(296,3,2,1),(296,4,2,1),(296,5,2,1),(296,6,2,1),(297,2,4,1),(297,3,4,1),(297,4,4,1),(297,5,4,1),(297,6,4,1),(298,2,4,2),(298,3,2,2),(298,4,4,2),(298,5,2,2),(298,6,4,2),(300,2,1,1),(300,3,1,1),(300,4,1,1),(300,5,1,1),(300,6,1,1),(301,2,2,1),(301,3,2,1),(301,4,2,1),(301,5,2,1),(301,6,2,1),(302,2,2,1),(302,3,2,1),(302,4,2,1),(302,5,2,1),(302,6,2,1),(303,2,4,2),(303,3,4,2),(303,4,4,2),(303,5,4,2),(303,6,4,2),(304,2,4,1),(304,4,4,1),(304,6,4,1),(305,2,1,1),(305,3,1,1),(305,4,1,1),(305,5,1,1),(305,6,1,1),(306,2,1,2),(306,3,2,2),(307,2,1,1),(307,3,1,1),(307,4,1,1),(307,5,1,1),(307,6,1,1),(308,2,4,1),(308,3,4,1),(308,4,4,1),(308,5,4,1),(309,2,1,2),(309,3,1,2),(309,4,1,2),(309,5,1,2),(309,6,1,2),(310,2,1,1),(310,3,1,1),(310,4,1,1),(310,5,1,1),(310,6,1,1),(311,2,1,1),(311,3,1,1),(311,4,1,1),(311,5,1,1),(311,6,1,1),(312,2,1,1),(312,3,1,1),(312,4,1,1),(312,5,1,1),(312,6,1,1),(313,2,2,1),(313,3,2,1),(313,4,2,1),(313,5,2,1),(313,6,2,1),(314,2,2,1),(314,3,2,1),(314,4,2,1),(314,5,2,1),(314,6,2,1),(315,2,2,1),(315,4,2,1),(315,6,2,1),(316,2,2,1),(316,3,2,1),(316,4,2,1),(316,5,2,1),(316,6,2,1),(317,2,4,1),(317,3,4,1),(317,4,4,1),(317,5,4,1),(317,6,4,1),(318,2,4,2),(318,4,4,2),(318,6,4,2),(319,2,4,3),(319,3,4,3),(319,4,4,3),(319,5,4,3),(319,6,4,3),(320,2,1,1),(320,2,2,1),(320,3,1,1),(320,3,2,1),(320,4,1,1),(320,4,2,1),(320,5,1,1),(320,5,2,1),(320,6,1,1),(320,6,2,1),(321,2,1,1),(321,2,2,1),(321,4,1,1),(321,4,2,1),(321,6,1,1),(321,6,2,1),(322,2,2,1),(322,2,4,1),(322,3,2,1),(322,3,4,1),(322,4,2,1),(322,4,4,1),(322,5,2,1),(322,5,4,1),(322,6,2,1),(322,6,4,1),(323,2,2,1),(323,3,2,1),(323,4,2,1),(323,5,2,1),(323,6,2,1),(324,2,1,1),(324,3,1,1),(324,4,1,1),(324,5,1,1),(324,6,1,1),(325,2,1,1),(325,3,1,1),(325,4,1,1),(325,5,1,1),(325,6,1,1),(326,2,1,1),(326,3,1,1),(326,4,1,1),(326,5,1,1),(326,6,1,1),(327,3,1,1),(327,4,1,1),(327,5,1,1),(327,6,1,1),(328,2,1,1),(328,3,1,1),(328,4,1,1),(328,5,1,1),(328,6,1,1),(329,2,1,1),(329,3,1,1),(329,4,1,1),(329,5,1,1),(329,6,1,1),(330,2,1,2),(330,3,1,2),(330,4,1,2),(330,5,1,2),(330,6,1,2),(331,2,1,1),(331,3,1,1),(331,4,1,1),(331,5,1,1),(331,6,1,1),(332,3,1,1),(332,5,1,1),(333,2,4,1),(333,3,4,1),(333,4,4,1),(333,5,4,1),(333,6,4,1),(334,2,2,2),(334,3,2,2),(334,4,2,2),(334,5,2,2),(334,6,2,2),(335,2,2,1),(335,3,2,1),(335,4,2,1),(335,5,2,1),(335,6,2,1),(336,2,2,1),(336,3,2,1),(336,4,2,1),(336,5,2,1),(336,6,2,1),(337,2,2,1),(337,3,2,1),(337,4,2,1),(337,5,2,1),(337,6,2,1),(338,2,4,1),(338,3,4,1),(338,4,4,1),(338,5,4,1),(338,6,4,1),(340,2,4,2),(340,3,4,2),(340,4,4,2),(340,5,4,2),(340,6,4,2),(341,2,1,1),(341,2,4,2),(341,3,1,1),(341,3,4,2),(341,4,1,1),(341,4,4,2),(341,5,1,1),(341,5,4,2),(341,6,1,1),(341,6,4,2),(342,2,1,1),(342,2,4,2),(342,3,1,1),(342,3,4,2),(342,4,1,1),(342,4,4,2),(342,5,1,1),(342,5,4,2),(342,6,1,1),(342,6,4,2),(343,2,2,1),(343,2,4,1),(343,3,2,1),(343,3,4,1),(343,4,2,1),(343,4,4,1),(343,5,2,1),(343,5,4,1),(343,6,2,1),(343,6,4,1),(344,2,1,1),(344,2,4,1),(344,3,1,1),(344,3,4,1),(344,4,1,1),(344,4,4,1),(344,5,1,1),(344,5,4,1),(344,6,1,1),(344,6,4,1),(345,2,1,1),(345,3,1,1),(345,4,1,1),(345,5,1,1),(345,6,1,1),(346,2,1,1),(346,3,1,1),(346,4,1,1),(346,5,1,1),(346,6,1,1),(347,2,1,2),(347,3,1,2),(347,4,1,2),(347,5,1,2),(347,6,1,2),(348,2,4,1),(348,3,4,1),(348,4,4,1),(348,5,4,1),(348,6,4,1),(350,2,2,1),(350,3,2,1),(350,4,2,1),(350,5,2,1),(350,6,2,1),(351,2,1,1),(351,4,1,1),(351,6,1,1),(352,2,9,1),(352,3,9,1),(352,4,9,1),(352,5,9,1),(352,6,9,1),(353,2,1,1),(353,3,1,1),(353,4,1,1),(353,5,1,1),(353,6,1,1),(354,2,1,1),(354,3,1,1),(354,4,1,1),(354,5,1,1),(354,6,1,1),(355,3,1,1),(355,4,1,1),(355,5,1,1),(355,6,1,1),(356,2,1,1),(356,3,1,1),(356,4,1,1),(356,5,1,1),(356,6,1,1),(357,2,1,1),(357,3,1,1),(357,4,1,1),(357,5,1,1),(357,6,1,1),(358,2,1,1),(358,3,1,1),(358,4,1,1),(358,5,1,1),(358,6,1,1),(359,2,1,1),(359,4,1,1),(359,5,1,1),(360,2,1,1),(360,3,1,1),(360,4,1,1),(360,5,1,1),(360,6,1,1),(362,2,1,1),(362,3,1,1),(362,4,1,1),(362,5,1,1),(362,6,1,1),(364,2,1,1),(364,2,2,1),(364,3,1,1),(364,3,2,1),(364,4,1,1),(364,4,2,1),(364,5,1,1),(364,5,2,1),(365,2,2,1),(365,2,4,1),(365,4,2,1),(365,4,4,1),(365,6,2,1),(365,6,4,1),(366,2,1,1),(366,3,1,1),(366,4,1,1),(366,5,1,1),(366,6,1,1),(367,2,2,1),(367,3,2,1),(367,4,2,1),(367,5,2,1),(367,6,2,1),(368,2,1,1),(368,3,1,1),(368,4,1,1),(368,5,1,1),(368,6,1,1),(369,2,1,1),(369,3,1,1),(369,4,1,1),(369,5,1,1),(369,6,1,1),(370,2,2,2),(370,3,2,2),(370,4,2,2),(370,5,2,2),(370,6,2,2),(371,2,1,1),(371,3,1,1),(371,4,1,1),(371,5,1,1),(371,6,1,1),(372,2,2,1),(372,3,2,1),(372,4,2,1),(372,5,2,1),(372,6,2,1),(373,2,2,1),(373,3,2,1),(373,4,2,1),(373,5,2,1),(373,6,2,1),(374,2,2,1),(374,2,4,1),(374,3,2,1),(374,3,4,1),(374,4,2,1),(374,4,4,1),(374,5,2,1),(374,5,4,1),(374,6,2,1),(374,6,4,1),(375,2,1,1),(375,3,1,1),(375,4,1,1),(375,5,1,1),(375,6,1,1),(376,2,1,1),(376,3,1,1),(376,4,1,1),(376,5,1,1),(376,6,1,2),(377,2,2,1),(377,3,2,1),(377,4,2,1),(377,5,2,1),(377,6,2,1),(378,2,2,1),(378,3,2,1),(378,4,2,1),(378,6,2,1),(379,2,2,1),(379,3,2,1),(379,4,2,1),(379,5,2,1),(379,6,2,1),(380,2,1,1),(380,4,1,1),(380,6,1,1),(381,2,1,2),(381,3,1,2),(381,4,1,2),(381,5,1,2),(381,6,1,2),(384,2,2,1),(384,3,2,1),(384,4,2,1),(384,5,2,1),(384,6,2,1),(385,2,2,1),(385,3,2,1),(385,4,2,1),(385,5,2,1),(385,6,2,1),(387,2,2,2),(387,3,2,2),(387,4,2,2),(387,5,2,2),(387,6,2,2),(388,2,4,1),(388,3,4,1),(388,4,4,1),(388,5,4,1),(388,6,4,1),(389,2,4,1),(389,3,4,1),(389,4,4,1),(389,5,4,1),(389,6,4,1),(390,2,1,1),(390,3,1,1),(390,4,1,1),(390,5,1,1),(390,6,1,1),(391,2,1,1),(391,4,1,1),(391,6,1,1),(392,2,1,1),(392,3,1,1),(392,4,1,1),(392,5,1,1),(392,6,1,1),(393,2,1,1),(393,3,1,1),(393,4,1,1),(393,5,1,1),(393,6,1,1),(394,2,1,2),(394,3,1,2),(394,4,1,2),(394,5,1,2),(394,6,1,2),(395,2,2,1),(395,3,2,1),(395,4,2,1),(395,5,2,1),(395,6,2,1),(396,2,2,1),(396,3,2,1),(396,4,2,1),(396,5,2,1),(396,6,2,1),(397,2,4,1),(397,3,4,1),(397,4,4,1),(397,5,4,1),(397,6,4,1),(398,2,4,1),(398,3,4,1),(398,4,4,1),(398,5,4,1),(398,6,4,1),(399,2,1,1),(399,2,4,2),(399,3,1,1),(399,3,4,2),(399,4,1,1),(399,4,4,2),(399,5,1,1),(399,5,4,2),(399,6,1,1),(399,6,4,2),(400,2,1,1),(400,2,4,1),(400,3,1,1),(400,3,4,1),(400,4,1,1),(400,4,4,1),(400,5,1,1),(400,5,4,1),(400,6,1,1),(400,6,4,1),(401,2,1,1),(401,3,1,1),(401,4,1,1),(401,5,1,1),(401,6,1,1),(402,2,2,2),(402,3,2,2),(402,4,2,2),(402,5,2,2),(402,6,2,2),(403,2,2,2),(403,3,2,2),(403,4,2,2),(403,5,2,2),(404,2,1,1),(404,3,1,1),(404,4,1,1),(404,5,1,1),(404,6,1,1),(405,2,1,1),(405,3,1,1),(405,4,1,1),(405,5,1,1),(405,6,1,1),(406,2,2,1),(406,3,2,1),(406,4,2,1),(406,5,2,1),(406,6,2,1),(408,2,5,1),(408,3,5,1),(408,4,5,1),(408,5,5,1),(408,6,5,1),(409,2,1,1),(409,2,4,1),(409,3,1,1),(409,3,4,1),(409,4,1,1),(409,4,4,1),(409,5,1,1),(409,5,4,1),(409,6,1,1),(409,6,4,1),(410,2,1,1),(410,3,1,1),(410,4,1,1),(410,5,1,1),(410,6,1,1),(411,2,2,1),(411,3,2,1),(411,4,2,1),(411,5,2,1),(411,6,2,1),(412,2,1,1),(412,3,1,1),(412,4,1,1),(412,6,1,1),(413,2,2,1),(413,3,2,1),(413,4,2,1),(413,5,2,1),(413,6,2,1),(414,2,2,1),(414,3,2,1),(415,2,1,1),(415,2,2,1),(415,3,1,1),(415,3,2,1),(415,4,1,1),(415,4,2,1),(415,5,1,1),(415,5,2,1),(415,6,1,1),(415,6,2,1),(416,2,1,1),(416,2,4,1),(416,3,1,1),(416,3,4,1),(416,4,1,1),(416,4,4,1),(416,5,1,1),(416,5,4,1),(416,6,1,1),(416,6,4,1),(417,2,4,3),(417,3,4,3),(417,4,4,3),(417,5,4,3),(417,6,4,3),(418,2,1,1),(418,3,1,1),(418,4,1,1),(418,5,1,1),(418,6,1,1),(419,2,1,1),(419,3,1,1),(419,4,1,1),(419,5,1,1),(419,6,1,1),(420,2,1,2),(420,3,1,2),(420,4,1,2),(420,5,1,2),(420,6,1,2),(421,2,2,2),(421,3,2,2),(421,4,2,2),(421,5,2,2),(421,6,2,2),(422,2,2,1),(422,3,2,1),(422,4,2,1),(422,5,2,1),(422,6,2,1),(423,2,1,1),(423,2,2,1),(423,3,1,1),(423,3,2,1),(423,4,1,1),(423,4,2,1),(423,5,1,1),(423,5,2,1),(423,6,1,1),(423,6,2,1),(424,2,2,2),(424,2,4,1),(424,3,2,2),(424,3,4,1),(424,4,2,2),(424,4,4,1),(424,5,2,2),(424,5,4,1),(424,6,2,2),(424,6,4,1),(425,2,1,1),(425,3,1,1),(425,4,1,1),(425,5,1,1),(425,6,1,1),(426,2,4,2),(426,3,4,2),(426,4,4,2),(426,5,4,2),(426,6,4,2),(427,2,1,1),(427,2,2,1),(427,3,1,1),(427,3,2,1),(427,4,1,1),(427,4,2,1),(427,5,1,1),(427,5,2,1),(427,6,1,1),(427,6,2,1),(429,2,6,2),(429,3,6,2),(429,4,6,2),(429,5,6,2),(429,6,6,2),(430,2,1,1),(430,3,1,1),(430,4,1,1),(430,5,1,1),(430,6,1,1),(431,2,2,1),(431,3,2,1),(431,4,2,1),(431,5,2,1),(431,6,2,1),(432,2,4,1),(432,3,4,1),(432,4,4,1),(432,5,4,1),(432,6,4,1),(434,2,1,1),(434,2,7,1),(434,3,1,1),(434,3,7,1),(434,4,1,1),(434,4,7,1),(434,5,1,1),(434,5,7,1),(434,6,1,1),(434,6,7,1),(435,2,1,1),(435,3,1,1),(435,4,1,1),(435,5,1,1),(435,6,1,1),(436,2,2,1),(436,2,4,1),(436,3,2,1),(436,3,4,1),(436,4,2,1),(436,4,4,1),(436,5,2,1),(436,5,4,1),(436,6,2,1),(436,6,4,1),(437,2,2,1),(437,3,2,1),(437,4,2,1),(437,5,2,1),(437,6,2,1),(438,2,2,1),(438,3,2,1),(438,4,2,1),(438,5,2,1),(438,6,2,1),(439,2,1,1),(439,3,1,1),(439,4,1,1),(439,5,1,1),(439,6,1,1),(440,2,1,1),(440,3,1,1),(440,4,1,1),(440,5,1,1),(440,6,1,1),(441,2,2,1),(441,3,2,1),(441,4,2,1),(441,5,2,1),(441,6,2,1),(442,2,2,1),(442,2,4,1),(442,3,2,1),(442,3,4,1),(442,4,2,1),(442,4,4,1),(442,5,2,1),(442,5,4,1),(442,6,2,1),(442,6,4,1),(443,2,1,2),(443,3,1,2),(443,4,1,2),(443,5,1,2),(443,6,1,2),(444,2,1,1),(444,3,1,1),(444,4,1,1),(444,5,1,1),(444,6,1,1),(445,2,4,1),(445,3,4,1),(445,4,4,1),(445,5,4,1),(445,6,4,1),(446,2,13,2),(446,3,13,2),(446,4,13,2),(446,5,13,2),(446,6,13,2),(447,2,1,1),(447,4,1,1),(447,6,1,1),(448,2,1,1),(448,2,4,1),(448,3,1,1),(448,3,4,1),(448,4,1,1),(448,4,4,1),(448,5,1,1),(448,5,4,1),(448,6,1,1),(448,6,4,1),(449,2,2,1),(449,3,2,1),(449,4,2,1),(449,5,2,1),(449,6,2,1),(450,2,1,1),(450,3,1,1),(450,4,1,1),(450,5,1,1),(450,6,1,1),(451,2,1,1),(451,3,1,1),(451,4,1,1),(451,5,1,1),(451,6,1,1),(452,2,1,2),(452,3,1,2),(452,4,1,2),(452,5,1,2),(452,6,1,2),(453,2,1,1),(453,3,1,1),(453,4,1,1),(453,5,1,1),(453,6,1,1),(454,2,1,1),(454,3,1,1),(454,4,1,1),(454,5,1,1),(454,6,1,1),(455,2,5,1),(455,3,5,1),(455,4,5,1),(455,5,5,1),(455,6,5,1),(456,2,2,1),(456,3,2,1),(456,4,2,1),(456,5,2,1),(456,6,2,1),(457,2,2,1),(457,3,2,1),(457,4,2,1),(457,5,2,1),(457,6,2,1),(458,2,4,2),(458,4,4,2),(458,6,4,2),(459,2,2,1),(459,3,2,1),(459,4,2,1),(459,5,2,1),(459,6,2,1),(460,2,2,1),(460,3,2,1),(460,4,2,1),(460,5,2,1),(460,6,2,1),(461,2,2,1),(461,3,2,1),(461,4,2,1),(461,5,2,1),(461,6,2,1),(462,2,1,1),(462,2,7,1),(462,3,1,1),(462,3,7,1),(462,4,1,1),(462,4,7,1),(462,5,1,1),(462,5,7,1),(463,2,1,1),(463,2,2,1),(463,3,1,1),(463,3,2,1),(463,4,1,1),(463,4,2,1),(463,5,1,1),(463,5,2,1),(463,6,1,1),(463,6,2,1),(464,2,1,1),(464,3,1,1),(464,4,1,1),(464,5,1,1),(464,6,1,1),(465,2,2,1),(465,3,2,1),(465,4,2,1),(465,5,2,1),(465,6,2,1),(466,2,4,1),(466,3,4,1),(466,4,2,1),(466,5,4,1),(466,6,4,1),(467,2,1,1),(467,2,2,1),(467,3,1,1),(467,3,2,1),(467,4,1,1),(467,4,2,1),(467,5,1,1),(467,5,2,1),(467,6,1,1),(467,6,2,1),(468,2,4,2),(468,3,4,2),(468,4,4,2),(468,5,4,2),(468,6,4,2),(469,2,1,1),(469,3,1,1),(469,4,1,1),(469,5,1,1),(469,6,1,1),(471,2,2,2),(471,3,2,2),(471,4,2,2),(471,5,2,2),(471,6,2,2),(472,2,1,1),(472,3,1,1),(472,4,1,1),(472,5,1,1),(472,6,1,1),(473,4,1,1),(473,5,1,1),(473,6,1,1),(474,2,1,1),(474,3,1,1),(474,4,1,1),(474,5,1,1),(474,6,1,1),(475,2,1,1),(475,3,1,1),(475,4,1,1),(475,5,1,1),(475,6,1,1),(476,2,2,1),(476,3,2,1),(476,4,2,1),(476,5,2,1),(476,6,2,1),(477,2,2,1),(477,2,7,1),(477,3,2,1),(477,3,7,1),(477,4,2,1),(477,4,7,1),(477,5,2,1),(477,5,7,1),(477,6,2,1),(477,6,7,1),(478,2,2,1),(478,2,4,1),(478,3,2,1),(478,3,4,1),(478,4,2,1),(478,4,4,1),(478,5,2,1),(478,5,4,1),(478,6,2,1),(478,6,4,1),(479,2,1,2),(479,3,1,2),(479,4,1,2),(479,5,1,2),(479,6,1,2),(480,2,1,1),(480,3,1,1),(480,4,1,1),(480,5,1,1),(480,6,1,1),(481,2,2,1),(481,4,2,1),(481,6,2,1),(482,2,1,1),(482,3,1,1),(482,4,1,1),(482,5,1,1),(482,6,1,1);

/*Table structure for table `dia_semana` */

DROP TABLE IF EXISTS `dia_semana`;

CREATE TABLE `dia_semana` (
  `id` int(11) NOT NULL AUTO_INCREMENT,
  `nombre` varchar(45) DEFAULT NULL,
  `descripcion` varchar(45) DEFAULT NULL,
  PRIMARY KEY (`id`)
) ENGINE=InnoDB AUTO_INCREMENT=7 DEFAULT CHARSET=latin1;

/*Data for the table `dia_semana` */

insert  into `dia_semana`(`id`,`nombre`,`descripcion`) values (2,'Lunes',NULL),(3,'Martes',NULL),(4,'Miercoles',NULL),(5,'Jueves',NULL),(6,'Viernes',NULL);

/*Table structure for table `empresa` */

DROP TABLE IF EXISTS `empresa`;

CREATE TABLE `empresa` (
  `id` int(11) NOT NULL AUTO_INCREMENT,
  `nombre` varchar(45) NOT NULL,
  `idlocalidad` int(11) NOT NULL,
  `created_at` timestamp NOT NULL DEFAULT CURRENT_TIMESTAMP ON UPDATE CURRENT_TIMESTAMP,
  `updated_at` timestamp NULL DEFAULT NULL,
  `deleted_at` timestamp NULL DEFAULT NULL,
  `envio` int(11) NOT NULL DEFAULT '0',
  PRIMARY KEY (`id`),
  KEY `fk_loc_idx` (`idlocalidad`),
  CONSTRAINT `fk_loc` FOREIGN KEY (`idlocalidad`) REFERENCES `localidad` (`id`) ON DELETE NO ACTION ON UPDATE NO ACTION
) ENGINE=InnoDB AUTO_INCREMENT=6 DEFAULT CHARSET=latin1;

/*Data for the table `empresa` */

insert  into `empresa`(`id`,`nombre`,`idlocalidad`,`created_at`,`updated_at`,`deleted_at`,`envio`) values (2,'Vicentin',1,'2016-02-08 12:26:44','2016-01-04 18:09:18','2016-02-07 14:20:21',1),(3,'Banco',3,'2016-02-08 12:49:21','2016-02-08 15:49:21','2016-02-07 14:20:21',1);

/*Table structure for table `empresa_vianda` */

DROP TABLE IF EXISTS `empresa_vianda`;

CREATE TABLE `empresa_vianda` (
  `empresa_id` int(11) NOT NULL,
  `tipo_vianda_id` int(11) NOT NULL,
  `precio` double NOT NULL DEFAULT '0',
  PRIMARY KEY (`empresa_id`,`tipo_vianda_id`),
  KEY `fk_tipo_vianda_idx` (`tipo_vianda_id`),
  CONSTRAINT `fk_empresa` FOREIGN KEY (`empresa_id`) REFERENCES `empresa` (`id`) ON DELETE CASCADE ON UPDATE NO ACTION,
  CONSTRAINT `fk_tipo_vianda` FOREIGN KEY (`tipo_vianda_id`) REFERENCES `tipo_vianda` (`id`) ON DELETE CASCADE ON UPDATE NO ACTION
) ENGINE=InnoDB DEFAULT CHARSET=utf8 COLLATE=utf8_spanish_ci;

/*Data for the table `empresa_vianda` */

insert  into `empresa_vianda`(`empresa_id`,`tipo_vianda_id`,`precio`) values (2,1,60),(2,2,60),(2,4,60),(3,1,45),(3,2,45),(3,4,45);

/*Table structure for table `envios` */

DROP TABLE IF EXISTS `envios`;

CREATE TABLE `envios` (
  `id` int(11) NOT NULL AUTO_INCREMENT,
  `zona` varchar(45) DEFAULT NULL,
  `precio` varchar(45) DEFAULT NULL,
  `observaciones` varchar(45) DEFAULT NULL,
  PRIMARY KEY (`id`)
) ENGINE=InnoDB DEFAULT CHARSET=latin1;

/*Data for the table `envios` */

/*Table structure for table `gasto` */

DROP TABLE IF EXISTS `gasto`;

CREATE TABLE `gasto` (
  `id` int(11) NOT NULL AUTO_INCREMENT,
  `descripcion` varchar(255) DEFAULT NULL,
  `idtipo_gasto` int(11) NOT NULL,
  `monto` double NOT NULL DEFAULT '0',
  `fecha` date NOT NULL,
  `created_at` timestamp NOT NULL DEFAULT CURRENT_TIMESTAMP ON UPDATE CURRENT_TIMESTAMP,
  `updated_at` timestamp NULL DEFAULT NULL,
  `deleted_at` timestamp NULL DEFAULT NULL,
  PRIMARY KEY (`id`),
  KEY `fk_tipo_gasto_idx` (`idtipo_gasto`),
  CONSTRAINT `fk_tipo_gasto` FOREIGN KEY (`idtipo_gasto`) REFERENCES `tipo_gasto` (`id`) ON DELETE NO ACTION ON UPDATE NO ACTION
) ENGINE=InnoDB AUTO_INCREMENT=11 DEFAULT CHARSET=latin1;

/*Data for the table `gasto` */

insert  into `gasto`(`id`,`descripcion`,`idtipo_gasto`,`monto`,`fecha`,`created_at`,`updated_at`,`deleted_at`) values (3,'Libreria',2,10,'2015-11-04','2015-11-04 19:29:11','2015-11-04 19:29:11',NULL),(5,'Gasto',2,5,'2015-04-11','2015-11-04 19:34:31','2015-11-04 19:34:31',NULL),(6,'GAstooo',2,100,'2015-04-11','2015-11-04 19:35:04','2015-11-04 19:35:04',NULL),(7,'Desc',2,100,'2015-11-04','2015-11-04 19:35:29','2015-11-04 19:35:29',NULL),(8,'Zarpado Gasto',2,10.4,'2015-11-04','2015-11-04 19:44:12','2015-11-04 19:44:12',NULL),(9,'Berrone',2,0,'2016-07-18','2016-07-15 20:31:26','2016-07-15 20:31:26',NULL),(10,'Semillas',2,0,'2016-10-03','2016-09-30 20:08:17','2016-09-30 20:08:17',NULL);

/*Table structure for table `linea_pedido` */

DROP TABLE IF EXISTS `linea_pedido`;

CREATE TABLE `linea_pedido` (
  `id` int(11) NOT NULL AUTO_INCREMENT,
  `pedido_id` int(11) NOT NULL,
  `tipo_vianda_id` int(11) NOT NULL,
  `precio_vianda` decimal(10,0) NOT NULL DEFAULT '0',
  `cantidad` int(11) NOT NULL DEFAULT '0',
  `deleted_at` timestamp NULL DEFAULT NULL,
  `created_at` timestamp NULL DEFAULT NULL,
  `updated_at` timestamp NULL DEFAULT NULL,
  PRIMARY KEY (`id`),
  KEY `FK_linea_pedido` (`tipo_vianda_id`),
  KEY `FK_linea_pedido_pedido` (`pedido_id`),
  CONSTRAINT `FK_linea_pedido` FOREIGN KEY (`tipo_vianda_id`) REFERENCES `tipo_vianda` (`id`),
  CONSTRAINT `FK_linea_pedido_pedido` FOREIGN KEY (`pedido_id`) REFERENCES `pedido` (`id`)
) ENGINE=InnoDB DEFAULT CHARSET=utf8 COLLATE=utf8_spanish_ci;

/*Data for the table `linea_pedido` */

/*Table structure for table `localidad` */

DROP TABLE IF EXISTS `localidad`;

CREATE TABLE `localidad` (
  `id` int(11) NOT NULL AUTO_INCREMENT,
  `nombre` varchar(45) NOT NULL,
  `costo_envio` double NOT NULL DEFAULT '0',
  `updated_at` timestamp NULL DEFAULT NULL,
  `created_at` timestamp NOT NULL DEFAULT '0000-00-00 00:00:00',
  `deleted_at` timestamp NULL DEFAULT NULL,
  PRIMARY KEY (`id`),
  UNIQUE KEY `nombre_UNIQUE` (`nombre`)
) ENGINE=InnoDB AUTO_INCREMENT=4 DEFAULT CHARSET=latin1;

/*Data for the table `localidad` */

insert  into `localidad`(`id`,`nombre`,`costo_envio`,`updated_at`,`created_at`,`deleted_at`) values (1,'Avellaneda',15,'2016-05-05 21:49:56','0000-00-00 00:00:00',NULL),(3,'Reconquista',10,'2016-05-05 21:50:02','2015-12-16 03:40:58',NULL);

/*Table structure for table `no_laborables` */

DROP TABLE IF EXISTS `no_laborables`;

CREATE TABLE `no_laborables` (
  `id` int(11) NOT NULL AUTO_INCREMENT,
  `fecha` date DEFAULT NULL,
  `motivo` varchar(45) DEFAULT NULL,
  `estado` varchar(45) DEFAULT NULL,
  `created_at` datetime NOT NULL,
  `updated_at` datetime NOT NULL,
  PRIMARY KEY (`id`)
) ENGINE=InnoDB AUTO_INCREMENT=4 DEFAULT CHARSET=latin1;

/*Data for the table `no_laborables` */

insert  into `no_laborables`(`id`,`fecha`,`motivo`,`estado`,`created_at`,`updated_at`) values (2,'2014-11-24','alguno',NULL,'2015-10-15 03:51:25','2015-10-15 03:51:40'),(3,'2016-01-14','feriado nacional',NULL,'2016-01-14 11:31:49','2016-01-14 11:31:49');

/*Table structure for table `no_me_gusta` */

DROP TABLE IF EXISTS `no_me_gusta`;

CREATE TABLE `no_me_gusta` (
  `cliente_id` int(11) NOT NULL,
  `alimento_id` int(11) NOT NULL,
  `created_at` datetime NOT NULL,
  `updated_at` datetime NOT NULL,
  KEY `fk_no_me_gusta_cliente_idx` (`cliente_id`),
  KEY `fk_no_me_gusta_alimento1_idx` (`alimento_id`),
  CONSTRAINT `fk_no_me_gusta_alimento1` FOREIGN KEY (`alimento_id`) REFERENCES `alimento` (`id`) ON DELETE NO ACTION ON UPDATE NO ACTION,
  CONSTRAINT `fk_no_me_gusta_cliente` FOREIGN KEY (`cliente_id`) REFERENCES `cliente` (`id`) ON DELETE CASCADE ON UPDATE CASCADE
) ENGINE=InnoDB DEFAULT CHARSET=latin1;

/*Data for the table `no_me_gusta` */

insert  into `no_me_gusta`(`cliente_id`,`alimento_id`,`created_at`,`updated_at`) values (18,2,'0000-00-00 00:00:00','0000-00-00 00:00:00'),(18,4,'0000-00-00 00:00:00','0000-00-00 00:00:00'),(18,7,'0000-00-00 00:00:00','0000-00-00 00:00:00'),(18,13,'0000-00-00 00:00:00','0000-00-00 00:00:00'),(18,15,'0000-00-00 00:00:00','0000-00-00 00:00:00'),(18,17,'0000-00-00 00:00:00','0000-00-00 00:00:00'),(18,18,'0000-00-00 00:00:00','0000-00-00 00:00:00'),(18,25,'0000-00-00 00:00:00','0000-00-00 00:00:00'),(18,29,'0000-00-00 00:00:00','0000-00-00 00:00:00'),(18,31,'0000-00-00 00:00:00','0000-00-00 00:00:00'),(18,33,'0000-00-00 00:00:00','0000-00-00 00:00:00'),(18,34,'0000-00-00 00:00:00','0000-00-00 00:00:00'),(18,36,'0000-00-00 00:00:00','0000-00-00 00:00:00'),(18,44,'0000-00-00 00:00:00','0000-00-00 00:00:00'),(19,4,'0000-00-00 00:00:00','0000-00-00 00:00:00'),(19,7,'0000-00-00 00:00:00','0000-00-00 00:00:00'),(19,12,'0000-00-00 00:00:00','0000-00-00 00:00:00'),(19,25,'0000-00-00 00:00:00','0000-00-00 00:00:00'),(19,26,'0000-00-00 00:00:00','0000-00-00 00:00:00'),(19,31,'0000-00-00 00:00:00','0000-00-00 00:00:00'),(19,33,'0000-00-00 00:00:00','0000-00-00 00:00:00'),(19,39,'0000-00-00 00:00:00','0000-00-00 00:00:00'),(19,40,'0000-00-00 00:00:00','0000-00-00 00:00:00'),(19,41,'0000-00-00 00:00:00','0000-00-00 00:00:00'),(20,2,'0000-00-00 00:00:00','0000-00-00 00:00:00'),(20,4,'0000-00-00 00:00:00','0000-00-00 00:00:00'),(20,10,'0000-00-00 00:00:00','0000-00-00 00:00:00'),(20,11,'0000-00-00 00:00:00','0000-00-00 00:00:00'),(20,13,'0000-00-00 00:00:00','0000-00-00 00:00:00'),(20,14,'0000-00-00 00:00:00','0000-00-00 00:00:00'),(20,16,'0000-00-00 00:00:00','0000-00-00 00:00:00'),(20,17,'0000-00-00 00:00:00','0000-00-00 00:00:00'),(20,18,'0000-00-00 00:00:00','0000-00-00 00:00:00'),(20,20,'0000-00-00 00:00:00','0000-00-00 00:00:00'),(20,23,'0000-00-00 00:00:00','0000-00-00 00:00:00'),(20,25,'0000-00-00 00:00:00','0000-00-00 00:00:00'),(20,26,'0000-00-00 00:00:00','0000-00-00 00:00:00'),(20,31,'0000-00-00 00:00:00','0000-00-00 00:00:00'),(20,33,'0000-00-00 00:00:00','0000-00-00 00:00:00'),(20,34,'0000-00-00 00:00:00','0000-00-00 00:00:00'),(20,36,'0000-00-00 00:00:00','0000-00-00 00:00:00'),(21,2,'0000-00-00 00:00:00','0000-00-00 00:00:00'),(21,7,'0000-00-00 00:00:00','0000-00-00 00:00:00'),(21,11,'0000-00-00 00:00:00','0000-00-00 00:00:00'),(21,23,'0000-00-00 00:00:00','0000-00-00 00:00:00'),(21,26,'0000-00-00 00:00:00','0000-00-00 00:00:00'),(21,29,'0000-00-00 00:00:00','0000-00-00 00:00:00'),(21,31,'0000-00-00 00:00:00','0000-00-00 00:00:00'),(22,7,'0000-00-00 00:00:00','0000-00-00 00:00:00'),(24,4,'0000-00-00 00:00:00','0000-00-00 00:00:00'),(24,6,'0000-00-00 00:00:00','0000-00-00 00:00:00'),(24,7,'0000-00-00 00:00:00','0000-00-00 00:00:00'),(24,9,'0000-00-00 00:00:00','0000-00-00 00:00:00'),(24,11,'0000-00-00 00:00:00','0000-00-00 00:00:00'),(24,12,'0000-00-00 00:00:00','0000-00-00 00:00:00'),(24,13,'0000-00-00 00:00:00','0000-00-00 00:00:00'),(24,27,'0000-00-00 00:00:00','0000-00-00 00:00:00'),(24,30,'0000-00-00 00:00:00','0000-00-00 00:00:00'),(24,31,'0000-00-00 00:00:00','0000-00-00 00:00:00'),(24,47,'0000-00-00 00:00:00','0000-00-00 00:00:00'),(38,1,'0000-00-00 00:00:00','0000-00-00 00:00:00'),(38,6,'0000-00-00 00:00:00','0000-00-00 00:00:00'),(38,7,'0000-00-00 00:00:00','0000-00-00 00:00:00'),(38,9,'0000-00-00 00:00:00','0000-00-00 00:00:00'),(38,10,'0000-00-00 00:00:00','0000-00-00 00:00:00'),(38,11,'0000-00-00 00:00:00','0000-00-00 00:00:00'),(38,13,'0000-00-00 00:00:00','0000-00-00 00:00:00'),(38,14,'0000-00-00 00:00:00','0000-00-00 00:00:00'),(38,18,'0000-00-00 00:00:00','0000-00-00 00:00:00'),(38,22,'0000-00-00 00:00:00','0000-00-00 00:00:00'),(38,23,'0000-00-00 00:00:00','0000-00-00 00:00:00'),(38,24,'0000-00-00 00:00:00','0000-00-00 00:00:00'),(38,26,'0000-00-00 00:00:00','0000-00-00 00:00:00'),(38,28,'0000-00-00 00:00:00','0000-00-00 00:00:00'),(38,30,'0000-00-00 00:00:00','0000-00-00 00:00:00'),(38,31,'0000-00-00 00:00:00','0000-00-00 00:00:00'),(38,32,'0000-00-00 00:00:00','0000-00-00 00:00:00'),(38,33,'0000-00-00 00:00:00','0000-00-00 00:00:00'),(38,34,'0000-00-00 00:00:00','0000-00-00 00:00:00'),(38,36,'0000-00-00 00:00:00','0000-00-00 00:00:00'),(38,45,'0000-00-00 00:00:00','0000-00-00 00:00:00'),(39,2,'0000-00-00 00:00:00','0000-00-00 00:00:00'),(39,4,'0000-00-00 00:00:00','0000-00-00 00:00:00'),(39,6,'0000-00-00 00:00:00','0000-00-00 00:00:00'),(39,7,'0000-00-00 00:00:00','0000-00-00 00:00:00'),(39,9,'0000-00-00 00:00:00','0000-00-00 00:00:00'),(39,11,'0000-00-00 00:00:00','0000-00-00 00:00:00'),(39,12,'0000-00-00 00:00:00','0000-00-00 00:00:00'),(39,13,'0000-00-00 00:00:00','0000-00-00 00:00:00'),(39,21,'0000-00-00 00:00:00','0000-00-00 00:00:00'),(39,26,'0000-00-00 00:00:00','0000-00-00 00:00:00'),(39,27,'0000-00-00 00:00:00','0000-00-00 00:00:00'),(39,28,'0000-00-00 00:00:00','0000-00-00 00:00:00'),(39,30,'0000-00-00 00:00:00','0000-00-00 00:00:00'),(39,31,'0000-00-00 00:00:00','0000-00-00 00:00:00'),(39,33,'0000-00-00 00:00:00','0000-00-00 00:00:00'),(39,43,'0000-00-00 00:00:00','0000-00-00 00:00:00'),(39,44,'0000-00-00 00:00:00','0000-00-00 00:00:00'),(39,47,'0000-00-00 00:00:00','0000-00-00 00:00:00'),(40,1,'0000-00-00 00:00:00','0000-00-00 00:00:00'),(40,4,'0000-00-00 00:00:00','0000-00-00 00:00:00'),(40,7,'0000-00-00 00:00:00','0000-00-00 00:00:00'),(40,9,'0000-00-00 00:00:00','0000-00-00 00:00:00'),(40,11,'0000-00-00 00:00:00','0000-00-00 00:00:00'),(40,12,'0000-00-00 00:00:00','0000-00-00 00:00:00'),(40,13,'0000-00-00 00:00:00','0000-00-00 00:00:00'),(40,25,'0000-00-00 00:00:00','0000-00-00 00:00:00'),(40,26,'0000-00-00 00:00:00','0000-00-00 00:00:00'),(40,27,'0000-00-00 00:00:00','0000-00-00 00:00:00'),(40,28,'0000-00-00 00:00:00','0000-00-00 00:00:00'),(40,30,'0000-00-00 00:00:00','0000-00-00 00:00:00'),(40,31,'0000-00-00 00:00:00','0000-00-00 00:00:00'),(40,32,'0000-00-00 00:00:00','0000-00-00 00:00:00'),(40,33,'0000-00-00 00:00:00','0000-00-00 00:00:00'),(40,36,'0000-00-00 00:00:00','0000-00-00 00:00:00'),(40,44,'0000-00-00 00:00:00','0000-00-00 00:00:00'),(40,47,'0000-00-00 00:00:00','0000-00-00 00:00:00'),(41,1,'0000-00-00 00:00:00','0000-00-00 00:00:00'),(41,4,'0000-00-00 00:00:00','0000-00-00 00:00:00'),(41,5,'0000-00-00 00:00:00','0000-00-00 00:00:00'),(41,7,'0000-00-00 00:00:00','0000-00-00 00:00:00'),(41,10,'0000-00-00 00:00:00','0000-00-00 00:00:00'),(41,11,'0000-00-00 00:00:00','0000-00-00 00:00:00'),(41,13,'0000-00-00 00:00:00','0000-00-00 00:00:00'),(41,15,'0000-00-00 00:00:00','0000-00-00 00:00:00'),(41,25,'0000-00-00 00:00:00','0000-00-00 00:00:00'),(41,26,'0000-00-00 00:00:00','0000-00-00 00:00:00'),(41,28,'0000-00-00 00:00:00','0000-00-00 00:00:00'),(41,29,'0000-00-00 00:00:00','0000-00-00 00:00:00'),(41,30,'0000-00-00 00:00:00','0000-00-00 00:00:00'),(37,1,'0000-00-00 00:00:00','0000-00-00 00:00:00'),(37,6,'0000-00-00 00:00:00','0000-00-00 00:00:00'),(37,7,'0000-00-00 00:00:00','0000-00-00 00:00:00'),(37,9,'0000-00-00 00:00:00','0000-00-00 00:00:00'),(37,12,'0000-00-00 00:00:00','0000-00-00 00:00:00'),(37,14,'0000-00-00 00:00:00','0000-00-00 00:00:00'),(37,27,'0000-00-00 00:00:00','0000-00-00 00:00:00'),(34,2,'0000-00-00 00:00:00','0000-00-00 00:00:00'),(34,10,'0000-00-00 00:00:00','0000-00-00 00:00:00'),(34,11,'0000-00-00 00:00:00','0000-00-00 00:00:00'),(34,12,'0000-00-00 00:00:00','0000-00-00 00:00:00'),(34,13,'0000-00-00 00:00:00','0000-00-00 00:00:00'),(34,15,'0000-00-00 00:00:00','0000-00-00 00:00:00'),(34,23,'0000-00-00 00:00:00','0000-00-00 00:00:00'),(34,25,'0000-00-00 00:00:00','0000-00-00 00:00:00'),(34,26,'0000-00-00 00:00:00','0000-00-00 00:00:00'),(34,28,'0000-00-00 00:00:00','0000-00-00 00:00:00'),(34,31,'0000-00-00 00:00:00','0000-00-00 00:00:00'),(34,39,'0000-00-00 00:00:00','0000-00-00 00:00:00'),(34,52,'0000-00-00 00:00:00','0000-00-00 00:00:00'),(33,2,'0000-00-00 00:00:00','0000-00-00 00:00:00'),(33,3,'0000-00-00 00:00:00','0000-00-00 00:00:00'),(33,7,'0000-00-00 00:00:00','0000-00-00 00:00:00'),(33,10,'0000-00-00 00:00:00','0000-00-00 00:00:00'),(33,12,'0000-00-00 00:00:00','0000-00-00 00:00:00'),(33,14,'0000-00-00 00:00:00','0000-00-00 00:00:00'),(33,18,'0000-00-00 00:00:00','0000-00-00 00:00:00'),(33,21,'0000-00-00 00:00:00','0000-00-00 00:00:00'),(33,28,'0000-00-00 00:00:00','0000-00-00 00:00:00'),(33,36,'0000-00-00 00:00:00','0000-00-00 00:00:00'),(33,46,'0000-00-00 00:00:00','0000-00-00 00:00:00'),(33,51,'0000-00-00 00:00:00','0000-00-00 00:00:00'),(32,23,'0000-00-00 00:00:00','0000-00-00 00:00:00'),(32,24,'0000-00-00 00:00:00','0000-00-00 00:00:00'),(32,26,'0000-00-00 00:00:00','0000-00-00 00:00:00'),(32,51,'0000-00-00 00:00:00','0000-00-00 00:00:00'),(30,6,'0000-00-00 00:00:00','0000-00-00 00:00:00'),(30,37,'0000-00-00 00:00:00','0000-00-00 00:00:00'),(30,41,'0000-00-00 00:00:00','0000-00-00 00:00:00'),(30,46,'0000-00-00 00:00:00','0000-00-00 00:00:00'),(29,10,'0000-00-00 00:00:00','0000-00-00 00:00:00'),(29,30,'0000-00-00 00:00:00','0000-00-00 00:00:00'),(28,12,'0000-00-00 00:00:00','0000-00-00 00:00:00'),(28,17,'0000-00-00 00:00:00','0000-00-00 00:00:00'),(27,2,'0000-00-00 00:00:00','0000-00-00 00:00:00'),(27,7,'0000-00-00 00:00:00','0000-00-00 00:00:00'),(27,18,'0000-00-00 00:00:00','0000-00-00 00:00:00'),(26,10,'0000-00-00 00:00:00','0000-00-00 00:00:00'),(26,28,'0000-00-00 00:00:00','0000-00-00 00:00:00'),(42,2,'0000-00-00 00:00:00','0000-00-00 00:00:00'),(42,4,'0000-00-00 00:00:00','0000-00-00 00:00:00'),(42,11,'0000-00-00 00:00:00','0000-00-00 00:00:00'),(42,13,'0000-00-00 00:00:00','0000-00-00 00:00:00'),(42,15,'0000-00-00 00:00:00','0000-00-00 00:00:00'),(42,18,'0000-00-00 00:00:00','0000-00-00 00:00:00'),(42,26,'0000-00-00 00:00:00','0000-00-00 00:00:00'),(42,29,'0000-00-00 00:00:00','0000-00-00 00:00:00'),(44,2,'0000-00-00 00:00:00','0000-00-00 00:00:00'),(44,3,'0000-00-00 00:00:00','0000-00-00 00:00:00'),(44,5,'0000-00-00 00:00:00','0000-00-00 00:00:00'),(44,15,'0000-00-00 00:00:00','0000-00-00 00:00:00'),(44,16,'0000-00-00 00:00:00','0000-00-00 00:00:00'),(44,17,'0000-00-00 00:00:00','0000-00-00 00:00:00'),(44,20,'0000-00-00 00:00:00','0000-00-00 00:00:00'),(44,21,'0000-00-00 00:00:00','0000-00-00 00:00:00'),(44,23,'0000-00-00 00:00:00','0000-00-00 00:00:00'),(44,24,'0000-00-00 00:00:00','0000-00-00 00:00:00'),(44,27,'0000-00-00 00:00:00','0000-00-00 00:00:00'),(44,42,'0000-00-00 00:00:00','0000-00-00 00:00:00'),(44,43,'0000-00-00 00:00:00','0000-00-00 00:00:00'),(44,44,'0000-00-00 00:00:00','0000-00-00 00:00:00'),(44,45,'0000-00-00 00:00:00','0000-00-00 00:00:00'),(44,46,'0000-00-00 00:00:00','0000-00-00 00:00:00'),(44,47,'0000-00-00 00:00:00','0000-00-00 00:00:00'),(44,48,'0000-00-00 00:00:00','0000-00-00 00:00:00'),(44,49,'0000-00-00 00:00:00','0000-00-00 00:00:00'),(44,50,'0000-00-00 00:00:00','0000-00-00 00:00:00'),(44,51,'0000-00-00 00:00:00','0000-00-00 00:00:00'),(45,10,'0000-00-00 00:00:00','0000-00-00 00:00:00'),(45,13,'0000-00-00 00:00:00','0000-00-00 00:00:00'),(45,28,'0000-00-00 00:00:00','0000-00-00 00:00:00'),(46,1,'0000-00-00 00:00:00','0000-00-00 00:00:00'),(46,5,'0000-00-00 00:00:00','0000-00-00 00:00:00'),(46,6,'0000-00-00 00:00:00','0000-00-00 00:00:00'),(46,7,'0000-00-00 00:00:00','0000-00-00 00:00:00'),(46,9,'0000-00-00 00:00:00','0000-00-00 00:00:00'),(46,11,'0000-00-00 00:00:00','0000-00-00 00:00:00'),(46,12,'0000-00-00 00:00:00','0000-00-00 00:00:00'),(46,25,'0000-00-00 00:00:00','0000-00-00 00:00:00'),(46,26,'0000-00-00 00:00:00','0000-00-00 00:00:00'),(46,27,'0000-00-00 00:00:00','0000-00-00 00:00:00'),(46,31,'0000-00-00 00:00:00','0000-00-00 00:00:00'),(46,33,'0000-00-00 00:00:00','0000-00-00 00:00:00'),(46,36,'0000-00-00 00:00:00','0000-00-00 00:00:00'),(46,45,'0000-00-00 00:00:00','0000-00-00 00:00:00'),(46,46,'0000-00-00 00:00:00','0000-00-00 00:00:00'),(47,42,'0000-00-00 00:00:00','0000-00-00 00:00:00'),(47,43,'0000-00-00 00:00:00','0000-00-00 00:00:00'),(47,44,'0000-00-00 00:00:00','0000-00-00 00:00:00'),(47,45,'0000-00-00 00:00:00','0000-00-00 00:00:00'),(47,46,'0000-00-00 00:00:00','0000-00-00 00:00:00'),(47,47,'0000-00-00 00:00:00','0000-00-00 00:00:00'),(47,48,'0000-00-00 00:00:00','0000-00-00 00:00:00'),(47,49,'0000-00-00 00:00:00','0000-00-00 00:00:00'),(47,50,'0000-00-00 00:00:00','0000-00-00 00:00:00'),(47,51,'0000-00-00 00:00:00','0000-00-00 00:00:00'),(48,4,'0000-00-00 00:00:00','0000-00-00 00:00:00'),(48,11,'0000-00-00 00:00:00','0000-00-00 00:00:00'),(48,13,'0000-00-00 00:00:00','0000-00-00 00:00:00'),(49,2,'0000-00-00 00:00:00','0000-00-00 00:00:00'),(49,9,'0000-00-00 00:00:00','0000-00-00 00:00:00'),(49,10,'0000-00-00 00:00:00','0000-00-00 00:00:00'),(49,23,'0000-00-00 00:00:00','0000-00-00 00:00:00'),(49,24,'0000-00-00 00:00:00','0000-00-00 00:00:00'),(49,27,'0000-00-00 00:00:00','0000-00-00 00:00:00'),(49,31,'0000-00-00 00:00:00','0000-00-00 00:00:00'),(49,36,'0000-00-00 00:00:00','0000-00-00 00:00:00'),(49,38,'0000-00-00 00:00:00','0000-00-00 00:00:00'),(49,44,'0000-00-00 00:00:00','0000-00-00 00:00:00'),(50,7,'0000-00-00 00:00:00','0000-00-00 00:00:00'),(50,18,'0000-00-00 00:00:00','0000-00-00 00:00:00'),(52,1,'0000-00-00 00:00:00','0000-00-00 00:00:00'),(52,6,'0000-00-00 00:00:00','0000-00-00 00:00:00'),(52,9,'0000-00-00 00:00:00','0000-00-00 00:00:00'),(52,14,'0000-00-00 00:00:00','0000-00-00 00:00:00'),(52,27,'0000-00-00 00:00:00','0000-00-00 00:00:00'),(52,30,'0000-00-00 00:00:00','0000-00-00 00:00:00'),(52,39,'0000-00-00 00:00:00','0000-00-00 00:00:00'),(52,40,'0000-00-00 00:00:00','0000-00-00 00:00:00'),(52,51,'0000-00-00 00:00:00','0000-00-00 00:00:00'),(53,4,'0000-00-00 00:00:00','0000-00-00 00:00:00'),(53,7,'0000-00-00 00:00:00','0000-00-00 00:00:00'),(53,10,'0000-00-00 00:00:00','0000-00-00 00:00:00'),(53,12,'0000-00-00 00:00:00','0000-00-00 00:00:00'),(53,13,'0000-00-00 00:00:00','0000-00-00 00:00:00'),(53,15,'0000-00-00 00:00:00','0000-00-00 00:00:00'),(53,21,'0000-00-00 00:00:00','0000-00-00 00:00:00'),(53,30,'0000-00-00 00:00:00','0000-00-00 00:00:00'),(53,31,'0000-00-00 00:00:00','0000-00-00 00:00:00'),(53,32,'0000-00-00 00:00:00','0000-00-00 00:00:00'),(53,36,'0000-00-00 00:00:00','0000-00-00 00:00:00'),(53,37,'0000-00-00 00:00:00','0000-00-00 00:00:00'),(53,38,'0000-00-00 00:00:00','0000-00-00 00:00:00'),(53,39,'0000-00-00 00:00:00','0000-00-00 00:00:00'),(53,40,'0000-00-00 00:00:00','0000-00-00 00:00:00'),(53,41,'0000-00-00 00:00:00','0000-00-00 00:00:00'),(53,42,'0000-00-00 00:00:00','0000-00-00 00:00:00'),(54,11,'0000-00-00 00:00:00','0000-00-00 00:00:00'),(54,26,'0000-00-00 00:00:00','0000-00-00 00:00:00'),(54,33,'0000-00-00 00:00:00','0000-00-00 00:00:00'),(55,2,'0000-00-00 00:00:00','0000-00-00 00:00:00'),(55,4,'0000-00-00 00:00:00','0000-00-00 00:00:00'),(55,11,'0000-00-00 00:00:00','0000-00-00 00:00:00'),(55,13,'0000-00-00 00:00:00','0000-00-00 00:00:00'),(55,26,'0000-00-00 00:00:00','0000-00-00 00:00:00'),(55,31,'0000-00-00 00:00:00','0000-00-00 00:00:00'),(55,36,'0000-00-00 00:00:00','0000-00-00 00:00:00'),(55,41,'0000-00-00 00:00:00','0000-00-00 00:00:00'),(56,2,'0000-00-00 00:00:00','0000-00-00 00:00:00'),(56,4,'0000-00-00 00:00:00','0000-00-00 00:00:00'),(56,5,'0000-00-00 00:00:00','0000-00-00 00:00:00'),(56,7,'0000-00-00 00:00:00','0000-00-00 00:00:00'),(56,10,'0000-00-00 00:00:00','0000-00-00 00:00:00'),(56,11,'0000-00-00 00:00:00','0000-00-00 00:00:00'),(56,14,'0000-00-00 00:00:00','0000-00-00 00:00:00'),(56,16,'0000-00-00 00:00:00','0000-00-00 00:00:00'),(56,18,'0000-00-00 00:00:00','0000-00-00 00:00:00'),(56,19,'0000-00-00 00:00:00','0000-00-00 00:00:00'),(56,20,'0000-00-00 00:00:00','0000-00-00 00:00:00'),(56,21,'0000-00-00 00:00:00','0000-00-00 00:00:00'),(56,22,'0000-00-00 00:00:00','0000-00-00 00:00:00'),(56,23,'0000-00-00 00:00:00','0000-00-00 00:00:00'),(56,25,'0000-00-00 00:00:00','0000-00-00 00:00:00'),(56,26,'0000-00-00 00:00:00','0000-00-00 00:00:00'),(56,27,'0000-00-00 00:00:00','0000-00-00 00:00:00'),(56,31,'0000-00-00 00:00:00','0000-00-00 00:00:00'),(56,33,'0000-00-00 00:00:00','0000-00-00 00:00:00'),(56,34,'0000-00-00 00:00:00','0000-00-00 00:00:00'),(56,36,'0000-00-00 00:00:00','0000-00-00 00:00:00'),(56,43,'0000-00-00 00:00:00','0000-00-00 00:00:00'),(56,45,'0000-00-00 00:00:00','0000-00-00 00:00:00'),(56,46,'0000-00-00 00:00:00','0000-00-00 00:00:00'),(56,47,'0000-00-00 00:00:00','0000-00-00 00:00:00'),(56,48,'0000-00-00 00:00:00','0000-00-00 00:00:00'),(56,49,'0000-00-00 00:00:00','0000-00-00 00:00:00'),(56,50,'0000-00-00 00:00:00','0000-00-00 00:00:00'),(56,51,'0000-00-00 00:00:00','0000-00-00 00:00:00'),(57,4,'0000-00-00 00:00:00','0000-00-00 00:00:00'),(57,7,'0000-00-00 00:00:00','0000-00-00 00:00:00'),(57,10,'0000-00-00 00:00:00','0000-00-00 00:00:00'),(57,13,'0000-00-00 00:00:00','0000-00-00 00:00:00'),(57,14,'0000-00-00 00:00:00','0000-00-00 00:00:00'),(57,16,'0000-00-00 00:00:00','0000-00-00 00:00:00'),(57,17,'0000-00-00 00:00:00','0000-00-00 00:00:00'),(57,18,'0000-00-00 00:00:00','0000-00-00 00:00:00'),(57,23,'0000-00-00 00:00:00','0000-00-00 00:00:00'),(57,25,'0000-00-00 00:00:00','0000-00-00 00:00:00'),(57,26,'0000-00-00 00:00:00','0000-00-00 00:00:00'),(57,28,'0000-00-00 00:00:00','0000-00-00 00:00:00'),(57,29,'0000-00-00 00:00:00','0000-00-00 00:00:00'),(57,31,'0000-00-00 00:00:00','0000-00-00 00:00:00'),(57,33,'0000-00-00 00:00:00','0000-00-00 00:00:00'),(57,43,'0000-00-00 00:00:00','0000-00-00 00:00:00'),(57,46,'0000-00-00 00:00:00','0000-00-00 00:00:00'),(57,47,'0000-00-00 00:00:00','0000-00-00 00:00:00'),(57,51,'0000-00-00 00:00:00','0000-00-00 00:00:00'),(58,3,'0000-00-00 00:00:00','0000-00-00 00:00:00'),(58,4,'0000-00-00 00:00:00','0000-00-00 00:00:00'),(58,7,'0000-00-00 00:00:00','0000-00-00 00:00:00'),(58,9,'0000-00-00 00:00:00','0000-00-00 00:00:00'),(58,10,'0000-00-00 00:00:00','0000-00-00 00:00:00'),(58,11,'0000-00-00 00:00:00','0000-00-00 00:00:00'),(58,13,'0000-00-00 00:00:00','0000-00-00 00:00:00'),(58,17,'0000-00-00 00:00:00','0000-00-00 00:00:00'),(58,18,'0000-00-00 00:00:00','0000-00-00 00:00:00'),(58,19,'0000-00-00 00:00:00','0000-00-00 00:00:00'),(58,25,'0000-00-00 00:00:00','0000-00-00 00:00:00'),(58,26,'0000-00-00 00:00:00','0000-00-00 00:00:00'),(58,27,'0000-00-00 00:00:00','0000-00-00 00:00:00'),(58,29,'0000-00-00 00:00:00','0000-00-00 00:00:00'),(58,30,'0000-00-00 00:00:00','0000-00-00 00:00:00'),(58,31,'0000-00-00 00:00:00','0000-00-00 00:00:00'),(58,33,'0000-00-00 00:00:00','0000-00-00 00:00:00'),(58,36,'0000-00-00 00:00:00','0000-00-00 00:00:00'),(59,11,'0000-00-00 00:00:00','0000-00-00 00:00:00'),(59,18,'0000-00-00 00:00:00','0000-00-00 00:00:00'),(59,25,'0000-00-00 00:00:00','0000-00-00 00:00:00'),(60,1,'0000-00-00 00:00:00','0000-00-00 00:00:00'),(60,3,'0000-00-00 00:00:00','0000-00-00 00:00:00'),(60,4,'0000-00-00 00:00:00','0000-00-00 00:00:00'),(60,7,'0000-00-00 00:00:00','0000-00-00 00:00:00'),(60,9,'0000-00-00 00:00:00','0000-00-00 00:00:00'),(60,10,'0000-00-00 00:00:00','0000-00-00 00:00:00'),(60,11,'0000-00-00 00:00:00','0000-00-00 00:00:00'),(60,12,'0000-00-00 00:00:00','0000-00-00 00:00:00'),(60,13,'0000-00-00 00:00:00','0000-00-00 00:00:00'),(60,18,'0000-00-00 00:00:00','0000-00-00 00:00:00'),(60,25,'0000-00-00 00:00:00','0000-00-00 00:00:00'),(60,28,'0000-00-00 00:00:00','0000-00-00 00:00:00'),(60,29,'0000-00-00 00:00:00','0000-00-00 00:00:00'),(60,30,'0000-00-00 00:00:00','0000-00-00 00:00:00'),(60,31,'0000-00-00 00:00:00','0000-00-00 00:00:00'),(60,36,'0000-00-00 00:00:00','0000-00-00 00:00:00'),(60,39,'0000-00-00 00:00:00','0000-00-00 00:00:00'),(60,40,'0000-00-00 00:00:00','0000-00-00 00:00:00'),(63,10,'0000-00-00 00:00:00','0000-00-00 00:00:00'),(63,18,'0000-00-00 00:00:00','0000-00-00 00:00:00'),(63,23,'0000-00-00 00:00:00','0000-00-00 00:00:00'),(63,24,'0000-00-00 00:00:00','0000-00-00 00:00:00'),(63,28,'0000-00-00 00:00:00','0000-00-00 00:00:00'),(63,38,'0000-00-00 00:00:00','0000-00-00 00:00:00'),(64,11,'0000-00-00 00:00:00','0000-00-00 00:00:00'),(64,12,'0000-00-00 00:00:00','0000-00-00 00:00:00'),(64,23,'0000-00-00 00:00:00','0000-00-00 00:00:00'),(64,31,'0000-00-00 00:00:00','0000-00-00 00:00:00'),(64,36,'0000-00-00 00:00:00','0000-00-00 00:00:00'),(67,7,'0000-00-00 00:00:00','0000-00-00 00:00:00'),(67,11,'0000-00-00 00:00:00','0000-00-00 00:00:00'),(67,15,'0000-00-00 00:00:00','0000-00-00 00:00:00'),(67,23,'0000-00-00 00:00:00','0000-00-00 00:00:00'),(67,24,'0000-00-00 00:00:00','0000-00-00 00:00:00'),(67,25,'0000-00-00 00:00:00','0000-00-00 00:00:00'),(67,29,'0000-00-00 00:00:00','0000-00-00 00:00:00'),(67,31,'0000-00-00 00:00:00','0000-00-00 00:00:00'),(67,39,'0000-00-00 00:00:00','0000-00-00 00:00:00'),(67,40,'0000-00-00 00:00:00','0000-00-00 00:00:00'),(68,7,'0000-00-00 00:00:00','0000-00-00 00:00:00'),(68,11,'0000-00-00 00:00:00','0000-00-00 00:00:00'),(68,26,'0000-00-00 00:00:00','0000-00-00 00:00:00'),(69,15,'0000-00-00 00:00:00','0000-00-00 00:00:00'),(69,55,'0000-00-00 00:00:00','0000-00-00 00:00:00'),(69,56,'0000-00-00 00:00:00','0000-00-00 00:00:00'),(70,7,'0000-00-00 00:00:00','0000-00-00 00:00:00'),(70,10,'0000-00-00 00:00:00','0000-00-00 00:00:00'),(70,11,'0000-00-00 00:00:00','0000-00-00 00:00:00'),(70,13,'0000-00-00 00:00:00','0000-00-00 00:00:00'),(70,17,'0000-00-00 00:00:00','0000-00-00 00:00:00'),(70,18,'0000-00-00 00:00:00','0000-00-00 00:00:00'),(70,25,'0000-00-00 00:00:00','0000-00-00 00:00:00'),(70,26,'0000-00-00 00:00:00','0000-00-00 00:00:00'),(70,28,'0000-00-00 00:00:00','0000-00-00 00:00:00'),(70,29,'0000-00-00 00:00:00','0000-00-00 00:00:00'),(70,30,'0000-00-00 00:00:00','0000-00-00 00:00:00'),(70,31,'0000-00-00 00:00:00','0000-00-00 00:00:00'),(70,36,'0000-00-00 00:00:00','0000-00-00 00:00:00'),(71,11,'0000-00-00 00:00:00','0000-00-00 00:00:00'),(71,18,'0000-00-00 00:00:00','0000-00-00 00:00:00'),(71,26,'0000-00-00 00:00:00','0000-00-00 00:00:00'),(74,4,'0000-00-00 00:00:00','0000-00-00 00:00:00'),(74,7,'0000-00-00 00:00:00','0000-00-00 00:00:00'),(74,9,'0000-00-00 00:00:00','0000-00-00 00:00:00'),(74,13,'0000-00-00 00:00:00','0000-00-00 00:00:00'),(74,18,'0000-00-00 00:00:00','0000-00-00 00:00:00'),(74,25,'0000-00-00 00:00:00','0000-00-00 00:00:00'),(74,33,'0000-00-00 00:00:00','0000-00-00 00:00:00'),(75,1,'0000-00-00 00:00:00','0000-00-00 00:00:00'),(75,12,'0000-00-00 00:00:00','0000-00-00 00:00:00'),(75,13,'0000-00-00 00:00:00','0000-00-00 00:00:00'),(76,7,'0000-00-00 00:00:00','0000-00-00 00:00:00'),(76,10,'0000-00-00 00:00:00','0000-00-00 00:00:00'),(76,12,'0000-00-00 00:00:00','0000-00-00 00:00:00'),(76,13,'0000-00-00 00:00:00','0000-00-00 00:00:00'),(76,18,'0000-00-00 00:00:00','0000-00-00 00:00:00'),(76,25,'0000-00-00 00:00:00','0000-00-00 00:00:00'),(77,3,'0000-00-00 00:00:00','0000-00-00 00:00:00'),(77,10,'0000-00-00 00:00:00','0000-00-00 00:00:00'),(77,17,'0000-00-00 00:00:00','0000-00-00 00:00:00'),(77,18,'0000-00-00 00:00:00','0000-00-00 00:00:00'),(77,33,'0000-00-00 00:00:00','0000-00-00 00:00:00'),(78,7,'0000-00-00 00:00:00','0000-00-00 00:00:00'),(81,13,'0000-00-00 00:00:00','0000-00-00 00:00:00'),(81,25,'0000-00-00 00:00:00','0000-00-00 00:00:00'),(81,31,'0000-00-00 00:00:00','0000-00-00 00:00:00'),(81,34,'0000-00-00 00:00:00','0000-00-00 00:00:00'),(81,36,'0000-00-00 00:00:00','0000-00-00 00:00:00'),(81,42,'0000-00-00 00:00:00','0000-00-00 00:00:00'),(81,43,'0000-00-00 00:00:00','0000-00-00 00:00:00'),(81,44,'0000-00-00 00:00:00','0000-00-00 00:00:00'),(81,45,'0000-00-00 00:00:00','0000-00-00 00:00:00'),(81,46,'0000-00-00 00:00:00','0000-00-00 00:00:00'),(81,47,'0000-00-00 00:00:00','0000-00-00 00:00:00'),(81,48,'0000-00-00 00:00:00','0000-00-00 00:00:00'),(81,49,'0000-00-00 00:00:00','0000-00-00 00:00:00'),(81,50,'0000-00-00 00:00:00','0000-00-00 00:00:00'),(81,51,'0000-00-00 00:00:00','0000-00-00 00:00:00'),(82,9,'0000-00-00 00:00:00','0000-00-00 00:00:00'),(82,11,'0000-00-00 00:00:00','0000-00-00 00:00:00'),(82,12,'0000-00-00 00:00:00','0000-00-00 00:00:00'),(82,13,'0000-00-00 00:00:00','0000-00-00 00:00:00'),(82,18,'0000-00-00 00:00:00','0000-00-00 00:00:00'),(82,23,'0000-00-00 00:00:00','0000-00-00 00:00:00'),(82,25,'0000-00-00 00:00:00','0000-00-00 00:00:00'),(82,27,'0000-00-00 00:00:00','0000-00-00 00:00:00'),(82,30,'0000-00-00 00:00:00','0000-00-00 00:00:00'),(82,31,'0000-00-00 00:00:00','0000-00-00 00:00:00'),(82,33,'0000-00-00 00:00:00','0000-00-00 00:00:00'),(82,36,'0000-00-00 00:00:00','0000-00-00 00:00:00'),(82,44,'0000-00-00 00:00:00','0000-00-00 00:00:00'),(83,7,'0000-00-00 00:00:00','0000-00-00 00:00:00'),(83,11,'0000-00-00 00:00:00','0000-00-00 00:00:00'),(83,17,'0000-00-00 00:00:00','0000-00-00 00:00:00'),(83,26,'0000-00-00 00:00:00','0000-00-00 00:00:00'),(84,3,'0000-00-00 00:00:00','0000-00-00 00:00:00'),(84,4,'0000-00-00 00:00:00','0000-00-00 00:00:00'),(84,11,'0000-00-00 00:00:00','0000-00-00 00:00:00'),(84,13,'0000-00-00 00:00:00','0000-00-00 00:00:00'),(84,16,'0000-00-00 00:00:00','0000-00-00 00:00:00'),(84,25,'0000-00-00 00:00:00','0000-00-00 00:00:00'),(84,26,'0000-00-00 00:00:00','0000-00-00 00:00:00'),(85,2,'0000-00-00 00:00:00','0000-00-00 00:00:00'),(85,5,'0000-00-00 00:00:00','0000-00-00 00:00:00'),(85,7,'0000-00-00 00:00:00','0000-00-00 00:00:00'),(85,11,'0000-00-00 00:00:00','0000-00-00 00:00:00'),(85,17,'0000-00-00 00:00:00','0000-00-00 00:00:00'),(85,26,'0000-00-00 00:00:00','0000-00-00 00:00:00'),(85,29,'0000-00-00 00:00:00','0000-00-00 00:00:00'),(85,30,'0000-00-00 00:00:00','0000-00-00 00:00:00'),(86,6,'0000-00-00 00:00:00','0000-00-00 00:00:00'),(86,9,'0000-00-00 00:00:00','0000-00-00 00:00:00'),(86,15,'0000-00-00 00:00:00','0000-00-00 00:00:00'),(86,23,'0000-00-00 00:00:00','0000-00-00 00:00:00'),(86,24,'0000-00-00 00:00:00','0000-00-00 00:00:00'),(86,25,'0000-00-00 00:00:00','0000-00-00 00:00:00'),(86,26,'0000-00-00 00:00:00','0000-00-00 00:00:00'),(86,27,'0000-00-00 00:00:00','0000-00-00 00:00:00'),(86,31,'0000-00-00 00:00:00','0000-00-00 00:00:00'),(86,33,'0000-00-00 00:00:00','0000-00-00 00:00:00'),(86,38,'0000-00-00 00:00:00','0000-00-00 00:00:00'),(86,46,'0000-00-00 00:00:00','0000-00-00 00:00:00'),(86,51,'0000-00-00 00:00:00','0000-00-00 00:00:00'),(87,28,'0000-00-00 00:00:00','0000-00-00 00:00:00'),(87,37,'0000-00-00 00:00:00','0000-00-00 00:00:00'),(87,38,'0000-00-00 00:00:00','0000-00-00 00:00:00'),(87,39,'0000-00-00 00:00:00','0000-00-00 00:00:00'),(87,40,'0000-00-00 00:00:00','0000-00-00 00:00:00'),(88,1,'0000-00-00 00:00:00','0000-00-00 00:00:00'),(88,7,'0000-00-00 00:00:00','0000-00-00 00:00:00'),(88,9,'0000-00-00 00:00:00','0000-00-00 00:00:00'),(88,12,'0000-00-00 00:00:00','0000-00-00 00:00:00'),(88,15,'0000-00-00 00:00:00','0000-00-00 00:00:00'),(88,25,'0000-00-00 00:00:00','0000-00-00 00:00:00'),(88,27,'0000-00-00 00:00:00','0000-00-00 00:00:00'),(88,33,'0000-00-00 00:00:00','0000-00-00 00:00:00'),(89,1,'0000-00-00 00:00:00','0000-00-00 00:00:00'),(89,6,'0000-00-00 00:00:00','0000-00-00 00:00:00'),(89,7,'0000-00-00 00:00:00','0000-00-00 00:00:00'),(89,9,'0000-00-00 00:00:00','0000-00-00 00:00:00'),(89,12,'0000-00-00 00:00:00','0000-00-00 00:00:00'),(89,27,'0000-00-00 00:00:00','0000-00-00 00:00:00'),(89,31,'0000-00-00 00:00:00','0000-00-00 00:00:00'),(89,41,'0000-00-00 00:00:00','0000-00-00 00:00:00'),(90,1,'0000-00-00 00:00:00','0000-00-00 00:00:00'),(90,7,'0000-00-00 00:00:00','0000-00-00 00:00:00'),(90,10,'0000-00-00 00:00:00','0000-00-00 00:00:00'),(90,13,'0000-00-00 00:00:00','0000-00-00 00:00:00'),(90,16,'0000-00-00 00:00:00','0000-00-00 00:00:00'),(90,17,'0000-00-00 00:00:00','0000-00-00 00:00:00'),(90,22,'0000-00-00 00:00:00','0000-00-00 00:00:00'),(90,23,'0000-00-00 00:00:00','0000-00-00 00:00:00'),(90,28,'0000-00-00 00:00:00','0000-00-00 00:00:00'),(90,30,'0000-00-00 00:00:00','0000-00-00 00:00:00'),(90,31,'0000-00-00 00:00:00','0000-00-00 00:00:00'),(96,30,'0000-00-00 00:00:00','0000-00-00 00:00:00'),(103,2,'0000-00-00 00:00:00','0000-00-00 00:00:00'),(103,15,'0000-00-00 00:00:00','0000-00-00 00:00:00'),(103,39,'0000-00-00 00:00:00','0000-00-00 00:00:00'),(103,40,'0000-00-00 00:00:00','0000-00-00 00:00:00'),(102,22,'0000-00-00 00:00:00','0000-00-00 00:00:00'),(104,18,'0000-00-00 00:00:00','0000-00-00 00:00:00'),(104,26,'0000-00-00 00:00:00','0000-00-00 00:00:00'),(105,1,'0000-00-00 00:00:00','0000-00-00 00:00:00'),(105,5,'0000-00-00 00:00:00','0000-00-00 00:00:00'),(105,7,'0000-00-00 00:00:00','0000-00-00 00:00:00'),(105,9,'0000-00-00 00:00:00','0000-00-00 00:00:00'),(105,10,'0000-00-00 00:00:00','0000-00-00 00:00:00'),(105,12,'0000-00-00 00:00:00','0000-00-00 00:00:00'),(105,13,'0000-00-00 00:00:00','0000-00-00 00:00:00'),(105,18,'0000-00-00 00:00:00','0000-00-00 00:00:00'),(105,25,'0000-00-00 00:00:00','0000-00-00 00:00:00'),(105,26,'0000-00-00 00:00:00','0000-00-00 00:00:00'),(105,28,'0000-00-00 00:00:00','0000-00-00 00:00:00'),(105,29,'0000-00-00 00:00:00','0000-00-00 00:00:00'),(105,30,'0000-00-00 00:00:00','0000-00-00 00:00:00'),(105,33,'0000-00-00 00:00:00','0000-00-00 00:00:00'),(106,1,'0000-00-00 00:00:00','0000-00-00 00:00:00'),(106,4,'0000-00-00 00:00:00','0000-00-00 00:00:00'),(106,6,'0000-00-00 00:00:00','0000-00-00 00:00:00'),(106,7,'0000-00-00 00:00:00','0000-00-00 00:00:00'),(106,9,'0000-00-00 00:00:00','0000-00-00 00:00:00'),(106,10,'0000-00-00 00:00:00','0000-00-00 00:00:00'),(106,12,'0000-00-00 00:00:00','0000-00-00 00:00:00'),(106,13,'0000-00-00 00:00:00','0000-00-00 00:00:00'),(106,14,'0000-00-00 00:00:00','0000-00-00 00:00:00'),(106,15,'0000-00-00 00:00:00','0000-00-00 00:00:00'),(106,18,'0000-00-00 00:00:00','0000-00-00 00:00:00'),(106,19,'0000-00-00 00:00:00','0000-00-00 00:00:00'),(106,21,'0000-00-00 00:00:00','0000-00-00 00:00:00'),(106,27,'0000-00-00 00:00:00','0000-00-00 00:00:00'),(106,39,'0000-00-00 00:00:00','0000-00-00 00:00:00'),(106,40,'0000-00-00 00:00:00','0000-00-00 00:00:00'),(106,41,'0000-00-00 00:00:00','0000-00-00 00:00:00'),(107,2,'0000-00-00 00:00:00','0000-00-00 00:00:00'),(107,7,'0000-00-00 00:00:00','0000-00-00 00:00:00'),(107,10,'0000-00-00 00:00:00','0000-00-00 00:00:00'),(107,11,'0000-00-00 00:00:00','0000-00-00 00:00:00'),(107,15,'0000-00-00 00:00:00','0000-00-00 00:00:00'),(107,19,'0000-00-00 00:00:00','0000-00-00 00:00:00'),(107,26,'0000-00-00 00:00:00','0000-00-00 00:00:00'),(107,31,'0000-00-00 00:00:00','0000-00-00 00:00:00'),(107,36,'0000-00-00 00:00:00','0000-00-00 00:00:00'),(108,9,'0000-00-00 00:00:00','0000-00-00 00:00:00'),(108,11,'0000-00-00 00:00:00','0000-00-00 00:00:00'),(108,27,'0000-00-00 00:00:00','0000-00-00 00:00:00'),(108,28,'0000-00-00 00:00:00','0000-00-00 00:00:00'),(108,30,'0000-00-00 00:00:00','0000-00-00 00:00:00'),(108,41,'0000-00-00 00:00:00','0000-00-00 00:00:00'),(140,30,'0000-00-00 00:00:00','0000-00-00 00:00:00'),(154,42,'0000-00-00 00:00:00','0000-00-00 00:00:00'),(154,43,'0000-00-00 00:00:00','0000-00-00 00:00:00'),(154,44,'0000-00-00 00:00:00','0000-00-00 00:00:00'),(154,45,'0000-00-00 00:00:00','0000-00-00 00:00:00'),(154,46,'0000-00-00 00:00:00','0000-00-00 00:00:00'),(154,47,'0000-00-00 00:00:00','0000-00-00 00:00:00'),(154,48,'0000-00-00 00:00:00','0000-00-00 00:00:00'),(154,49,'0000-00-00 00:00:00','0000-00-00 00:00:00'),(154,50,'0000-00-00 00:00:00','0000-00-00 00:00:00'),(154,51,'0000-00-00 00:00:00','0000-00-00 00:00:00'),(169,3,'0000-00-00 00:00:00','0000-00-00 00:00:00'),(172,37,'0000-00-00 00:00:00','0000-00-00 00:00:00'),(172,38,'0000-00-00 00:00:00','0000-00-00 00:00:00'),(172,39,'0000-00-00 00:00:00','0000-00-00 00:00:00'),(172,40,'0000-00-00 00:00:00','0000-00-00 00:00:00'),(172,41,'0000-00-00 00:00:00','0000-00-00 00:00:00'),(25,4,'0000-00-00 00:00:00','0000-00-00 00:00:00'),(25,7,'0000-00-00 00:00:00','0000-00-00 00:00:00'),(25,9,'0000-00-00 00:00:00','0000-00-00 00:00:00'),(25,10,'0000-00-00 00:00:00','0000-00-00 00:00:00'),(25,13,'0000-00-00 00:00:00','0000-00-00 00:00:00'),(25,18,'0000-00-00 00:00:00','0000-00-00 00:00:00'),(25,19,'0000-00-00 00:00:00','0000-00-00 00:00:00'),(25,20,'0000-00-00 00:00:00','0000-00-00 00:00:00'),(25,23,'0000-00-00 00:00:00','0000-00-00 00:00:00'),(25,27,'0000-00-00 00:00:00','0000-00-00 00:00:00'),(25,28,'0000-00-00 00:00:00','0000-00-00 00:00:00'),(25,31,'0000-00-00 00:00:00','0000-00-00 00:00:00'),(25,32,'0000-00-00 00:00:00','0000-00-00 00:00:00'),(25,36,'0000-00-00 00:00:00','0000-00-00 00:00:00'),(196,10,'0000-00-00 00:00:00','0000-00-00 00:00:00'),(196,30,'0000-00-00 00:00:00','0000-00-00 00:00:00'),(218,2,'0000-00-00 00:00:00','0000-00-00 00:00:00'),(246,30,'0000-00-00 00:00:00','0000-00-00 00:00:00'),(250,1,'0000-00-00 00:00:00','0000-00-00 00:00:00'),(250,6,'0000-00-00 00:00:00','0000-00-00 00:00:00'),(235,30,'0000-00-00 00:00:00','0000-00-00 00:00:00'),(227,2,'0000-00-00 00:00:00','0000-00-00 00:00:00'),(227,10,'0000-00-00 00:00:00','0000-00-00 00:00:00'),(157,2,'0000-00-00 00:00:00','0000-00-00 00:00:00'),(157,4,'0000-00-00 00:00:00','0000-00-00 00:00:00'),(157,18,'0000-00-00 00:00:00','0000-00-00 00:00:00'),(267,1,'0000-00-00 00:00:00','0000-00-00 00:00:00'),(270,37,'0000-00-00 00:00:00','0000-00-00 00:00:00'),(270,38,'0000-00-00 00:00:00','0000-00-00 00:00:00'),(270,39,'0000-00-00 00:00:00','0000-00-00 00:00:00'),(270,40,'0000-00-00 00:00:00','0000-00-00 00:00:00'),(270,41,'0000-00-00 00:00:00','0000-00-00 00:00:00'),(148,2,'0000-00-00 00:00:00','0000-00-00 00:00:00'),(254,6,'0000-00-00 00:00:00','0000-00-00 00:00:00'),(271,10,'0000-00-00 00:00:00','0000-00-00 00:00:00'),(271,28,'0000-00-00 00:00:00','0000-00-00 00:00:00'),(265,10,'0000-00-00 00:00:00','0000-00-00 00:00:00'),(265,18,'0000-00-00 00:00:00','0000-00-00 00:00:00'),(265,39,'0000-00-00 00:00:00','0000-00-00 00:00:00'),(265,40,'0000-00-00 00:00:00','0000-00-00 00:00:00'),(265,42,'0000-00-00 00:00:00','0000-00-00 00:00:00'),(265,43,'0000-00-00 00:00:00','0000-00-00 00:00:00'),(265,44,'0000-00-00 00:00:00','0000-00-00 00:00:00'),(265,45,'0000-00-00 00:00:00','0000-00-00 00:00:00'),(265,46,'0000-00-00 00:00:00','0000-00-00 00:00:00'),(265,47,'0000-00-00 00:00:00','0000-00-00 00:00:00'),(265,48,'0000-00-00 00:00:00','0000-00-00 00:00:00'),(265,49,'0000-00-00 00:00:00','0000-00-00 00:00:00'),(265,50,'0000-00-00 00:00:00','0000-00-00 00:00:00'),(223,2,'0000-00-00 00:00:00','0000-00-00 00:00:00'),(223,23,'0000-00-00 00:00:00','0000-00-00 00:00:00'),(223,30,'0000-00-00 00:00:00','0000-00-00 00:00:00'),(276,2,'0000-00-00 00:00:00','0000-00-00 00:00:00'),(259,1,'0000-00-00 00:00:00','0000-00-00 00:00:00'),(259,6,'0000-00-00 00:00:00','0000-00-00 00:00:00'),(259,12,'0000-00-00 00:00:00','0000-00-00 00:00:00'),(259,39,'0000-00-00 00:00:00','0000-00-00 00:00:00'),(259,40,'0000-00-00 00:00:00','0000-00-00 00:00:00'),(281,1,'0000-00-00 00:00:00','0000-00-00 00:00:00'),(281,2,'0000-00-00 00:00:00','0000-00-00 00:00:00'),(281,4,'0000-00-00 00:00:00','0000-00-00 00:00:00'),(281,7,'0000-00-00 00:00:00','0000-00-00 00:00:00'),(281,10,'0000-00-00 00:00:00','0000-00-00 00:00:00'),(281,11,'0000-00-00 00:00:00','0000-00-00 00:00:00'),(281,13,'0000-00-00 00:00:00','0000-00-00 00:00:00'),(281,16,'0000-00-00 00:00:00','0000-00-00 00:00:00'),(281,20,'0000-00-00 00:00:00','0000-00-00 00:00:00'),(281,25,'0000-00-00 00:00:00','0000-00-00 00:00:00'),(281,26,'0000-00-00 00:00:00','0000-00-00 00:00:00'),(281,28,'0000-00-00 00:00:00','0000-00-00 00:00:00'),(281,30,'0000-00-00 00:00:00','0000-00-00 00:00:00'),(281,33,'0000-00-00 00:00:00','0000-00-00 00:00:00'),(18,23,'0000-00-00 00:00:00','0000-00-00 00:00:00'),(18,24,'0000-00-00 00:00:00','0000-00-00 00:00:00'),(18,42,'0000-00-00 00:00:00','0000-00-00 00:00:00'),(18,43,'0000-00-00 00:00:00','0000-00-00 00:00:00'),(18,45,'0000-00-00 00:00:00','0000-00-00 00:00:00'),(18,47,'0000-00-00 00:00:00','0000-00-00 00:00:00'),(18,51,'0000-00-00 00:00:00','0000-00-00 00:00:00'),(214,5,'0000-00-00 00:00:00','0000-00-00 00:00:00'),(214,39,'0000-00-00 00:00:00','0000-00-00 00:00:00'),(214,44,'0000-00-00 00:00:00','0000-00-00 00:00:00'),(278,1,'0000-00-00 00:00:00','0000-00-00 00:00:00'),(278,10,'0000-00-00 00:00:00','0000-00-00 00:00:00'),(278,27,'0000-00-00 00:00:00','0000-00-00 00:00:00'),(278,28,'0000-00-00 00:00:00','0000-00-00 00:00:00'),(286,37,'0000-00-00 00:00:00','0000-00-00 00:00:00'),(286,41,'0000-00-00 00:00:00','0000-00-00 00:00:00'),(269,6,'0000-00-00 00:00:00','0000-00-00 00:00:00'),(269,10,'0000-00-00 00:00:00','0000-00-00 00:00:00'),(269,28,'0000-00-00 00:00:00','0000-00-00 00:00:00'),(293,7,'0000-00-00 00:00:00','0000-00-00 00:00:00'),(293,9,'0000-00-00 00:00:00','0000-00-00 00:00:00'),(293,12,'0000-00-00 00:00:00','0000-00-00 00:00:00'),(293,30,'0000-00-00 00:00:00','0000-00-00 00:00:00'),(250,5,'0000-00-00 00:00:00','0000-00-00 00:00:00'),(306,26,'0000-00-00 00:00:00','0000-00-00 00:00:00'),(306,39,'0000-00-00 00:00:00','0000-00-00 00:00:00'),(306,40,'0000-00-00 00:00:00','0000-00-00 00:00:00'),(313,1,'0000-00-00 00:00:00','0000-00-00 00:00:00'),(313,10,'0000-00-00 00:00:00','0000-00-00 00:00:00'),(313,28,'0000-00-00 00:00:00','0000-00-00 00:00:00'),(308,2,'0000-00-00 00:00:00','0000-00-00 00:00:00'),(308,7,'0000-00-00 00:00:00','0000-00-00 00:00:00'),(308,13,'0000-00-00 00:00:00','0000-00-00 00:00:00'),(308,25,'0000-00-00 00:00:00','0000-00-00 00:00:00'),(308,28,'0000-00-00 00:00:00','0000-00-00 00:00:00'),(308,31,'0000-00-00 00:00:00','0000-00-00 00:00:00'),(308,32,'0000-00-00 00:00:00','0000-00-00 00:00:00'),(308,39,'0000-00-00 00:00:00','0000-00-00 00:00:00'),(308,40,'0000-00-00 00:00:00','0000-00-00 00:00:00'),(321,1,'0000-00-00 00:00:00','0000-00-00 00:00:00'),(321,5,'0000-00-00 00:00:00','0000-00-00 00:00:00'),(321,10,'0000-00-00 00:00:00','0000-00-00 00:00:00'),(321,12,'0000-00-00 00:00:00','0000-00-00 00:00:00'),(321,28,'0000-00-00 00:00:00','0000-00-00 00:00:00'),(321,36,'0000-00-00 00:00:00','0000-00-00 00:00:00'),(309,4,'0000-00-00 00:00:00','0000-00-00 00:00:00'),(309,33,'0000-00-00 00:00:00','0000-00-00 00:00:00'),(332,37,'0000-00-00 00:00:00','0000-00-00 00:00:00'),(332,41,'0000-00-00 00:00:00','0000-00-00 00:00:00'),(25,39,'0000-00-00 00:00:00','0000-00-00 00:00:00'),(331,1,'0000-00-00 00:00:00','0000-00-00 00:00:00'),(341,38,'0000-00-00 00:00:00','0000-00-00 00:00:00'),(341,39,'0000-00-00 00:00:00','0000-00-00 00:00:00'),(341,40,'0000-00-00 00:00:00','0000-00-00 00:00:00'),(367,1,'0000-00-00 00:00:00','0000-00-00 00:00:00'),(367,2,'0000-00-00 00:00:00','0000-00-00 00:00:00'),(367,3,'0000-00-00 00:00:00','0000-00-00 00:00:00'),(367,4,'0000-00-00 00:00:00','0000-00-00 00:00:00'),(367,5,'0000-00-00 00:00:00','0000-00-00 00:00:00'),(367,6,'0000-00-00 00:00:00','0000-00-00 00:00:00'),(367,7,'0000-00-00 00:00:00','0000-00-00 00:00:00'),(367,9,'0000-00-00 00:00:00','0000-00-00 00:00:00'),(367,10,'0000-00-00 00:00:00','0000-00-00 00:00:00'),(367,11,'0000-00-00 00:00:00','0000-00-00 00:00:00'),(367,12,'0000-00-00 00:00:00','0000-00-00 00:00:00'),(367,13,'0000-00-00 00:00:00','0000-00-00 00:00:00'),(367,15,'0000-00-00 00:00:00','0000-00-00 00:00:00'),(367,16,'0000-00-00 00:00:00','0000-00-00 00:00:00'),(367,17,'0000-00-00 00:00:00','0000-00-00 00:00:00'),(367,18,'0000-00-00 00:00:00','0000-00-00 00:00:00'),(367,20,'0000-00-00 00:00:00','0000-00-00 00:00:00'),(367,25,'0000-00-00 00:00:00','0000-00-00 00:00:00'),(367,26,'0000-00-00 00:00:00','0000-00-00 00:00:00'),(367,27,'0000-00-00 00:00:00','0000-00-00 00:00:00'),(367,28,'0000-00-00 00:00:00','0000-00-00 00:00:00'),(367,30,'0000-00-00 00:00:00','0000-00-00 00:00:00'),(367,31,'0000-00-00 00:00:00','0000-00-00 00:00:00'),(367,38,'0000-00-00 00:00:00','0000-00-00 00:00:00'),(367,41,'0000-00-00 00:00:00','0000-00-00 00:00:00'),(367,45,'0000-00-00 00:00:00','0000-00-00 00:00:00'),(367,46,'0000-00-00 00:00:00','0000-00-00 00:00:00'),(367,47,'0000-00-00 00:00:00','0000-00-00 00:00:00'),(370,34,'0000-00-00 00:00:00','0000-00-00 00:00:00'),(370,38,'0000-00-00 00:00:00','0000-00-00 00:00:00'),(374,2,'0000-00-00 00:00:00','0000-00-00 00:00:00'),(374,4,'0000-00-00 00:00:00','0000-00-00 00:00:00'),(374,7,'0000-00-00 00:00:00','0000-00-00 00:00:00'),(374,11,'0000-00-00 00:00:00','0000-00-00 00:00:00'),(374,13,'0000-00-00 00:00:00','0000-00-00 00:00:00'),(374,18,'0000-00-00 00:00:00','0000-00-00 00:00:00'),(374,26,'0000-00-00 00:00:00','0000-00-00 00:00:00'),(374,29,'0000-00-00 00:00:00','0000-00-00 00:00:00'),(374,31,'0000-00-00 00:00:00','0000-00-00 00:00:00'),(374,36,'0000-00-00 00:00:00','0000-00-00 00:00:00'),(374,38,'0000-00-00 00:00:00','0000-00-00 00:00:00'),(298,6,'0000-00-00 00:00:00','0000-00-00 00:00:00'),(298,7,'0000-00-00 00:00:00','0000-00-00 00:00:00'),(298,10,'0000-00-00 00:00:00','0000-00-00 00:00:00'),(298,12,'0000-00-00 00:00:00','0000-00-00 00:00:00'),(298,28,'0000-00-00 00:00:00','0000-00-00 00:00:00'),(375,2,'0000-00-00 00:00:00','0000-00-00 00:00:00'),(375,7,'0000-00-00 00:00:00','0000-00-00 00:00:00'),(375,10,'0000-00-00 00:00:00','0000-00-00 00:00:00'),(375,11,'0000-00-00 00:00:00','0000-00-00 00:00:00'),(375,18,'0000-00-00 00:00:00','0000-00-00 00:00:00'),(375,26,'0000-00-00 00:00:00','0000-00-00 00:00:00'),(388,2,'0000-00-00 00:00:00','0000-00-00 00:00:00'),(388,4,'0000-00-00 00:00:00','0000-00-00 00:00:00'),(388,15,'0000-00-00 00:00:00','0000-00-00 00:00:00'),(388,18,'0000-00-00 00:00:00','0000-00-00 00:00:00'),(388,25,'0000-00-00 00:00:00','0000-00-00 00:00:00'),(388,33,'0000-00-00 00:00:00','0000-00-00 00:00:00'),(388,39,'0000-00-00 00:00:00','0000-00-00 00:00:00'),(388,40,'0000-00-00 00:00:00','0000-00-00 00:00:00'),(388,41,'0000-00-00 00:00:00','0000-00-00 00:00:00'),(395,1,'0000-00-00 00:00:00','0000-00-00 00:00:00'),(395,6,'0000-00-00 00:00:00','0000-00-00 00:00:00'),(395,7,'0000-00-00 00:00:00','0000-00-00 00:00:00'),(395,9,'0000-00-00 00:00:00','0000-00-00 00:00:00'),(395,10,'0000-00-00 00:00:00','0000-00-00 00:00:00'),(395,12,'0000-00-00 00:00:00','0000-00-00 00:00:00'),(395,15,'0000-00-00 00:00:00','0000-00-00 00:00:00'),(395,18,'0000-00-00 00:00:00','0000-00-00 00:00:00'),(395,20,'0000-00-00 00:00:00','0000-00-00 00:00:00'),(395,25,'0000-00-00 00:00:00','0000-00-00 00:00:00'),(395,27,'0000-00-00 00:00:00','0000-00-00 00:00:00'),(395,28,'0000-00-00 00:00:00','0000-00-00 00:00:00'),(395,31,'0000-00-00 00:00:00','0000-00-00 00:00:00'),(395,36,'0000-00-00 00:00:00','0000-00-00 00:00:00'),(395,43,'0000-00-00 00:00:00','0000-00-00 00:00:00'),(395,44,'0000-00-00 00:00:00','0000-00-00 00:00:00'),(395,46,'0000-00-00 00:00:00','0000-00-00 00:00:00'),(395,47,'0000-00-00 00:00:00','0000-00-00 00:00:00'),(343,10,'0000-00-00 00:00:00','0000-00-00 00:00:00'),(343,11,'0000-00-00 00:00:00','0000-00-00 00:00:00'),(343,18,'0000-00-00 00:00:00','0000-00-00 00:00:00'),(343,26,'0000-00-00 00:00:00','0000-00-00 00:00:00'),(343,28,'0000-00-00 00:00:00','0000-00-00 00:00:00'),(392,6,'0000-00-00 00:00:00','0000-00-00 00:00:00'),(392,12,'0000-00-00 00:00:00','0000-00-00 00:00:00'),(275,1,'0000-00-00 00:00:00','0000-00-00 00:00:00'),(275,10,'0000-00-00 00:00:00','0000-00-00 00:00:00'),(275,28,'0000-00-00 00:00:00','0000-00-00 00:00:00'),(404,12,'0000-00-00 00:00:00','0000-00-00 00:00:00'),(404,26,'0000-00-00 00:00:00','0000-00-00 00:00:00'),(410,37,'0000-00-00 00:00:00','0000-00-00 00:00:00'),(410,41,'0000-00-00 00:00:00','0000-00-00 00:00:00'),(387,39,'0000-00-00 00:00:00','0000-00-00 00:00:00'),(387,40,'0000-00-00 00:00:00','0000-00-00 00:00:00'),(416,39,'0000-00-00 00:00:00','0000-00-00 00:00:00'),(416,40,'0000-00-00 00:00:00','0000-00-00 00:00:00'),(224,1,'0000-00-00 00:00:00','0000-00-00 00:00:00'),(224,10,'0000-00-00 00:00:00','0000-00-00 00:00:00'),(362,30,'0000-00-00 00:00:00','0000-00-00 00:00:00'),(320,1,'0000-00-00 00:00:00','0000-00-00 00:00:00'),(232,44,'0000-00-00 00:00:00','0000-00-00 00:00:00'),(310,1,'0000-00-00 00:00:00','0000-00-00 00:00:00'),(310,10,'0000-00-00 00:00:00','0000-00-00 00:00:00'),(310,28,'0000-00-00 00:00:00','0000-00-00 00:00:00'),(310,44,'0000-00-00 00:00:00','0000-00-00 00:00:00'),(432,39,'0000-00-00 00:00:00','0000-00-00 00:00:00'),(432,40,'0000-00-00 00:00:00','0000-00-00 00:00:00'),(344,41,'0000-00-00 00:00:00','0000-00-00 00:00:00'),(344,48,'0000-00-00 00:00:00','0000-00-00 00:00:00'),(344,49,'0000-00-00 00:00:00','0000-00-00 00:00:00'),(344,50,'0000-00-00 00:00:00','0000-00-00 00:00:00'),(344,57,'0000-00-00 00:00:00','0000-00-00 00:00:00'),(34,29,'0000-00-00 00:00:00','0000-00-00 00:00:00'),(34,57,'0000-00-00 00:00:00','0000-00-00 00:00:00'),(70,57,'0000-00-00 00:00:00','0000-00-00 00:00:00'),(417,32,'0000-00-00 00:00:00','0000-00-00 00:00:00'),(251,32,'0000-00-00 00:00:00','0000-00-00 00:00:00'),(366,7,'0000-00-00 00:00:00','0000-00-00 00:00:00'),(366,25,'0000-00-00 00:00:00','0000-00-00 00:00:00'),(366,26,'0000-00-00 00:00:00','0000-00-00 00:00:00'),(366,31,'0000-00-00 00:00:00','0000-00-00 00:00:00'),(366,32,'0000-00-00 00:00:00','0000-00-00 00:00:00'),(366,33,'0000-00-00 00:00:00','0000-00-00 00:00:00'),(366,36,'0000-00-00 00:00:00','0000-00-00 00:00:00'),(368,7,'0000-00-00 00:00:00','0000-00-00 00:00:00'),(368,18,'0000-00-00 00:00:00','0000-00-00 00:00:00'),(368,42,'0000-00-00 00:00:00','0000-00-00 00:00:00'),(368,43,'0000-00-00 00:00:00','0000-00-00 00:00:00'),(368,44,'0000-00-00 00:00:00','0000-00-00 00:00:00'),(368,45,'0000-00-00 00:00:00','0000-00-00 00:00:00'),(368,46,'0000-00-00 00:00:00','0000-00-00 00:00:00'),(368,47,'0000-00-00 00:00:00','0000-00-00 00:00:00'),(368,48,'0000-00-00 00:00:00','0000-00-00 00:00:00'),(368,49,'0000-00-00 00:00:00','0000-00-00 00:00:00'),(368,50,'0000-00-00 00:00:00','0000-00-00 00:00:00'),(368,51,'0000-00-00 00:00:00','0000-00-00 00:00:00'),(406,1,'0000-00-00 00:00:00','0000-00-00 00:00:00'),(435,4,'0000-00-00 00:00:00','0000-00-00 00:00:00'),(435,13,'0000-00-00 00:00:00','0000-00-00 00:00:00'),(435,23,'0000-00-00 00:00:00','0000-00-00 00:00:00'),(435,24,'0000-00-00 00:00:00','0000-00-00 00:00:00'),(435,31,'0000-00-00 00:00:00','0000-00-00 00:00:00'),(435,32,'0000-00-00 00:00:00','0000-00-00 00:00:00'),(435,33,'0000-00-00 00:00:00','0000-00-00 00:00:00'),(435,36,'0000-00-00 00:00:00','0000-00-00 00:00:00'),(435,42,'0000-00-00 00:00:00','0000-00-00 00:00:00'),(435,43,'0000-00-00 00:00:00','0000-00-00 00:00:00'),(435,44,'0000-00-00 00:00:00','0000-00-00 00:00:00'),(435,45,'0000-00-00 00:00:00','0000-00-00 00:00:00'),(435,46,'0000-00-00 00:00:00','0000-00-00 00:00:00'),(435,47,'0000-00-00 00:00:00','0000-00-00 00:00:00'),(435,48,'0000-00-00 00:00:00','0000-00-00 00:00:00'),(435,49,'0000-00-00 00:00:00','0000-00-00 00:00:00'),(435,50,'0000-00-00 00:00:00','0000-00-00 00:00:00'),(435,51,'0000-00-00 00:00:00','0000-00-00 00:00:00'),(438,1,'0000-00-00 00:00:00','0000-00-00 00:00:00'),(438,5,'0000-00-00 00:00:00','0000-00-00 00:00:00'),(438,10,'0000-00-00 00:00:00','0000-00-00 00:00:00'),(438,28,'0000-00-00 00:00:00','0000-00-00 00:00:00'),(327,41,'0000-00-00 00:00:00','0000-00-00 00:00:00'),(405,10,'0000-00-00 00:00:00','0000-00-00 00:00:00'),(405,39,'0000-00-00 00:00:00','0000-00-00 00:00:00'),(405,40,'0000-00-00 00:00:00','0000-00-00 00:00:00'),(334,5,'0000-00-00 00:00:00','0000-00-00 00:00:00'),(334,10,'0000-00-00 00:00:00','0000-00-00 00:00:00'),(384,1,'0000-00-00 00:00:00','0000-00-00 00:00:00'),(384,30,'0000-00-00 00:00:00','0000-00-00 00:00:00'),(449,17,'0000-00-00 00:00:00','0000-00-00 00:00:00'),(441,1,'0000-00-00 00:00:00','0000-00-00 00:00:00'),(441,10,'0000-00-00 00:00:00','0000-00-00 00:00:00'),(441,30,'0000-00-00 00:00:00','0000-00-00 00:00:00'),(441,37,'0000-00-00 00:00:00','0000-00-00 00:00:00'),(446,10,'0000-00-00 00:00:00','0000-00-00 00:00:00'),(446,21,'0000-00-00 00:00:00','0000-00-00 00:00:00'),(446,23,'0000-00-00 00:00:00','0000-00-00 00:00:00'),(446,29,'0000-00-00 00:00:00','0000-00-00 00:00:00'),(446,30,'0000-00-00 00:00:00','0000-00-00 00:00:00'),(225,2,'0000-00-00 00:00:00','0000-00-00 00:00:00'),(225,11,'0000-00-00 00:00:00','0000-00-00 00:00:00'),(225,17,'0000-00-00 00:00:00','0000-00-00 00:00:00'),(437,37,'0000-00-00 00:00:00','0000-00-00 00:00:00'),(437,42,'0000-00-00 00:00:00','0000-00-00 00:00:00'),(437,43,'0000-00-00 00:00:00','0000-00-00 00:00:00'),(437,44,'0000-00-00 00:00:00','0000-00-00 00:00:00'),(437,45,'0000-00-00 00:00:00','0000-00-00 00:00:00'),(437,46,'0000-00-00 00:00:00','0000-00-00 00:00:00'),(19,30,'0000-00-00 00:00:00','0000-00-00 00:00:00'),(19,42,'0000-00-00 00:00:00','0000-00-00 00:00:00'),(19,43,'0000-00-00 00:00:00','0000-00-00 00:00:00'),(19,44,'0000-00-00 00:00:00','0000-00-00 00:00:00'),(19,45,'0000-00-00 00:00:00','0000-00-00 00:00:00'),(19,46,'0000-00-00 00:00:00','0000-00-00 00:00:00'),(19,47,'0000-00-00 00:00:00','0000-00-00 00:00:00'),(19,48,'0000-00-00 00:00:00','0000-00-00 00:00:00'),(19,49,'0000-00-00 00:00:00','0000-00-00 00:00:00'),(19,50,'0000-00-00 00:00:00','0000-00-00 00:00:00'),(19,51,'0000-00-00 00:00:00','0000-00-00 00:00:00'),(287,10,'0000-00-00 00:00:00','0000-00-00 00:00:00'),(287,30,'0000-00-00 00:00:00','0000-00-00 00:00:00'),(287,42,'0000-00-00 00:00:00','0000-00-00 00:00:00'),(287,43,'0000-00-00 00:00:00','0000-00-00 00:00:00'),(287,44,'0000-00-00 00:00:00','0000-00-00 00:00:00'),(287,45,'0000-00-00 00:00:00','0000-00-00 00:00:00'),(287,46,'0000-00-00 00:00:00','0000-00-00 00:00:00'),(287,47,'0000-00-00 00:00:00','0000-00-00 00:00:00'),(287,48,'0000-00-00 00:00:00','0000-00-00 00:00:00'),(287,49,'0000-00-00 00:00:00','0000-00-00 00:00:00'),(287,50,'0000-00-00 00:00:00','0000-00-00 00:00:00'),(287,51,'0000-00-00 00:00:00','0000-00-00 00:00:00'),(465,1,'0000-00-00 00:00:00','0000-00-00 00:00:00'),(465,3,'0000-00-00 00:00:00','0000-00-00 00:00:00'),(465,5,'0000-00-00 00:00:00','0000-00-00 00:00:00'),(465,7,'0000-00-00 00:00:00','0000-00-00 00:00:00'),(465,10,'0000-00-00 00:00:00','0000-00-00 00:00:00'),(465,25,'0000-00-00 00:00:00','0000-00-00 00:00:00'),(465,28,'0000-00-00 00:00:00','0000-00-00 00:00:00'),(465,30,'0000-00-00 00:00:00','0000-00-00 00:00:00'),(467,2,'0000-00-00 00:00:00','0000-00-00 00:00:00'),(467,7,'0000-00-00 00:00:00','0000-00-00 00:00:00'),(467,11,'0000-00-00 00:00:00','0000-00-00 00:00:00'),(467,13,'0000-00-00 00:00:00','0000-00-00 00:00:00'),(467,17,'0000-00-00 00:00:00','0000-00-00 00:00:00'),(467,18,'0000-00-00 00:00:00','0000-00-00 00:00:00'),(467,26,'0000-00-00 00:00:00','0000-00-00 00:00:00'),(451,13,'0000-00-00 00:00:00','0000-00-00 00:00:00'),(451,18,'0000-00-00 00:00:00','0000-00-00 00:00:00'),(451,25,'0000-00-00 00:00:00','0000-00-00 00:00:00'),(451,26,'0000-00-00 00:00:00','0000-00-00 00:00:00'),(451,31,'0000-00-00 00:00:00','0000-00-00 00:00:00'),(473,1,'0000-00-00 00:00:00','0000-00-00 00:00:00'),(473,10,'0000-00-00 00:00:00','0000-00-00 00:00:00'),(473,18,'0000-00-00 00:00:00','0000-00-00 00:00:00'),(473,37,'0000-00-00 00:00:00','0000-00-00 00:00:00'),(478,39,'0000-00-00 00:00:00','0000-00-00 00:00:00'),(478,40,'0000-00-00 00:00:00','0000-00-00 00:00:00'),(439,10,'0000-00-00 00:00:00','0000-00-00 00:00:00'),(481,20,'0000-00-00 00:00:00','0000-00-00 00:00:00'),(481,23,'0000-00-00 00:00:00','0000-00-00 00:00:00'),(481,24,'0000-00-00 00:00:00','0000-00-00 00:00:00'),(481,31,'0000-00-00 00:00:00','0000-00-00 00:00:00'),(481,32,'0000-00-00 00:00:00','0000-00-00 00:00:00'),(481,33,'0000-00-00 00:00:00','0000-00-00 00:00:00'),(481,34,'0000-00-00 00:00:00','0000-00-00 00:00:00'),(481,36,'0000-00-00 00:00:00','0000-00-00 00:00:00'),(481,42,'0000-00-00 00:00:00','0000-00-00 00:00:00'),(481,43,'0000-00-00 00:00:00','0000-00-00 00:00:00'),(481,44,'0000-00-00 00:00:00','0000-00-00 00:00:00'),(481,45,'0000-00-00 00:00:00','0000-00-00 00:00:00'),(481,46,'0000-00-00 00:00:00','0000-00-00 00:00:00'),(481,47,'0000-00-00 00:00:00','0000-00-00 00:00:00'),(481,48,'0000-00-00 00:00:00','0000-00-00 00:00:00'),(481,49,'0000-00-00 00:00:00','0000-00-00 00:00:00'),(481,50,'0000-00-00 00:00:00','0000-00-00 00:00:00'),(481,51,'0000-00-00 00:00:00','0000-00-00 00:00:00'),(482,37,'0000-00-00 00:00:00','0000-00-00 00:00:00'),(482,38,'0000-00-00 00:00:00','0000-00-00 00:00:00'),(436,28,'0000-00-00 00:00:00','0000-00-00 00:00:00');

/*Table structure for table `pedido` */

DROP TABLE IF EXISTS `pedido`;

CREATE TABLE `pedido` (
  `id` int(11) NOT NULL AUTO_INCREMENT,
  `estado` varchar(45) DEFAULT NULL,
  `envio` int(1) NOT NULL DEFAULT '0',
  `cliente_id` int(11) NOT NULL,
  `fecha_pedido` date DEFAULT NULL,
  `cobrado` int(1) NOT NULL DEFAULT '0',
  `precio_envio` double NOT NULL DEFAULT '0',
  `created_at` timestamp NOT NULL DEFAULT CURRENT_TIMESTAMP ON UPDATE CURRENT_TIMESTAMP,
  `deleted_at` timestamp NULL DEFAULT NULL,
  `updated_at` timestamp NOT NULL DEFAULT '0000-00-00 00:00:00',
  `cadete_id` int(11) DEFAULT NULL,
  `observaciones` varchar(45) DEFAULT NULL,
  `pedido_empresa_id` int(11) DEFAULT NULL,
  `total` decimal(10,0) NOT NULL DEFAULT '0',
  PRIMARY KEY (`id`),
  KEY `fk_pedido_cliente1_idx` (`cliente_id`),
  KEY `fk_pedido_cadete` (`cadete_id`),
  CONSTRAINT `fk_pedido_cadete` FOREIGN KEY (`cadete_id`) REFERENCES `cadete` (`id`),
  CONSTRAINT `fk_pedido_cliente1` FOREIGN KEY (`cliente_id`) REFERENCES `cliente` (`id`) ON DELETE NO ACTION ON UPDATE NO ACTION
) ENGINE=InnoDB AUTO_INCREMENT=729 DEFAULT CHARSET=latin1;

/*Data for the table `pedido` */

/*Table structure for table `pedido_empresa` */

DROP TABLE IF EXISTS `pedido_empresa`;

CREATE TABLE `pedido_empresa` (
  `id` int(11) NOT NULL AUTO_INCREMENT,
  `empresa_id` int(11) NOT NULL,
  `envio` int(1) NOT NULL DEFAULT '0',
  `fecha_pedido` date NOT NULL,
  `cobrado` int(1) NOT NULL DEFAULT '0',
  `created_at` timestamp NULL DEFAULT NULL,
  `deleted_at` timestamp NULL DEFAULT NULL,
  `updated_at` timestamp NULL DEFAULT NULL,
  `observaciones` text COLLATE utf8_spanish_ci,
  `total` decimal(10,0) NOT NULL DEFAULT '0',
  `cadete_id` int(11) DEFAULT NULL,
  `precio_envio` decimal(10,0) DEFAULT '0',
  PRIMARY KEY (`id`),
  KEY `FK_pedido_empresa` (`cadete_id`),
  KEY `FK_pedido_empresa_empresa` (`empresa_id`),
  CONSTRAINT `FK_pedido_empresa` FOREIGN KEY (`cadete_id`) REFERENCES `cadete` (`id`),
  CONSTRAINT `FK_pedido_empresa_empresa` FOREIGN KEY (`empresa_id`) REFERENCES `empresa` (`id`)
) ENGINE=InnoDB DEFAULT CHARSET=utf8 COLLATE=utf8_spanish_ci;

/*Data for the table `pedido_empresa` */

/*Table structure for table `tipo_alimento` */

DROP TABLE IF EXISTS `tipo_alimento`;

CREATE TABLE `tipo_alimento` (
  `id` int(11) NOT NULL AUTO_INCREMENT,
  `nombre` varchar(45) DEFAULT NULL,
  `descripcion` varchar(45) DEFAULT NULL,
  `created_at` timestamp NULL DEFAULT NULL,
  `updated_at` timestamp NULL DEFAULT NULL,
  `deleted_at` timestamp NULL DEFAULT NULL,
  PRIMARY KEY (`id`)
) ENGINE=InnoDB AUTO_INCREMENT=14 DEFAULT CHARSET=latin1;

/*Data for the table `tipo_alimento` */

insert  into `tipo_alimento`(`id`,`nombre`,`descripcion`,`created_at`,`updated_at`,`deleted_at`) values (3,'Carnes Rojas','Carnes rojas','2015-10-08 17:29:50','2016-02-12 21:49:46',NULL),(4,'Pescados','Pescados','2015-10-20 12:56:00','2016-02-12 21:49:34',NULL),(5,'Pastas','Pastas','2016-02-10 03:09:09','2016-02-10 03:09:09',NULL),(6,'Legumbres','Legumbres','2016-02-10 03:09:21','2016-02-12 21:49:23',NULL),(7,'Vegetales','Vegetales','2016-02-10 03:09:38','2016-02-10 03:09:38',NULL),(9,'Frutas','Frutas','2016-02-10 03:09:46','2016-02-10 03:09:46',NULL),(10,'Pollo','Pollo','2016-02-12 21:48:48','2016-02-12 21:48:48',NULL),(11,'Cerdo','Cerdo','2016-02-12 21:49:09','2016-02-12 21:49:09',NULL),(12,'lacteos / Fiambres','lacteos / Fiambres','2016-02-17 13:52:52','2016-02-17 13:52:52',NULL),(13,'Agridulce','Agridulce','2016-08-30 15:57:57','2016-08-30 15:57:57',NULL);

/*Table structure for table `tipo_gasto` */

DROP TABLE IF EXISTS `tipo_gasto`;

CREATE TABLE `tipo_gasto` (
  `id` int(11) NOT NULL AUTO_INCREMENT,
  `descripcion` varchar(45) NOT NULL,
  `created_at` timestamp NOT NULL DEFAULT CURRENT_TIMESTAMP ON UPDATE CURRENT_TIMESTAMP,
  `updated_at` timestamp NULL DEFAULT NULL,
  `deleted_at` timestamp NULL DEFAULT NULL,
  PRIMARY KEY (`id`),
  UNIQUE KEY `descripcion_UNIQUE` (`descripcion`)
) ENGINE=InnoDB AUTO_INCREMENT=3 DEFAULT CHARSET=latin1;

/*Data for the table `tipo_gasto` */

insert  into `tipo_gasto`(`id`,`descripcion`,`created_at`,`updated_at`,`deleted_at`) values (2,'Varios','2015-11-04 14:29:46','2015-11-04 14:29:46',NULL);

/*Table structure for table `tipo_vianda` */

DROP TABLE IF EXISTS `tipo_vianda`;

CREATE TABLE `tipo_vianda` (
  `id` int(11) NOT NULL AUTO_INCREMENT,
  `nombre` varchar(45) DEFAULT NULL,
  `descripcion` varchar(45) DEFAULT NULL,
  `precio` varchar(45) DEFAULT NULL,
  `created_at` datetime NOT NULL,
  `updated_at` datetime NOT NULL,
  PRIMARY KEY (`id`)
) ENGINE=InnoDB AUTO_INCREMENT=14 DEFAULT CHARSET=latin1;

/*Data for the table `tipo_vianda` */

insert  into `tipo_vianda`(`id`,`nombre`,`descripcion`,`precio`,`created_at`,`updated_at`) values (1,'Light','Light','65','2015-10-13 00:50:37','2016-02-13 12:07:21'),(2,'Saludable','Saludable','65','2015-10-13 00:51:35','2016-02-13 12:07:33'),(4,'Tradicional','Tradicional','65','2016-02-10 03:07:52','2016-02-13 12:07:07'),(5,'1 y 1/2 - Saludable','1,5 Saludable','110','2016-02-13 12:08:42','2016-07-20 00:18:47'),(6,'Media Tradicional','Media Tradicional','45','2016-02-27 14:27:05','2016-02-27 14:46:33'),(7,'Noche','Noche','45','2016-02-27 14:28:16','2016-02-27 14:28:16'),(8,'Noche completa','Noche ','65','2016-02-27 14:28:51','2016-02-27 14:28:51'),(9,'Vegetariana','Vegetariana','65','2016-02-27 14:45:56','2016-02-27 14:45:56'),(10,'Media Light','Media Light','45','2016-03-12 13:34:33','2016-03-12 13:34:59'),(11,'1 y 1/2 - Tradicional','1,5 Tradicional','110','2016-03-30 20:10:16','2016-09-05 20:11:34'),(12,'Media Saludable','Media Saludable','45','2016-08-01 20:35:39','2016-08-02 19:37:38'),(13,'2 1/2 - Tradicional','2,5 Tradicional','175','2016-09-05 20:11:18','2016-09-05 20:11:18');

/*Table structure for table `users` */

DROP TABLE IF EXISTS `users`;

CREATE TABLE `users` (
  `id` int(11) NOT NULL AUTO_INCREMENT,
  `name` varchar(45) DEFAULT NULL,
  `password` varchar(60) DEFAULT NULL,
  `email` varchar(45) DEFAULT NULL,
  `created_at` timestamp NULL DEFAULT NULL,
  `updated_at` timestamp NULL DEFAULT NULL,
  `remember_token` varchar(100) DEFAULT NULL,
  PRIMARY KEY (`id`)
) ENGINE=InnoDB AUTO_INCREMENT=2 DEFAULT CHARSET=latin1;

/*Data for the table `users` */

insert  into `users`(`id`,`name`,`password`,`email`,`created_at`,`updated_at`,`remember_token`) values (1,'admin','$2y$10$3A6W85T4Z1t74urPprjSuudeiikYYBPEbVMYyXcc6iAT3cU8disey',NULL,NULL,'2016-07-19 01:54:49','8vr03z31rNInblKrptQ3FWCxZdbhhPFm3GhLSmvfj4INXVVEVLP92LstRjDE');

/*!40101 SET SQL_MODE=@OLD_SQL_MODE */;
/*!40014 SET FOREIGN_KEY_CHECKS=@OLD_FOREIGN_KEY_CHECKS */;
/*!40014 SET UNIQUE_CHECKS=@OLD_UNIQUE_CHECKS */;
/*!40111 SET SQL_NOTES=@OLD_SQL_NOTES */;
